"ItemCode","Packing","BarCode","SPrice","Qty"
"12169","POUCH","8853301012881","390","1"
"21620","Pc","067990501436","1140","1"
"21621","TIN","8964002417513","340","1"
"16734","BOTTLE","0745604693004","50","1"
"17316","Pc","671866277952","50","1"
"12172","TIN","734439085207","460","1"
"14041","TIN","734439085016","310","1"
"1217","POUCH","769503785776","290","1"
"227","Pkt","8961008237961","1110","1"
"21622","Box","7622202319679","2300","24"
"21622","Pc","7622202319686","100","1"
"12389","Pc","08964000102817","20","1"
"21623","Pc","8964002345779","30","1"
"21624","Pc","8964002345786","50","1"
"17718","Pc","3610340672118","2900","1"
"633","BOTTLE","548931354866","540","1"
"639","250g","6393","500","0.25"
"7799","Pc","8961014264517","510","1"
"897","Pc","8961014264586","99","1"
"15859","POUCH","8961014265255","495","1"
"15858","POUCH","8961014265262","495","1"
"10998","POUCH","8961014265521","530","1"
"13242","Pc","8964004257254","320","1"
"13741","Pc","8964004257285","320","1"
"21625","SACHET","9200014820033","60","1"
"21626","BOTTLE","6299000099136","90","1"
"21627","BOTTLE","6299000054610","50","1"
"21629","Pc","8886467048241","1430","1"
"21630","Pkt","7702018018116","1780","1"
"21631","Pkt","7702018450916","2190","1"
"21632","Pkt","7702018450886","2940","1"
"21633","Pkt","7702018016686","2440","1"
"21634","Pkt","7702018070657","2980","1"
"21635","Pkt","047400313927","3260","1"
"19664","Pkt","8964003018658","220","1"
"19665","Pkt","8964003018634","220","1"
"19666","Pkt","4986206195114","45","1"
"19667","POUCH","8961102503504","70","1"
"1408","Box","8961003562792","295","1"
"4486","Pkt","8961008222707","2950","1"
"19668","Pkt","745178346047","230","1"
"19669","Pc","6609936432356","190","1"
"19670","Box","796554565040","4050","1"
"19671","Box","796554565033","2770","1"
"19672","Box","796554565026","1420","1"
"16586","Pump","8999999033156","1580","1"
"4115","JAR","8886467020155","1390","1"
"19673","Pc","3600521230404","2900","1"
"19674","Pc","3610340670671","970","1"
"19676","Pc","8991991161332","930","1"
"19675","Pc","4800318407739","930","1"
"19677","Box","196771","220","1"
"19678","Pkt","8961014032314","130","1"
"19679","Pump","8961014262674","1130","1"
"19680","Pkt","8445290638885","390","1"
"19680","Pkt","8445290639127","390","1"
"19680","Pkt","8445290638908","390","1"
"19680","Pkt","8445290640093","390","1"
"19681","Pkt","8960001981093","120","1"
"19682","JAR","6972102831247","880","1"
"19683","JAR","6972102831254","1490","1"
"19684","JAR","6988521322013","1490","1"
"19685","TIN","6533411473704","390","1"
"19686","BOTTLE","6533411507768","390","1"
"19687","BOTTLE","6533411508758","390","1"
"19688","JAR","8964003576141","710","1"
"19689","JAR","8964003576592","820","1"
"14842","Pc","8025337347552","1160","1"
"19695","Pc","8964000843123","130","1"
"19696","Pc","8964000843550","210","1"
"14273","Pc","80756620","580","1"
"14273","Pc","80756613","580","1"
"19697","JAR","4009900538411","990","1"
"19697","JAR","4009900538442","990","1"
"11620","Pc","890108802181","440","1"
"9766","Pc","42096276","1120","1"
"9766","Pc","42354765","1120","1"
"19698","Pc","7702018464852","720","1"
"19699","Pc","3094900059180","460","1"
"19700","Pc","8001841137698","1190","1"
"19701","Pc","8001090855640","1190","1"
"19702","Pc","6281006566835","1990","1"
"19703","TIN","8712045043486","4950","1"
"19704","Pc","6291007901108","320","1"
"19705","Pc","6291101523688","180","1"
"19706","Pc","788821019608","300","1"
"19707","Pc","788821019615","300","1"
"19708","Pc","788821019622","300","1"
"19709","Pc","788821017963","180","1"
"19710","Pc","788821019639","108","1"
"10197","Pc","7896423423822","270","1"
"19711","SACHET","8964000045398","70","1"
"8530","Pc","8990333166158","315","1"
"12401","Pc","8690632059150","290","1"
"12401","Box","8690632059174","3480","12"
"19712","Pc","8690632060392","290","1"
"19712","Box","8690632060446","3480","12"
"19713","Pc","8964000961162","160","1"
"8337","Pc","4000388563803","1250","1"
"8337","Pc","8710447340707","1250","1"
"4112","Pc","8999777008543","1070","1"
"19714","Pc","3605971512575","22000","1"
"19715","Pc","8328952956216","30","1"
"4711","Pkt","742761776946","170","1"
"9717","BOTTLE","8999999033170","450","1"
"19716","Pump","8999999584184","1140","1"
"19717","Pc","197171","180","1"
"19718","Pc","197181","190","1"
"19719","Pc","197191","45","1"
"19720","Pc","6914253436216","390","1"
"19722","Pc","8964000585931","40","1"
"16200","Pc","8964000585658","40","1"
"19613","Pc","047400241459","1430","1"
"19723","Pc","8901571005383","210","1"
"19724","Pc","197241","525","1"
"19726","Pc","197261","740","1"
"19725","Pc","197251","825","1"
"19727","Box","8965310053110","235","1"
"17245","Box","8965310053417","235","1"
"8111","Box","8965310087542","145","1"
"19728","Box","8965310052052","235","1"
"19729","Pc","6920354815157","490","1"
"3893","Pkt","8961008222691","1480","1"
"227","Pkt","8961008222578","1110","1"
"7682","SACHET","8961008221984","30","1"
"19730","SACHET","8961008222189","80","1"
"14243","Pc","8025337347385","1160","1"
"19731","Pc","197311","490","1"
"12505","Pc","8961014261714","145","1"
"19733","Pc","197331","325","1"
"19734","Pc","197341","280","1"
"19735","Pc","197351","440","1"
"19736","Pc","197361","640","1"
"19737","Pc","197371","575","1"
"19738","Pc","197381","725","1"
"9788","BOTTLE","5011417565056","1180","1"
"9788","BOTTLE","5011417558140","1180","1"
"18996","BOTTLE","8964002686438","350","1"
"3276","Pc","8961101234027","240","1"
"19754","Pc","8964002346318","30","1"
"19755","Pc","7702018520800","680","1"
"9695","Pc","363542158242","160","1"
"19756","Pc","3605972454539","18000","1"
"13902","Box","8964003590697","235","1"
"554","Pkt","8961103600851","980","1"
"18977","Box","8964003590826","235","1"
"19757","Box","8964003590642","350","12"
"19757","Pc","8964003590635","30","1"
"19758","Box","8964003590666","390","8"
"19758","Pc","8964003590659","50","1"
"3592","Box","8901058905830","5280","48"
"19759","POUCH","326547984161","710","1"
"19760","POUCH","326547984154","1285","1"
"19761","Pkt","8964002385430","110","1"
"19762","POUCH","5063305003775","770","1"
"10679","Can","8961100502882","2840","1"
"503","Pc","8720181114458","770","1"
"503","Pc","4600104042010","770","1"
"19763","BOTTLE","1860164053798","60","1"
"19764","BOTTLE","1860074053567","180","1"
"19765","BOTTLE","1860236002099","100","1"
"19766","BOTTLE","1860076001160","100","1"
"19767","BOTTLE","1860236002037","100","1"
"19768","BOTTLE","1860236002044","100","1"
"19769","BOTTLE","1860236002068","100","1"
"503","Pc","8886467065781","770","1"
"19771","Pc","5059001000415","895","1"
"19771","Pc","5059001000422","895","1"
"19772","Pump","8718951095182","1120","1"
"9205","Box","8964003590673","315","1"
"17035","Box","8964003590710","350","1"
"1689","Box","8964003590819","315","1"
"1066","Box","8964003590703","310","1"
"7676","Pc","8961008222561","450","1"
"7677","Pc","8961008222295","790","1"
"16329","Pc","8961008222301","1460","1"
"19795","Pkt","8961006020145","165","1"
"634","CTN","8964002619412","2600","5"
"10693","POUCH","2563874554409","190","1"
"19796","Pc","735816563417","1480","1"
"19797","Pc","735816836252","1480","1"
"19798","Pc","197981","430","1"
"19799","Pkt","197991","70","1"
"19509","Pc","8901138819712","440","1"
"19375","Pc","7509552847550","1330","1"
"16986","Pkt","8710908657559","740","1"
"19800","Box","8965310053219","235","1"
"19608","Pkt","8961008222745","650","1"
"19801","Pc","8961008220826","480","1"
"18680","SACHET","8961008220833","90","1"
"18009","SACHET","8961008222202","80","1"
"19803","Pc","8964002701148","130","1"
"1370","BUNDLE","8961014256161","430","1"
"2261","BUNDLE","8961014256178","430","1"
"257","Pc","8961014032901","75","1"
"10480","SACHET","8886950012438","10","1"
"19804","Pc","8886950093345","140","1"
"19805","Pc","8964002686377","580","1"
"19806","Box","8990057985677","1880","1"
"11769","Pc","776992970026","440","1"
"12690","Pc","7622201761707","1950","1"
"12689","Pc","7622201766481","1950","1"
"19807","Pc","7622201762223","1950","1"
"1097","Pc","42204244","560","1"
"19808","Pc","8941174010445","520","1"
"19809","Pc","8941174010438","780","1"
"333","Pc","8850007030744","490","1"
"19810","Pc","198101","85","1"
"18916","Box","8964003590765","230","1"
"19811","Pc","6281653838781","170","1"
"19812","SACHET","3578908001055","15","1"
"19813","SACHET","3678908001060","15","1"
"19814","SACHET","3578908001058","15","1"
"19815","SACHET","3578908001057","15","1"
"19816","SACHET","3578908001051","15","1"
"19817","SACHET","3578908001052","15","1"
"19818","SACHET","3578908001056","15","1"
"19049","POUCH","8961100023738","710","1"
"19819","Pc","8961100022090","100","1"
"19405","Pc","5038483957387","2190","1"
"19405","Pc","5038483224021","2190","1"
"19820","Pc","8590335008304","390","1"
"18577","Pc","43422650001","190","1"
"19821","Pc","8964001753230","230","1"
"19822","Pc","198221","440","1"
"19823","Pc","8999999597849","680","1"
"19824","Pc","198241","280","1"
"19825","Pc","198251","190","1"
"19826","Pc","8969217200813","345","1"
"19826","Pc","198262","345","1"
"19827","Pkt","198271","130","1"
"19828","POUCH","0695240210441","380","1"
"19828","POUCH","198282","380","1"
"19829","Pc","198291","345","1"
"19830","Pc","198301","345","1"
"6410","Box","8961103063823","295","1"
"19831","TIN","8961101373474","2620","1"
"19832","Pc","8964002346400","30","1"
"19833","Pc","8964002346417","40","1"
"19835","BOTTLE","8964002619658","300","1"
"19836","BOTTLE","8964002619665","160","1"
"19838","Pc","7622300498429","1270","1"
"19838","Pc","7622201120931","1270","1"
"19839","Pc","7622300743574","395","1"
"19839","Pc","96133262","395","1"
"19840","Box","8961003522253","315","1"
"18874","Box","8964003590789","235","1"
"128","Box","8964003590741","230","1"
"19841","pc","8964000844007","390","1"
"19842","POUCH","8964000843291","240","1"
"3249","Pc","8904006307427","1120","1"
"3249","Pc","8904006307397","1120","1"
"19843","Pc","752590051046","2780","1"
"19844","Pc","752590031048","2780","1"
"9774","Pkt","9245659668824","190","1"
"19845","Pc","198451","320","1"
"19846","Pc","198461","120","1"
"19847","Pkt","4426423272446","605","1"
"19848","Pkt","6291007901054","320","1"
"19849","Pkt","8901063136779","450","1"
"3718","Pc","8961101234058","485","1"
"19850","Pc","6028104400223","145","1"
"2284","Box","8964003590796","235","1"
"19851","JAR","8851123741040","840","1"
"19852","Pump","8851123342636","1440","1"
"19853","Pc","8851123349093","1380","1"
"19854","Pc","8851123710060","940","1"
"19855","Pc","8851123375634","790","1"
"19856","Box","198561","1725","1"
"19857","Box","198571","2140","1"
"19858","Box","198581","1285","1"
"19859","Box","198591","1495","1"
"5742","Pc","6291109270577","440","1"
"19892","Box","198922","1390","1"
"19893","Box","198932","1060","1"
"19894","Box","8096543528431","860","1"
"19894","Box","198942","860","1"
"19895","Box","8096867678959","780","1"
"19895","Box","198952","780","1"
"19896","Pc","198961","970","1"
"19897","Box","788821129024","145","1"
"19898","Pc","788821016157","180","1"
"19277","Box","8961103500052","315","1"
"19900","Box","8961103500502","310","1"
"19899","Pkt","8961103500342","250","1"
"7856","Pc","78562","370","1"
"19901","Pc","199011","295","1"
"19901","Pc","8991111101408","295","1"
"10823","Pc","0331078600251","560","1"
"19902","Pc","7702018308309","1120","1"
"19904","Pc","8961100095902","70","1"
"19905","Pc","8961100096565","340","1"
"19906","Pc","8961008222363","490","1"
"19907","POUCH","8961102505270","100","1"
"5606","Pc","56062","410","1"
"1645","BOTTLE","8901030425813","740","1"
"19908","Pc","8859362508509","490","1"
"19909","Pc","199091","480","1"
"19910","Pc","199101","480","1"
"19911","Pc","199111","60","1"
"19912","Bag","bag1","2950","1"
"19913","Bag","bag2","4150","1"
"19914","Bag","bag3","5800","1"
"9788","BOTTLE","5900627070279","1180","1"
"9788","BOTTLE","5011417570968","1180","1"
"19739","Pkt","8962222014314","310","1"
"19740","Pc","8962222014321","170","1"
"10230","Box","6971282341157","945","1"
"120","Box","8964003590727","235","1"
"19741","Pc","197411","90","1"
"19742","Pc","6916790269791","730","1"
"19743","Pc","6916790268602","530","1"
"6130","POUCH","8964000823132","400","1"
"19745","Pc","3046920013888","1150","1"
"19744","Pc","3046920010856","1150","1"
"19744","Pc","3046920020992","1150","1"
"19744","Pc","3046920027885","1150","1"
"19744","Pc","3046920017503","1150","1"
"19744","Pc","3046920027861","1150","1"
"19746","Pc","197461","90","1"
"19747","JAR","672201000051","1770","1"
"19748","Pkt","1256790111498","110","1"
"11716","Pkt","1156790100921","70","1"
"11716","Pkt","1156790100822","70","1"
"19749","Pkt","1256790300748","230","1"
"19749","Pkt","1256790300755","230","1"
"19749","Pkt","1256790300762","230","1"
"19749","Pkt","1256790300779","230","1"
"16173","Pc","1156790068610","230","1"
"19750","Pc","1256790112365","95","1"
"19752","Pc","1156790100136","80","1"
"19753","Pc","9945678902045","120","1"
"19753","Pc","9945678902069","120","1"
"7675","Box","8961008222165","2950","1"
"7673","Pc","8961008222141","740","1"
"9707","Pump","8888202064639","1390","1"
"19773","Pc","3574661287232","2900","1"
"19774","Pkt","069055824184","3130","1"
"19775","Pump","8851932398626","1295","1"
"19776","Pc","3574669907675","925","1"
"19777","Pc","6927262801425","80","1"
"19778","Pc","7622201783037","940","1"
"19779","POUCH","7622210714176","1190","1"
"19780","POUCH","7622210286918","1190","1"
"19781","POUCH","7622201438043","1190","1"
"19782","POUCH","7622210287021","1190","1"
"19783","SACHET","197831","190","1"
"19784","Box","8961003553370","295","1"
"8238","Pc","7622202050091","80","1"
"8238","Box","7622202050084","1860","24"
"122","Box","8964003590772","235","1"
"1279","POUCH","8961014262094","199","1"
"19785","Pc","197851","490","1"
"19786","Pc","6009508400361","485","1"
"19787","Pc","6970158356134","170","1"
"19705","Pc","6291101523626","180","1"
"15859","POUCH","8961014262193","495","1"
"15858","POUCH","8961014262209","495","1"
"19788","Pc","6934985798802","150","1"
"19789","Pc","8964002346424","60","1"
"19790","BOTTLE","788821125125","350","1"
"10940","ROLL","8964000053409","105","1"
"19791","Pkt","8964003018689","160","1"
"10396","Pkt","6970928031063","190","1"
"19792","Pc","796554817149","150","1"
"19793","BOTTLE","6442160231896","630","1"
"19794","Pc","8964000258675","290","1"
"19922","Pc","4426423270046","65","1"
"19924","POUCH","8993560027001","290","1"
"19925","POUCH","8993560027216","290","1"
"3493","Pc","8964002706921","95","1"
"1436","SACHET","8961014261738","10","1"
"19927","Pc","2247848832174","795","1"
"19928","Pc","2962839274190","795","1"
"19926","Pc","6165858300178","770","1"
"19929","Pc","8719200273863","800","1"
"19930","Pc","8964000506264","480","1"
"19931","Pc","8964000506288","480","1"
"5776","Pc","95502489","160","1"
"19932","BOTTLE","1860201136828","90","1"
"14524","Pkt","6987521233121","140","1"
"19933","JAR","5063305005625","1200","1"
"19934","TIN","705634582259","820","1"
"19935","TIN","8858768055464","340","1"
"1945","Pc","8886950073705","240","1"
"14076","JAR","140762","620","1"
"19936","Pc","8961006090018","320","1"
"257","Box","18961014032908","1800","24"
"19937","Pc","8964001195641","630","1"
"19938","Pc","9556006004234","670","1"
"9706","Pump","8992856896819","1630","1"
"19939","Pc","4801010524106","670","1"
"18455","Pc","123456789","530","1"
"19940","Pc","6291007905281","720","1"
"19941","Pkt","8964002625178","280","1"
"19942","Pc","199421","190","1"
"15122","Pc","7622201806873","940","1"
"19943","POUCH","8961102504525","145","1"
"13824","Pc","8682974044123","600","1"
"19860","Pc","8961101373450","80","1"
"19861","Pc","8961101373436","270","1"
"19862","Pc","2731531754015","530","1"
"19863","Pc","198631","530","1"
"19864","Pc","198641","270","1"
"19865","POUCH","7622210810915","1190","1"
"19866","Pump","8851123375658","1430","1"
"19867","Box","8961003574368","290","1"
"19868","CTN","8964000069332","2560","5"
"19868","POUCH","8964000069066","512","1"
"19869","SACHET","3610340669910","190","1"
"19870","POUCH","8961008222769","590","1"
"16872","TIN","2063208193125","590","1"
"19871","Pc","6053889441246","55","1"
"7512","BOTTLE","5449000004864","200","1"
"7511","BOTTLE","5449000000286","240","1"
"19872","TIN","9557366996665","320","1"
"19873","Pkt","198731","140","1"
"19874","Pkt","198741","395","1"
"19875","Pkt","198751","445","1"
"19876","Pkt","198761","270","1"
"19877","Pc","198771","320","1"
"19878","Pc","198781","160","1"
"19879","Box","198791","730","1"
"19880","Pc","198801","490","1"
"396","CTN","","1865","27"
"19881","Pc","8961014253146","630","1"
"19096","Box","8964003590734","235","1"
"18065","Pc","077043001783","1220","1"
"18065","Pc","077043002186","1220","1"
"18065","Pc","077043002216","1220","1"
"18065","Pc","077043002209","1220","1"
"236","POUCH","8961014262636","395","1"
"164","POUCH","8700216439039","570","1"
"471","Pc","8964002137855","110","1"
"19884","JAR","5063305005618","400","1"
"19885","Pkt","198851","140","1"
"5570","Pkt","6223007652605","440","1"
"1434","Pc","6281031091173","240","1"
"19886","Box","8961003562549","315","1"
"17047","Box","8964003590680","350","1"
"4484","Pkt","8961008222615","2350","1"
"2944","BOTTLE","8991111153049","690","1"
"2944","BOTTLE","8992725910332","690","1"
"11848","JAR","4061445257769","3350","1"
"11848","JAR","4061445272144","3350","1"
"19887","Pc","6294001824176","490","1"
"1117","Pc","8886950073699","240","1"
"19888","Pc","8964000695241","50","1"
"19889","Pc","198891","100","1"
"19890","Pc","5053990160037","890","1"
"11091","Pc","6954842275857","160","1"
"11091","Pc","6954842275635","160","1"
"19891","Pc","6972603724895","190","1"
"11641","Pc","6954842288611","140","1"
"666","TIN","8961100001491","250","1"
"13240","JAR","7622201716417","590","1"
"19892","Box","1052020922069","1390","1"
"19893","Box","8234904831251","1060","1"
"19915","Pc","899432000029","135","1"
"19916","Pc","8961014031607","215","1"
"19917","Pc","8964000639740","230","1"
"19917","Pc","199172","230","1"
"19918","Box","199181","980","1"
"19918","Box","8964000640876","980","1"
"14460","Pc","8719281111764","1280","1"
"19919","Pc","199191","450","1"
"19920","Pc","8961102503542","80","1"
"19921","Pc","4426423270077","65","1"
"19944","POUCH","8961103501134","50","1"
"19945","POUCH","8961102504518","145","1"
"19946","POUCH","8961102504495","145","1"
"713","Pc","8964003018887","430","1"
"19947","Pkt","8964001050537","130","1"
"15594","Pkt","8964003062590","340","1"
"2335","Pump","4005808319725","1820","1"
"19948","Pc","1507000224973","245","1"
"19949","Pc","1507000224980","245","1"
"19950","Pc","1507000224997","245","1"
"19951","Pkt","8964003102555","130","1"
"19952","Pkt","4901331004124","825","1"
"19953","Pc","792625892879","340","1"
"19033","JAR","190332","2750","1"
"19954","Pc","8964000074855","350","1"
"19955","BOTTLE","8964000843000","1190","1"
"19956","Pc","8964000695227","50","1"
"19957","Pc","8964000695234","50","1"
"19091","SACHET","8963007860683","70","1"
"19958","Pc","199581","50","1"
"8745","Box","769503781426","170","1"
"18873","Box","769503783857","235","1"
"17726","Pc","8964002642809","95","1"
"19959","TIN","6972765930059","380","1"
"1546","SACHET","2022061500044","30","1"
"19960","Pc","199601","210","1"
"1113","JAR","0633152014528","460","1"
"17003","Pc","8210987651474","210","1"
"4323","SACHET","2019050786017","80","1"
"19961","Pc","8410522001065","790","1"
"19962","Pc","199621","590","1"
"19963","Pc","199631","390","1"
"19964","Pc","199641","490","1"
"19965","Pc","199651","540","1"
"19966","Pc","199661","690","1"
"20209","TIN","6281034001018","320","1"
"13822","Pc","3073781175660","920","1"
"20210","Pc","077043002179","1480","1"
"14310","Pc","8801051126808","330","1"
"6625","JAR","8999777890551","880","1"
"14163","Pc","8961100283569","610","1"
"16661","Pc","077043003466","890","1"
"20211","Pc","","890","1"
"7375","Pc","4005900540928","990","1"
"7375","Pc","4005808230860","990","1"
"7375","Pc","4005808719136","990","1"
"20215","Pc","5000198202809","370","1"
"20214","Pc","5000198205756","370","1"
"20213","Pc","018653005365","370","1"
"20212","Pc","018653005327","370","1"
"20216","Pkt","202161","360","1"
"20217","Pkt","202171","460","1"
"20218","Pkt","202181","1440","1"
"9706","Pump","8992856898592","1630","1"
"19997","Pc","6945507878032","390","1"
"11641","Pc","6954842288628","140","1"
"19998","Pc","7451251222506","90","1"
"20219","POUCH","8964000064245","610","1"
"20220","POUCH","8964000064023","420","1"
"298","Pc","8961008222776","80","1"
"20097","Pc","671866117067","40","1"
"20221","JAR","4426423272521","1245","1"
"20222","JAR","4426423272484","1245","1"
"20223","BOTTLE","8964000843901","220","1"
"20224","BOTTLE","8964000022603","550","1"
"379","Pc","4567995365560","485","1"
"20225","Pc","6165858300055","970","1"
"20226","Pc","6533411438772","90","1"
"6688","POUCH","8961103500281","100","1"
"15978","POUCH","8961103500410","50","1"
"451","Pc","8961100041145","440","1"
"19160","Pc","9200475782437","250","1"
"19161","Pc","8964000257845","520","1"
"9744","Pc","4710032503634","690","1"
"2822","BOTTLE","3574669907064","670","1"
"19163","Pc","8901248295468","360","1"
"19164","BOTTLE","8428916064091","820","1"
"17050","SACHET","4558385270182","120","1"
"17050","SACHET","4558385270168","120","1"
"804","POUCH","8961014262087","199","1"
"19165","Box","815096003206","265","1"
"14310","Pc","3574660482850","330","1"
"18825","Pc","6954842277851","130","1"
"18825","Pc","6954842277905","130","1"
"19166","Pc","2578745874593","460","1"
"14858","JAR","148582","260","1"
"18811","Pc","6423116321342","50","1"
"1366","Box","8964002527045","140","1"
"19169","Pc","191691","330","1"
"19170","Pc","745125126869","370","1"
"19170","Pc","745125122564","370","1"
"19170","Pc","745125126814","370","1"
"19374","Pc","193741","580","1"
"4486","Pkt","8961008221632","2950","1"
"19375","Pc","7509552847581","1330","1"
"19375","Pc","7509552847529","1330","1"
"19375","Pc","7509552845884","1330","1"
"19375","Pc","7509552847505","1330","1"
"19376","Pc","193761","820","1"
"19377","Pc","6294007501217","370","1"
"19377","Pc","6294007500210","370","1"
"19378","Pc","605202112225","220","1"
"19379","Pc","8999999052935","720","1"
"19380","Pc","8999999057978","1220","1"
"19381","Pc","8999999059927","1820","1"
"19382","Pc","8999999504687","1590","1"
"19383","Pc","8999999503697","1590","1"
"89","Pkt","620514020211","145","1"
"19384","Box","8964003590420","275","1"
"10977","Pc","131531754015","890","1"
"17413","cup","8801073211223","590","1"
"19385","JAR","8698740271549","760","1"
"19386","JAR","8698740274052","830","1"
"19387","Pc","228990","430","1"
"2790","Pc","0718122942978","35","1"
"6268","Pc","62682","30","1"
"6632","Box","7622202049972","9900","24"
"6632","Pc","7622202049989","430","1"
"7675","Box","8961008222110","2950","1"
"19388","Pc","3014260257194","230","1"
"19389","Pump","3574669908443","1690","1"
"20000","BOTTLE","6003770000632","1260","1"
"20001","Pc","8901030865701","160","1"
"20002","Pc","8851932355339","920","1"
"20003","Pc","5034660521877","840","1"
"20004","Pc","6294001815266","490","1"
"20005","Pc","6294002406326","940","1"
"20006","Pc","6294002406319","940","1"
"20007","Pc","6294002416110","385","1"
"20008","Pc","6294002407798","985","1"
"20009","Pc","8057711210022","1060","1"
"20010","Pc","8057711210305","1060","1"
"20011","Pc","017273504586","1590","1"
"20012","Pc","717273504592","1820","1"
"20013","Pc","717273504646","1820","1"
"20014","Pc","788821003461","245","1"
"13236","Pc","7622202399664","100","1"
"20015","Pc","6165858300093","840","1"
"20016","Pc","6165858300116","820","1"
"20017","Pc","0735816604769","430","1"
"20018","Pkt","200181","1320","1"
"20019","Pc","200191","1490","1"
"20020","Pc","200201","1890","1"
"17022","Box","5053990127726","980","1"
"5257","Box","5053990127740","980","1"
"11554","Pc","8857101129497","360","1"
"20021","Pc","9211212255237","185","1"
"20022","Pc","9211211312238","185","1"
"20023","Pc","4567995365683","340","1"
"18577","Pc","8569637942470","190","1"
"14418","Pc","8719281111634","1280","1"
"14423","Pc","8719281111405","1280","1"
"95","Pkt","620514019994","195","1"
"14238","Pc","8025337347248","1160","1"
"406","Box","8961006010030","390","1"
"8813","POUCH","0705632492857","560","1"
"17443","Pc","815096005736","100","1"
"16222","Box","769503781402","170","1"
"18208","Pc","5060453455524","520","1"
"18208","Pc","5060453455487","520","1"
"18208","Pc","5060453455463","520","1"
"18208","Pc","5060453455456","520","1"
"18208","Pc","5060453455470","520","1"
"18211","Pkt","4902430733274","190","1"
"18212","Pc","182121","360","1"
"14378","Pc","8718734854135","1280","1"
"18214","Pc","8964000885949","140","1"
"2641","Pc","26411","30","1"
"14851","Pc","6970195430453","290","1"
"18215","Pc","182151","360","1"
"18216","Pc","182161","140","1"
"18217","Pc","6260526422074","220","1"
"18217","Pc","6260526422050","220","1"
"18217","Pc","6260526424580","220","1"
"18217","Pc","6260526424597","220","1"
"18218","CTN","8964001386353","2950","5"
"18218","POUCH","8964001386315","590","1"
"16194","Pc","8964000585795","20","1"
"16195","Pc","8961100088034","30","1"
"16196","Pc","8964000585290","40","1"
"18219","Box","6253341407784","250","1"
"209","Pc","8886950072258","30","1"
"9710","Pc","8901248303125","920","1"
"18220","Pc","6518932998370","180","1"
"18221","Pc","182211","320","1"
"18223","POUCH","8961102501821","50","1"
"18224","Box","8964001189701","235","1"
"18225","Pc","9780201379709","480","1"
"18226","Pc","9780201379716","480","1"
"18227","Pc","9780201379693","480","1"
"18228","Pc","9932106547961","460","1"
"15703","POUCH","157032","970","1"
"18231","Box","8964002797288","115","1"
"18230","Box","8961103069771","290","1"
"18229","Box","","175","1"
"7779","Pc","8961014253863","540","1"
"6184","Box","61841","415","1"
"18232","Pc","695240104047","70","1"
"18232","Pc","182322","70","1"
"7673","Pc","8961008219974","740","1"
"18234","BOTTLE","8432688210631","790","1"
"18235","BOTTLE","8432688210624","1590","1"
"18236","Pc","8690632994895","395","1"
"9773","POUCH","6924565920587","290","1"
"18237","Pc","4902430851879","350","1"
"18238","Pc","6932237730686","590","1"
"18240","SACHET","858167000360","30","1"
"18241","Pc","8964002642922","180","1"
"18242","Pc","8964002642915","230","1"
"18243","Pc","8964000053171","125","1"
"7830","SACHET","8006540978313","20","1"
"2231","POUCH","8006540960035","285","1"
"18244","Box","8964003592011","290","1"
"18245","Pc","722776000403","650","1"
"11091","Pc","6920987841325","160","1"
"11091","Pc","6920987841349","160","1"
"11091","Pc","6920987841509","160","1"
"11091","Pc","6920987841356","160","1"
"10497","POUCH","8964003377342","115","1"
"18246","JAR","8698740273314","1260","1"
"18247","Pc","8990800021362","60","1"
"18247","Pc","8990800021386","60","1"
"10998","POUCH","8961014251630","530","1"
"17937","Pc","179371","250","1"
"17936","Pc","179361","180","1"
"12397","Pkt","36393763","360","1"
"17938","Pkt","179381","150","1"
"17939","Pkt","179391","470","1"
"17940","Pkt","179401","410","1"
"17590","CRATE","","580","12"
"17941","Pc","8980621753573","480","1"
"17942","Pc","9000866889925","500","1"
"17943","Pc","792625892862","230","1"
"17945","POUCH","8966000040373","100","1"
"17946","POUCH","8964002958313","70","1"
"17947","POUCH","8964003197278","130","1"
"17948","POUCH","8964003197261","130","1"
"17951","POUCH","8964003197346","140","1"
"17950","POUCH","8964000885956","140","1"
"17949","POUCH","8964003198923","140","1"
"17952","POUCH","725765102355","30","1"
"124","Box","8964002758814","310","1"
"17953","Pc","9879051595169","200","1"
"17954","Pc","9879051595152","400","1"
"12653","Pc","6291107451435","690","1"
"17956","POUCH","8964002619245","536","1"
"17956","CTN","8964002619399","2680","5"
"17957","POUCH","769503781020","50","1"
"17958","Box","769503782157","175","1"
"8984","Pc","8961008220642","630","1"
"305","BOTTLE","8964002809141","630","1"
"301","BOTTLE","8964002809196","550","1"
"17959","Pc","6931860112289","140","1"
"17960","Pc","3574661069210","350","1"
"968","Pc","8991111111971","640","1"
"17961","POUCH","7702018874293","1060","1"
"17962","Pc","5053990161607","450","1"
"17963","BOTTLE","3474636974429","5700","1"
"17965","JAR","3474636976072","6900","1"
"17966","Pc","3474636974320","4650","1"
"9781","Pump","3574661039725","1980","1"
"9781","Pump","3574661529240","1980","1"
"10548","Pc","6291110092984","430","1"
"10548","Pc","6291110100382","430","1"
"10548","Pc","6291110090720","430","1"
"17967","Pc","3610340668494","1750","1"
"17969","Pc","7622201732226","220","1"
"17969","Box","7622201721053","5100","24"
"17970","POUCH","8888296038486","390","1"
"17970","POUCH","8888296038493","390","1"
"17970","POUCH","8888296038400","390","1"
"17970","POUCH","8888296038462","390","1"
"17970","POUCH","8888296038271","390","1"
"14236","Pc","8025337347439","1160","1"
"1689","Box","8964002759125","315","1"
"17270","Pc","6928343007354","140","1"
"17270","Pc","6928343007309","140","1"
"17270","Pc","6928343001031","140","1"
"17270","Pc","6928343081217","140","1"
"17971","Box","179711","215","1"
"17972","JAR","8964000062739","790","1"
"17973","Box","769503780603","115","1"
"17974","Pc","8964001753223","150","1"
"17975","Pc","8964001753490","150","1"
"17976","Pkt","4988190014815","120","1"
"11794","Pc","84321","250","1"
"1663","Pc","4005900243522","660","1"
"18202","Pc","4686735038974","1020","1"
"18201","Pc","4686735018976","950","1"
"18200","Pc","4686735028975","990","1"
"18199","Pc","4253463368880","430","1"
"18198","Pc","8328733645742","370","1"
"18197","Pc","3363362284837","360","1"
"18196","Pc","4153837298464","360","1"
"18195","Pc","3936424727391","340","1"
"18194","Pc","6165858300079","1170","1"
"18193","Pc","7895214723899","740","1"
"18192","Pc","0735816580551","770","1"
"18191","Pc","2263326364555","340","1"
"18190","Pc","1263263645572","290","1"
"18203","Pc","8964002701247","170","1"
"18204","Pc","8964002701315","285","1"
"18205","TIN","182051","890","1"
"18206","BOTTLE","182061","890","1"
"14834","Pc","8001841235233","690","1"
"14834","Pc","8001841235202","690","1"
"14834","Pc","8001841235141","690","1"
"18247","Pc","8990800021379","60","1"
"18248","SACHET","8850086250095","90","1"
"18249","Pkt","6111031004333","190","1"
"18250","BOTTLE","6533411500738","1560","1"
"18251","TIN","6890767828764","16130","1"
"17272","Pc","6972919086373","130","1"
"17272","Pc","6972919086885","130","1"
"11091","Pc","6954842275192","160","1"
"11091","Pc","6954842275154","160","1"
"11091","Pc","6954842275666","160","1"
"11091","Pc","745125121017","160","1"
"11091","Pc","6972865710766","160","1"
"11091","Pc","6954842275185","160","1"
"11091","Pc","6954842275130","160","1"
"2369","Pkt","8700216021876","2600","1"
"17977","SACHET","179771","300","1"
"17978","Bag","","1500","1"
"7674","Pc","8961008219981","1500","1"
"10540","Bag","9447413441050","2000","1"
"17979","Pc","8964002800674","30","1"
"17979","Box","8961103064080","290","10"
"17980","Box","8964002797615","290","15"
"17980","pc","8964002797608","20","1"
"17981","Pc","8964002993642","1680","1"
"17982","Pc","8964002993659","1680","1"
"17983","Pc","6290171050186","1940","1"
"17984","Pc","6290171050179","1940","1"
"17985","Pc","6290171050216","2490","1"
"17986","Pc","6304848742011","2640","1"
"17987","Pc","6085010094151","9250","1"
"17988","Pc","6294015102642","9250","1"
"17989","Pc","6294015132120","9250","1"
"17990","Pc","6824637103026","425","1"
"17990","Pc","6854854754558","425","1"
"17990","Pc","647921104099","425","1"
"17990","Pc","6299806691978","425","1"
"17990","Pc","6598865247837","425","1"
"17990","Pc","6824637103064","425","1"
"17990","Pc","6479211045690","425","1"
"17990","Pc","6295847158579","425","1"
"17990","Pc","6423080603246","425","1"
"17990","Pc","6032156284830","425","1"
"17990","Pc","6425478561244","425","1"
"17990","Pc","6009009612058","425","1"
"17990","Pc","6299806691954","425","1"
"17991","Pkt","8964000769874","1370","1"
"1663","Pc","4005900700827","660","1"
"18003","Pc","6295124024160","410","1"
"18003","Pc","6295124024177","410","1"
"1663","Pc","42355182","660","1"
"11833","Pc","03431207","1490","1"
"17635","Pc","6291107674926","390","1"
"18004","Pc","6291107674902","480","1"
"18005","Box","6291110097422","560","1"
"18005","Box","6291110097361","560","1"
"18005","Box","6291110097354","560","1"
"18006","Pc","180061","430","1"
"18007","Pc","8006540811894","430","1"
"7831","POUCH","8006540978320","50","1"
"984","Pkt","8006540787298","2600","1"
"2409","Pkt","8006540787311","2600","1"
"14776","JAR","3433649348610","170","1"
"14776","JAR","3433649596844","170","1"
"14776","JAR","3433649726517","170","1"
"14776","JAR","3433649484578","170","1"
"14776","JAR","3433649373391","170","1"
"12613","Pc","126132","700","1"
"18008","BOTTLE","8964002343713","50","1"
"18008","CRATE","","500","12"
"18008","BOTTLE","a330","50","1"
"18004","Pc","6291107674896","480","1"
"778","Pkt","8961008220482","550","1"
"8983","Pkt","8961008220659","630","1"
"18009","SACHET","8961008217260","80","1"
"18010","Box","8961003563539","235","1"
"18011","SACHET","8964000241127","30","1"
"18012","Pc","8964001086093","470","1"
"18013","Pc","8964002347315","30","1"
"18015","Pc","180151","330","1"
"4213","Pc","42131","590","1"
"14867","Box","8964002759699","310","1"
"17992","Box","179921","290","1"
"17993","POUCH","179931","110","1"
"1571","Pc","15711","3650","1"
"17994","Pc","179941","300","1"
"9698","Pkt","96985","590","1"
"5817","Pc","6298755413006","90","1"
"17995","Pc","179951","190","1"
"17996","Pkt","179961","60","1"
"17997","Box","179971","570","1"
"17998","Pc","179981","220","1"
"17999","Pc","179991","270","1"
"12057","Pc","6928691188934","925","1"
"18000","Box","180001","915","1"
"18001","Pc","8964002347452","30","1"
"18002","Pc","6294007504317","1340","1"
"18002","Pc","6294007505314","1340","1"
"18002","Pc","6294007503310","1340","1"
"18016","POUCH","8961014264791","99","1"
"5561","1kg","55611","580","1"
"5561","500g","55612","290","0.5"
"18018","Pc","180181","390","1"
"18019","Pc","6905878566204","730","1"
"18019","Pc","180192","730","1"
"18020","Pc","6905878580118","540","1"
"18020","Pc","180202","540","1"
"18021","Pc","6905878580125","480","1"
"18021","Pc","180212","480","1"
"18022","Pc","180221","590","1"
"7253","Pc","72531","250","1"
"18023","Pc","180231","170","1"
"18024","Pc","180241","240","1"
"18025","Pc","180251","190","1"
"18026","Pc","180261","290","1"
"18032","Pc","8445290552150","460","1"
"17079","Pc","80871651","260","1"
"10769","Pc","6946686481242","540","1"
"10769","Pc","6946686481259","540","1"
"10769","Pc","6946686481235","540","1"
"12653","Pc","6291108735206","690","1"
"17990","Pc","6266717361191","425","1"
"17990","Pc","6512854711741","425","1"
"17990","Pc","6824637103088","425","1"
"17990","Pc","6035848584515","425","1"
"17990","Pc","6415885571509","425","1"
"17079","Pc","80759096","260","1"
"18033","Pc","079200558338","1190","1"
"18034","Pc","180341","200","1"
"2188","Pc","6970570812492","670","1"
"15262","Pc","6970570816414","880","1"
"10187","Pc","8000500367605","100","1"
"18035","Pkt","7622201512590","2490","1"
"18036","POUCH","4014400909937","1090","1"
"18037","Pc","87354034","50","1"
"18038","POUCH","8723400778554","780","1"
"18038","POUCH","8723400769453","780","1"
"18038","POUCH","8723400772514","780","1"
"18039","POUCH","8003440994054","780","1"
"18040","Pc","8964002993666","1680","1"
"18041","Pc","180411","3000","1"
"18042","Pc","180421","950","1"
"121","Box","8964002759736","315","1"
"15343","Box","8964002759705","310","1"
"18043","Pc","8961102507748","50","1"
"18044","Pc","8961102507724","30","1"
"18045","Pc","8961102507090","30","1"
"2455","Box","24551","3480","1"
"2677","Box","26771","820","1"
"18048","Box","8961101789411","580","30"
"18048","Pc","8961101789398","20","1"
"18049","BOTTLE","8964001204114","265","1"
"12041","Pc","6953419906415","995","1"
"792","Pkt","8961014032154","210","1"
"17780","POUCH","8690146097327","290","1"
"3186","Pc","8990800000053","160","1"
"18050","Pc","8682091103284","220","1"
"18050","Pc","8697422657640","220","1"
"18050","Pc","8697422659460","220","1"
"18051","Pc","8682091101938","330","1"
"18051","Pc","8697422653093","330","1"
"18051","Pc","8697422650108","330","1"
"18051","Pc","8697422658449","330","1"
"8554","Pc","8964002347308","30","1"
"18052","Pc","8966000033467","320","1"
"18053","Pc","8966000033450","330","1"
"18054","Pc","7702018866946","2670","1"
"14835","Pc","3600523900862","1380","1"
"14835","Pc","3600523582532","1380","1"
"1689","Box","8964002759712","315","1"
"18055","Pc","5010232964501","1650","1"
"18056","Pc","5010232955028","1650","1"
"18057","Pkt","8852961023145","120","1"
"18058","Pc","180581","40","1"
"18059","Pc","180591","40","1"
"18060","Pc","9555617300988","250","1"
"5686","Pc","56861","1160","1"
"6408","Pc","64081","260","1"
"18078","Pc","180781","170","1"
"18079","Pc","180791","150","1"
"18080","Pc","180801","220","1"
"18081","Pc","180811","100","1"
"18082","Pc","180821","290","1"
"18083","Pc","180831","280","1"
"18084","Pc","180841","170","1"
"18085","Pc","180851","330","1"
"18086","Pc","180861","95","1"
"7509","Pc","75091","1580","1"
"2467","Pc","24671","3075","1"
"2470","Pc","24701","1740","1"
"3171","Pc","31711","830","1"
"2624","Pc","26241","1460","1"
"7275","Pc","72751","960","1"
"8539","Pc","8964002347445","30","1"
"7645","Pc","8964002347476","30","1"
"18087","Pc","180871","280","1"
"18088","POUCH","9556296317199","460","1"
"18088","POUCH","9556296317205","460","1"
"5067","Pc","6921211114338","180","1"
"5067","Pc","87108415","180","1"
"15752","Pc","6927262801135","480","1"
"9668","Pc","8001841283944","1290","1"
"9668","Pc","8001090970497","1290","1"
"9668","Pc","5000174003413","1290","1"
"18089","Pkt","8964000730058","225","1"
"18090","Pc","180901","160","1"
"18091","Pc","180911","180","1"
"18094","Pc","6297000226163","2780","1"
"18093","Pc","6297000226712","2780","1"
"18095","ROLL","180951","380","1"
"18096","Pc","For Ever Beauty","150","1"
"18097","Pc","180971","120","1"
"17124","Box","8964002759231","350","1"
"18098","Pc","180981","985","1"
"18100","POUCH","8964002960057","820","1"
"18101","Pc","8699621630080","350","1"
"1187","Pkt","8964003083229","2350","1"
"18099","Pc","180991","770","1"
"18102","Pc","181021","575","1"
"18103","Pc","181031","880","1"
"18104","Pc","181041","490","1"
"18105","Pc","181051","925","1"
"18106","Pc","181061","1075","1"
"18107","Pc","181071","1285","1"
"18108","Pc","181081","990","1"
"13547","Pkt","671860013730","130","1"
"17200","Pc","6921211115663","190","1"
"5067","Pc","87317404","180","1"
"18109","POUCH","9609398449753","480","1"
"18110","POUCH","9609398281605","480","1"
"18111","POUCH","5000314009688","560","1"
"13823","Pkt","8964001049203","2550","1"
"18112","Pc","8961101230531","1850","1"
"18114","PATTA","8964001204961","95","1"
"18113","PATTA","4607006673106","95","1"
"18115","Pc","8964000258873","310","1"
"18116","Pc","8964000257654","300","1"
"17763","Pc","671866277556","30","1"
"18117","Box","8964002526284","235","1"
"18118","Box","8964002759859","295","1"
"18119","Box","8964002759835","235","1"
"1443","SACHET","8886950014265","10","1"
"18120","Pc","886635001236","190","1"
"4486","Pkt","8961008220222","2950","1"
"18121","Box","8964000596586","105","1"
"18126","JAR","6954410501845","1180","1"
"18125","JAR","6954410501814","980","1"
"18124","JAR","6954410501821","980","1"
"15796","Pc","4987176077097","240","1"
"18127","TIN","7056324919354","560","1"
"18129","TIN","6974018051580","690","1"
"18128","TIN","6974018051597","310","1"
"17355","Bag","5000166154499","1700","1"
"6300","Pc","63001","230","1"
"6300","Pc","6922698619019","230","1"
"6300","Pc","6943526007181","230","1"
"18130","Pc","181301","190","1"
"17272","Pc","172725","130","1"
"18131","Pc","6954842288635","150","1"
"18131","Pc","6954842288666","150","1"
"3855","POUCH","7622201494650","700","1"
"6632","Box","7622201495053","9900","24"
"6632","Pc","7622201495060","430","1"
"12535","Box","7622201494193","3000","24"
"12535","Pc","7622201494209","130","1"
"18132","Pc","8964001024033","99","1"
"2215","Pc","7622201748449","10","1"
"16047","BUNDLE","8961006070911","750","1"
"111","Pkt","620514015552","280","1"
"835","Pkt","788821018908","280","1"
"18134","Pc","8964000961889","210","1"
"18135","Pc","8964000961704","90","1"
"18136","Pc","6939517101716","690","1"
"18137","Pc","6932511220902","2800","1"
"18143","Pc","4897066835181","950","1"
"18142","Pc","4897066835174","950","1"
"18141","Pc","4897066835150","950","1"
"18140","Pc","4897066835167","950","1"
"18139","Pc","4897066835204","950","1"
"18138","Pc","4897066835198","950","1"
"18144","Pc","6971857371541","1350","1"
"18145","Pc","6947790786841","1350","1"
"18146","Pc","6928001840903","4600","1"
"18147","Pc","4902430129756","390","1"
"18151","SACHET","3574661400853","480","1"
"18150","SACHET","3574661400730","480","1"
"18149","SACHET","3574661398419","480","1"
"18148","SACHET","3574661400037","480","1"
"1185","BOTTLE","11852","1570","1"
"18152","POUCH","7702018439263","290","1"
"18153","Box","769503781792","235","1"
"18154","Box","769503781815","235","1"
"18156","Pc","6260653503622","1250","1"
"18157","Pc","6260653504001","1250","1"
"18158","SACHET","6060742775578","190","1"
"18159","Pc","181591","290","1"
"14278","Pkt","36393855","90","1"
"2943","Pc","025929206531","1770","1"
"7675","Box","8961008219998","2950","1"
"18160","Pc","8964000505656","430","1"
"18161","Box","671866278881","175","1"
"18031","Pc","8964000719985","80","1"
"18162","Pc","8964002346899","70","1"
"18163","Pc","8964002346912","70","1"
"18164","Pc","8964002346929","70","1"
"14570","Pc","8961101373184","90","1"
"123","Box","8964002758708","80","1"
"18166","Box","8964002759873","235","1"
"6653","Box","866352001863","550","1"
"18167","Pc","181671","125","1"
"4762","Pc","47621","360","1"
"4994","Pc","49941","50","1"
"18168","Pc","037000889427","340","1"
"18169","Pc","3094907248952","325","1"
"18171","Pc","6805699958106","440","1"
"17600","Pc","4035773127414","530","1"
"17600","Pc","4035773148914","530","1"
"18172","Pc","8961102502538","50","1"
"18172","Box","8961102502576","870","18"
"18173","Pc","8964002347513","20","1"
"18174","Pkt","181741","95","1"
"18176","Pc","3570002726439","290","1"
"17054","Pkt","8961102508400","250","1"
"17957","POUCH","0769503781020","50","1"
"18177","POUCH","6920180300063","350","1"
"292","Box","8964002759385","315","1"
"18144","Pc","6971857371534","1350","1"
"18181","Pc","8964002334384","220","1"
"14835","Pc","3600523717200","1380","1"
"13824","Pc","8682257129219","600","1"
"13824","Pc","8682560992012","600","1"
"13824","Pc","8682974041535","600","1"
"18183","Pc","3687330922782","250","1"
"18185","SACHET","6009679061408","30","1"
"18027","Pc","180271","230","1"
"18028","Pc","180281","310","1"
"11022","Pc","8964002347469","30","1"
"18029","Pc","766233935563","95","1"
"18030","PATTA","8964000716472","320","1"
"18031","Pc","8964000719978","80","1"
"2881","Box","28811","970","1"
"6354","Box","63541","1920","1"
"18039","POUCH","8003440994030","780","1"
"18046","Box","769503781204","195","1"
"18047","Box","8961101789596","580","30"
"18047","Pc","8961101789435","20","1"
"3212","Pc","32121","120","1"
"2321","Pc","23211","245","1"
"17767","Box","886635000017","550","1"
"13610","Pc","8961008220543","1170","1"
"210","Pc","8886950072241","15","1"
"1375","BUNDLE","8964000040133","200","1"
"18063","Box","8961003512230","235","1"
"18064","POUCH","8964003197285","130","1"
"18065","Pc","077043002223","1220","1"
"18068","Pc","5011321361089","770","1"
"18067","Pc","5011321361058","770","1"
"18066","Pc","5011321360990","770","1"
"18069","Pc","180691","880","1"
"18070","Pc","8964002495474","320","1"
"17069","Pc","423735141198","240","1"
"4191","Pc","41911","990","1"
"6088","Pc","60881","425","1"
"2655","Pc","26551","980","1"
"18071","Pc","180711","1460","1"
"18072","Pc","180721","670","1"
"18073","Pkt","180731","90","1"
"18074","Pc","180741","520","1"
"18075","Pc","180751","690","1"
"18076","Pc","180761","270","1"
"16495","Pc","60052377","530","1"
"17610","Pc","8866350000488","380","1"
"17117","Pkt","8961102508356","250","1"
"17613","Pump","8851932414838","980","1"
"5815","BOTTLE","8901248314350","650","1"
"17614","Pc","8901088149587","690","1"
"17616","Pc","3574661093970","620","1"
"623","Box","695240204877","840","12"
"3570","Pc","695240104702","110","1"
"8192","Pc","1147421","160","1"
"15316","Pc","9556031209864","190","1"
"14741","Pkt","8886950093321","135","1"
"14742","Pkt","8886950093307","180","1"
"14743","Pc","8964000160138","330","1"
"14744","Pkt","815096000069","1090","1"
"14745","TIN","6904232676764","290","1"
"7459","Pc","1139321","425","1"
"6181","Pc","1125391","50","1"
"5215","Pc","1113861","280","1"
"4681","Pc","1105921","640","1"
"14746","Pc","1218001","340","1"
"14747","Pc","1218011","320","1"
"14748","Pc","1218021","990","1"
"14749","Pc","1218031","320","1"
"14750","Pc","1218041","1880","1"
"14751","Pc","1218051","2080","1"
"14752","Pc","1218061","1460","1"
"14753","POUCH","1218071","80","1"
"14778","Pc","3574660682168","1390","1"
"14779","Pc","6297000323671","260","1"
"9683","Pc","8901177103704","190","1"
"14780","BOTTLE","8851932231015","1050","1"
"11444","POUCH","8964002582945","280","1"
"13890","Pc","8964002917181","185","1"
"10191","CTN","","9360","24"
"7123","Pkt","8690536840946","1320","1"
"10918","POUCH","9501034810753","165","1"
"13573","POUCH","8997212800400","440","1"
"13573","POUCH","8997212800660","440","1"
"13573","POUCH","8997212800394","440","1"
"13573","POUCH","8997212800417","440","1"
"10203","Box","8992741982788","1750","24"
"10203","Box","8992741986939","1750","24"
"10203","Box","8992741982900","1750","24"
"10203","Box","8992741948678","1750","24"
"13005","Pc","5012909007863","3380","1"
"13893","Pc","5903407187549","1125","1"
"13893","Pc","5903407187495","1125","1"
"13893","Pc","5903407187518","1125","1"
"13834","Pc","8850851700398","585","1"
"13896","Pc","6291105540001","660","1"
"5986","Pc","1123201","25","1"
"1135","Pkt","8961014019643","100","1"
"13899","Pc","8961014248913","510","1"
"13900","Pc","6955101987726","170","1"
"13589","Pc","8886950056029","295","1"
"13588","Pc","8886950056043","295","1"
"13591","Pc","8886950056036","210","1"
"13590","Pc","8886950056012","210","1"
"13595","Pc","8964000114018","410","1"
"13598","Pkt","1202471","140","1"
"13601","Pkt","1202501","215","1"
"13602","Pkt","1202511","140","1"
"13603","Pc","1202521","150","1"
"13604","Pkt","1202531","295","1"
"3765","Pc","1093882","110","1"
"4088","Pc","6945442200172","125","1"
"4088","Pc","1098182","125","1"
"4162","Pkt","1099241","680","1"
"13568","Pc","9200222510870","320","1"
"2577","Pc","25771","260","1"
"5966","Pkt","1122981","50","1"
"4146","Box","1099081","370","1"
"8832","Box","1154181","390","1"
"12186","Pc","3600540413871","390","1"
"13572","Pc","6291069724806","300","1"
"13573","POUCH","8992696417274","440","1"
"13574","Pc","5060390419979","150","1"
"5076","Pkt","1111771","340","1"
"2463","Pkt","1073011","745","1"
"5489","Pc","54891","1280","1"
"2658","Pc","26581","460","1"
"7136","Pkt","1135761","520","1"
"2754","Box","1076721","1170","1"
"2755","Box","1076731","620","1"
"5073","Box","1111741","2720","1"
"7364","Pc","788821016119","30","1"
"13579","Box","815096001158","380","1"
"541","BUNDLE","8961101232955","370","1"
"13584","Pc","8886950076065","95","1"
"13583","Pc","8886950076010","70","1"
"13582","Pc","8886950076041","75","1"
"9511","Pkt","61381","190","1"
"9512","Pkt","61391","380","1"
"9513","Pkt","61401","130","1"
"9514","Pkt","61411","260","1"
"9515","Pkt","61421","650","1"
"9477","Pkt","61041","100","1"
"9516","Pkt","61431","170","1"
"9517","Pkt","61441","340","1"
"9518","Pkt","61451","680","1"
"9520","Pkt","36391059","360","1"
"9521","Pkt","61481","140","1"
"9522","Pkt","61491","250","1"
"9524","Pkt","61511","430","1"
"9525","Pkt","61521","860","1"
"9526","Pkt","61531","1720","1"
"9527","Pkt","61541","240","1"
"9528","Pkt","61551","480","1"
"9529","Pkt","61561","90","1"
"9530","Pkt","61571","160","1"
"9531","Pkt","61581","240","1"
"9532","Pkt","61591","100","1"
"9533","Pkt","61601","50","1"
"9534","Pkt","61611","85","1"
"9535","Pkt","61621","190","1"
"9536","Pkt","61631","30","1"
"9538","Pkt","61651","360","1"
"9539","Pkt","61661","720","1"
"9541","Pkt","36399130","420","1"
"9542","Pkt","36399147","840","1"
"9543","Pkt","36399154","2100","1"
"9544","Pkt","36399185","470","1"
"9545","Pkt","36399192","940","1"
"9546","Pkt","36399208","2350","1"
"9548","Pkt","36399246","680","1"
"10498","500g","71291","198","0.5"
"10498","1kg","71292","395","1"
"10499","500g","71301","135","0.5"
"10499","1kg","71302","270","1"
"10500","500g","71311","330","0.5"
"10500","1kg","71312","660","1"
"10501","500g","71321","325","0.5"
"10501","1kg","71322","650","1"
"10502","500g","71331","260","0.5"
"10502","1kg","71332","520","1"
"10504","500g","71351","130","0.5"
"10504","1kg","71352","260","1"
"3","500g","0101","193","0.5"
"3","1kg","0102","385","1"
"10505","500g","71361","200","0.5"
"10505","1kg","71362","400","1"
"10506","500g","71371","95","0.5"
"10506","1kg","71372","190","1"
"2944","BOTTLE","3574661057071","690","1"
"2944","BOTTLE","3574661236100","690","1"
"2944","BOTTLE","3574661303925","690","1"
"2944","BOTTLE","3574661342665","690","1"
"9842","Pump","8901030666001","1580","1"
"9842","Pump","8901030665981","1580","1"
"9843","Pc","6246717265262","390","1"
"9843","Pc","6246717265279","390","1"
"9843","Pc","6246717265286","390","1"
"9843","Pc","6246717265293","390","1"
"9843","Pc","6246717265309","390","1"
"9843","Pc","6246717265255","390","1"
"9844","Pc","6291107673080","80","1"
"9844","Pc","6291107673097","80","1"
"9844","Pc","6291107673059","80","1"
"9844","Pc","6291107673073","80","1"
"9844","Pc","6291107673103","80","1"
"9844","Pc","6291107673066","80","1"
"9846","TIN","8006705410016","880","1"
"9845","TIN","8006705410023","1590","1"
"9847","JAR","036200005507","770","1"
"9848","Pc","5000409100306","390","1"
"9849","Pc","736211023179","560","1"
"9850","POUCH","4794235265261","620","1"
"9852","JAR","6281073210181","2470","1"
"9853","JAR","6281073210143","1620","1"
"9854","JAR","6281073210266","820","1"
"3916","Pc","6291007500325","270","1"
"3916","Pc","6291007500363","270","1"
"3916","Pc","6291007500349","270","1"
"9855","Box","5053990107339","450","1"
"9679","BOTTLE","8851932355162","870","1"
"9680","Pc","8851932353991","475","1"
"9681","Pc","4902806015843","330","1"
"9681","Pc","4902806014402","330","1"
"9681","Pc","4902806014426","330","1"
"9681","Pc","8992222053129","330","1"
"9681","Pc","8992222053105","330","1"
"9681","Pc","8992222052108","330","1"
"1112","Pc","8999999045579","780","1"
"336","Pc","4801010561309","220","1"
"1291","Pc","3574660674323","990","1"
"9682","Pc","4005828503050","220","1"
"9682","Pc","4005828503036","220","1"
"9682","Pc","4005828503012","220","1"
"9646","Pc","745114129444","510","1"
"9646","Pc","745114129451","510","1"
"9647","Pc","745114129437","180","1"
"9647","Pc","745114129420","180","1"
"9647","Pc","745114129413","180","1"
"1181","Pc","6297000829296","430","1"
"1181","Pc","6297000829258","430","1"
"1181","Pc","6297000829265","430","1"
"1181","Pc","6297000829241","430","1"
"9649","Pc","8717644088296","390","1"
"9649","Pc","8712561534918","390","1"
"9649","Pc","8711600412507","390","1"
"9650","Pc","6913362826680","115","1"
"9650","Pc","6913362826390","115","1"
"9651","Pc","6913362821517","105","1"
"9651","Pc","6913362821890","105","1"
"9652","Pc","077043104507","890","1"
"9653","Pc","5010724280331","725","1"
"9653","Pc","5010724280348","725","1"
"9653","Pc","5010724529294","725","1"
"9654","Pc","5010724280324","730","1"
"9654","Pc","5010724526293","730","1"
"544","200G","14953","200","0.2"
"9465","Pc","36399567","100","1"
"9467","Pc","36391141","130","1"
"9468","Pkt","60951","115","1"
"9469","Pkt","60961","230","1"
"9470","Pkt","60971","140","1"
"9472","Pkt","60991","150","1"
"9474","Pkt","61011","180","1"
"9475","Pkt","61021","90","1"
"9479","Pkt","61061","50","1"
"9481","Pkt","61081","130","1"
"9482","Pkt","61091","260","1"
"9483","Pkt","61101","80","1"
"9484","Pkt","61111","100","1"
"9485","Pkt","61121","95","1"
"9486","Pkt","36391158","60","1"
"9489","Pkt","61161","200","1"
"9490","Pkt","61171","280","1"
"9491","Pkt","61181","130","1"
"9492","Pkt","61191","325","1"
"9493","Pkt","61201","130","1"
"9494","Pkt","61211","260","1"
"9495","Pkt","61221","130","1"
"9496","Pkt","61231","260","1"
"9497","Pkt","61241","100","1"
"9499","Pkt","36399956","340","1"
"9500","Pkt","61271","230","1"
"9501","Pkt","61281","130","1"
"9502","Pkt","36391493","70","1"
"9503","Pkt","61301","90","1"
"9504","pkt","61311","30","1"
"9654","Pc","5010724280317","730","1"
"9654","Pc","5010724506547","730","1"
"9655","Pc","5010724525685","1230","1"
"9655","Pc","5010724280294","1230","1"
"2295","Pc","4000388563209","695","1"
"9656","Pc","8999999601232","440","1"
"9657","JAR","305211793049","1490","1"
"9658","Pc","6292257582390","390","1"
"9658","Pc","6292257587913","390","1"
"9659","Pc","745114129383","149","1"
"9659","Pc","745114129390","149","1"
"9660","Pc","8999999025281","680","1"
"9660","Pc","8999999025274","680","1"
"3850","Pc","8999777000004","620","1"
"9662","Pc","8851932399876","550","1"
"9663","Pc","8999999052959","360","1"
"9664","Pc","3701983627761","280","1"
"9664","Pc","3701983627150","280","1"
"9665","JAR","305210043008","1090","1"
"9666","JAR","305210013001","1090","1"
"3281","Pc","8718951286733","680","1"
"3281","Pc","8718951159402","680","1"
"9667","JAR","745114129307","150","1"
"9668","Pc","012044000274","1290","1"
"8412","Box","8964002410262","115","1"
"11225","BOTTLE","8410179001777","440","1"
"11224","TIN","8410179004723","4080","1"
"11223","BOTTLE","8410179100012","2375","1"
"11222","BOTTLE","8410179100036","1425","1"
"11221","BOTTLE","8410179100050","830","1"
"11226","POUCH","8964002289455","190","1"
"11227","POUCH","501047864827","370","1"
"11228","Pc","8961008216423","120","1"
"11239","JAR","633152014542","490","1"
"10721","Pc","7622201423858","20","1"
"9505","Pkt","61321","140","1"
"9506","Pkt","61331","280","1"
"9466","Pkt","60931","180","1"
"9507","Pkt","61341","90","1"
"9508","Pkt","61351","70","1"
"9509","Pkt","36391127","140","1"
"9550","Pkt","36399277","360","1"
"9552","Pkt","36399352","480","1"
"9554","Pkt","36399376","2400","1"
"9553","Pkt","36399369","960","1"
"9555","Pkt","36399406","470","1"
"9558","Pkt","36399437","380","1"
"9561","Pkt","36399468","380","1"
"9562","Pkt","36399482","130","1"
"9565","Pkt","36399543","120","1"
"9564","Pkt","36399505","680","1"
"9566","Pkt","36399581","220","1"
"9567","Pkt","36399598","550","1"
"9568","Pkt","36399772","220","1"
"9572","Pkt","36392070","200","1"
"9573","Pkt","36393572","230","1"
"9574","Pkt","95741","60","1"
"9575","Pkt","66699","100","1"
"9578","Pkt","36399741","130","1"
"9579","Pkt","36399765","120","1"
"9571","Pkt","36393589","290","1"
"9580","Pc","62071","110","1"
"9581","Pc","62081","140","1"
"9582","Pc","62091","130","1"
"9583","Pc","6936805400193","80","1"
"9583","Pc","62102","80","1"
"9584","Pc","62112","100","1"
"9585","POUCH","62122","80","1"
"9586","Pc","8964000713006","150","1"
"9586","Pc","62132","150","1"
"9587","Pc","639277179494","55","1"
"9587","Pc","62142","55","1"
"9588","POUCH","62151","20","1"
"9589","Pc","6974184075533","140","1"
"9590","Pouch","62171","250","1"
"9591","POUCH","62181","75","1"
"9592","Pkt","62191","530","1"
"9593","POUCH","62201","150","1"
"9594","POUCH","62211","330","1"
"9595","Pc","62221","260","1"
"9596","POUCH","62231","260","1"
"9597","Pc","62241","120","1"
"9598","POUCH","62251","290","1"
"9599","Pc","62261","50","1"
"9600","Pc","62271","65","1"
"9601","Pkt","62281","270","1"
"9602","Pc","6935539608875","820","1"
"9604","Pkt","62311","90","1"
"9604","Pkt","6972518490779","90","1"
"9603","Pc","62301","445","1"
"9603","Pc","6908600100028","445","1"
"9605","Pc","62321","690","1"
"9606","Pkt","62331","580","1"
"9606","Pkt","6937519418054","580","1"
"9606","Pkt","6937519418061","580","1"
"9607","Pc","62341","380","1"
"9608","Pc","62351","460","1"
"9609","Pc","62361","270","1"
"2100","Pc","63931","90","1"
"2098","Pc","63891","90","1"
"4516","Pc","03822","290","1"
"4517","Pc","03832","680","1"
"4278","Pc","00522","370","1"
"9610","Pc","62371","230","1"
"9610","Pc","8964002547487","230","1"
"9043","Pc","8964002547029","190","1"
"9044","Pc","8964000640975","245","1"
"2396","Pc","8964000640982","310","1"
"9611","Pc","62381","490","1"
"4516","Pc","8964000640678","290","1"
"9611","Pc","8964002547180","490","1"
"9612","Pc","96121","880","1"
"9613","Pc","62401","210","1"
"9613","Pc","8964002547241","210","1"
"9614","Pc","62411","230","1"
"9614","Pc","8964002547258","230","1"
"9615","Pc","62421","380","1"
"9615","Pc","8964002547791","380","1"
"9616","Pc","62431","140","1"
"9617","Pc","62441","160","1"
"4532","Pc","03981","180","1"
"3203","Pc","2766446872004","330","1"
"4525","Pc","03912","210","1"
"4524","Pc","03902","270","1"
"4527","Pc","03932","390","1"
"9764","Pc","96146507","390","1"
"9764","Pc","96086223","390","1"
"9764","Pc","96086230","390","1"
"9763","Pc","4800888222831","940","1"
"9766","Pc","4005808692842","1120","1"
"9766","Pc","42216780","1120","1"
"9766","Pc","42097518","1120","1"
"9766","Pc","42126560","1120","1"
"9766","Pc","42097419","1120","1"
"9766","Pc","42107279","1120","1"
"7862","Pc","8717278897004","1050","1"
"7751","Pc","3014260305697","640","1"
"7751","Pc","3014260218799","640","1"
"8261","Pc","647356754401","120","1"
"8261","Pc","647356754340","120","1"
"8262","Pc","647356754333","150","1"
"8262","Pc","647356754418","150","1"
"9769","Pc","4902430919357","660","1"
"9773","POUCH","8034003070472","290","1"
"9774","Pkt","6924565966882","190","1"
"9774","Pkt","64032","190","1"
"9775","POUCH","3014260289287","690","1"
"9778","POUCH","7702018024759","630","1"
"9779","POUCH","4902430508377","940","1"
"9780","Pkt","4902430921817","1490","1"
"9781","Pump","3574660245844","1980","1"
"9781","Pump","3574661186009","1980","1"
"9785","POUCH","8851932188012","410","1"
"9785","POUCH","8851932187985","410","1"
"9785","POUCH","8851932188005","410","1"
"9785","POUCH","8851932288071","410","1"
"9787","Box","8594002689643","2580","1"
"9787","Box","5900627052220","2580","1"
"9788","BOTTLE","6925083610370","1180","1"
"9788","BOTTLE","6925083610332","1180","1"
"9788","BOTTLE","6925083610363","1180","1"
"9788","BOTTLE","64174","1180","1"
"9787","Box","4607109408551","2580","1"
"9789","Pc","037000496519","180","1"
"9790","Pc","073852029437","230","1"
"9793","Pkt","3574661421810","580","1"
"9885","TIN","6533411494730","390","1"
"1159","TIN","8411356775825","9150","1"
"2922","BOTTLE","8411356780096","1640","1"
"2328","BOTTLE","8411356780065","2770","1"
"4056","BOTTLE","8411356780072","3370","1"
"4720","BOTTLE","8411356780089","4280","1"
"9886","TIN","8411356781215","4340","1"
"1160","TIN","8411356775887","2970","1"
"1339","TIN","8411356773043","620","1"
"605","TIN","8411356775832","740","1"
"1021","TIN","8411356773005","1670","1"
"9887","BOTTLE","8411356773050","2930","1"
"9888","BOTTLE","8411356773104","1060","1"
"5374","BOTTLE","8411356773067","1640","1"
"9889","POUCH","65191","140","1"
"9890","POUCH","65201","180","1"
"9891","POUCH","65211","120","1"
"9892","POUCH","65221","250","1"
"9893","POUCH","65231","120","1"
"9894","Pc","65241","120","1"
"9895","Pc","65251","95","1"
"9896","Pc","65261","120","1"
"6157","Pc","25131","50","1"
"9898","Pc","65281","150","1"
"4758","Pc","06851","160","1"
"1565","Pc","44211","180","1"
"8532","Pc","50971","180","1"
"9798","Pc","64271","70","1"
"9799","Box","64281","130","1"
"9800","Box","64291","230","1"
"9801","Box","64301","340","1"
"9802","Pc","64311","140","1"
"9803","Box","64321","320","1"
"9804","Box","64331","20","1"
"9805","Box","64341","215","1"
"9806","Pc","5010622005029","480","1"
"9807","Pc","792554701518","180","1"
"9808","Pc","8886467067006","130","1"
"9808","Pc","8886467060090","130","1"
"9808","Pc","8886467067020","130","1"
"9808","Pc","8886467067013","130","1"
"9809","Pc","8886467067044","100","1"
"9810","Pc","3094905001092","120","1"
"9811","Pc","6001424129906","100","1"
"9812","Pc","6930009419104","145","1"
"9813","Pc","924237670006","95","1"
"9814","Pc","921343559027","80","1"
"7424","Pc","6934985787233","160","1"
"9815","POUCH","8964000525272","260","1"
"1090","Pc","9502930975355","220","1"
"2077","Pc","736211021571","370","1"
"7621","Pc","3607340000850","325","1"
"6984","Pc","8690973380913","580","1"
"6984","Pc","8690973375308","580","1"
"10991","Pc","109911","1390","1"
"10993","Pc","7308521671154","350","1"
"10993","Pc","7308521671130","350","1"
"10992","Pc","7308521671123","350","1"
"10992","Pc","7308521671147","350","1"
"10994","JAR","8801166270069","650","1"
"10995","Pc","109951","130","1"
"10997","POUCH","8961014247732","395","1"
"10998","POUCH","8961014260106","530","1"
"11005","Pkt","9200125210013","300","1"
"11009","Pc","76451","130","1"
"11010","Pc","76461","120","1"
"11011","Pc","2582121000216","65","1"
"11021","CTN","","2000","5"
"11214","Box","6931078930026","1340","1"
"12453","Pc","6251001300826","190","1"
"12452","Pkt","6251001310245","115","1"
"12454","Pc","6251001210316","290","1"
"12455","Pkt","6251001310269","205","1"
"12457","Pkt","4800361355872","1750","1"
"12458","POUCH","8964000061138","900","1"
"12459","POUCH","8964000062654","330","1"
"12460","POUCH","8964000062661","725","1"
"7635","BOTTLE","8886950018058","290","1"
"10903","BOTTLE","8886950018065","290","1"
"10904","POUCH","8886950018126","99","1"
"10905","POUCH","8886950018133","99","1"
"209","Pc","8886950072098","30","1"
"4291","POUCH","8992696416611","320","1"
"10916","Box","8991102381222","630","24"
"10916","Box","8991102381024","630","24"
"10916","Pc","8991102381215","30","1"
"10916","Pc","8991102381017","30","1"
"10914","Pc","8994251000099","300","1"
"10915","Pc","8994251000105","300","1"
"10917","Pc","8681259501870","70","1"
"10918","POUCH","9501034770774","165","1"
"10918","POUCH","9501034770767","165","1"
"10918","POUCH","9501034720755","165","1"
"10918","POUCH","9501034770750","165","1"
"10919","POUCH","9501034773034","450","1"
"10919","POUCH","9501034773584","450","1"
"10920","POUCH","4014400932140","1090","1"
"10922","JAR","8100080100002","125","1"
"10922","JAR","8200090600001","125","1"
"10922","JAR","8200080500007","125","1"
"10922","JAR","8100079900002","125","1"
"10922","JAR","8200080300003","125","1"
"4460","Pc","8719281045342","790","1"
"10416","Pc","6895988858880","80","1"
"10416","Pc","6933687885889","80","1"
"10416","Pc","6934215527318","80","1"
"10704","TIN","8964000660935","130","1"
"10705","TIN","8964000660966","130","1"
"10706","TIN","8964000660973","130","1"
"10708","TIN","8964000123270","100","1"
"10709","BOTTLE","8964000661314","420","1"
"10712","POUCH","5285000395140","90","1"
"10713","POUCH","8964001050292","1410","1"
"10714","POUCH","8964001050339","1410","1"
"10719","Pkt","8964001049210","1520","1"
"8236","POUCH","7622202334030","220","1"
"6681","Pc","7622201779221","20","1"
"6680","Pc","7622201779009","30","1"
"6632","Pc","7622210348876","430","1"
"10721","Box","7622201423841","700","36"
"10722","POUCH","7622202321344","150","1"
"10723","BOTTLE","8411356781567","10950","1"
"10727","JAR","8964000259948","430","1"
"10728","Pc","8964000505076","180","1"
"10729","Pc","8964000259078","240","1"
"10730","JAR","8964000257685","470","1"
"10731","BOTTLE","8964000259702","430","1"
"10732","Pc","8964000257425","290","1"
"10734","Pkt","8964000259085","170","1"
"10735","Pc","7647731954078","135","1"
"10736","Pc","9647366361225","200","1"
"10737","Pc","8964001076117","235","1"
"10738","JAR","8964000507650","430","1"
"8899","Pc","8964000982921","145","1"
"8901","Pc","8964000982891","820","1"
"10739","Pkt","8964000982945","425","1"
"10740","Pc","8964000981092","340","1"
"10741","Pc","705105552835","690","1"
"10742","Pc","718122099917","110","1"
"10743","Pc","7137571776348","230","1"
"10744","Pc","718122103218","520","1"
"10745","Pc","718122104215","95","1"
"10746","Pc","7181221034166","290","1"
"10189","Box","6970990211172","280","1"
"1690","Pc","653341104571","180","1"
"10753","Pc","019962812774","590","1"
"10752","Pc","019962812873","390","1"
"10755","JAR","620514015705","670","1"
"10756","Pkt","620514017198","170","1"
"10757","Pkt","8964000043226","290","1"
"10762","Box","8965310044613","115","1"
"10763","Box","8965310045719","115","1"
"10764","Box","8965310043340","115","1"
"10766","Pc","788821015426","265","1"
"2077","Pc","8991102023115","370","1"
"10768","Pc","3700082500135","740","1"
"10769","Pc","6965166868564","540","1"
"10769","Pc","6926593472786","540","1"
"10770","Pc","6300020152500","490","1"
"10770","Pc","6300020152531","490","1"
"10770","Pc","6300020180534","490","1"
"10770","Pc","6300020152623","490","1"
"10770","Pc","6300020152975","490","1"
"10770","Pc","7706390284084","490","1"
"10770","Pc","6300020156393","490","1"
"10770","Pc","6300020152999","490","1"
"10773","Box","74061","250","50"
"10773","Pc","mask","10","1"
"10774","TIN","300875124635","9850","1"
"10775","TIN","300875124642","9850","1"
"10776","TIN","300875124673","8950","1"
"10777","TIN","300875124697","9450","1"
"10780","Pc","8964000057308","170","1"
"10781","Pc","8964000057094","205","1"
"10782","JAR","*100195*","1470","1"
"10783","JAR","8964002522064","1070","1"
"10784","JAR","*888918*","440","1"
"10792","Pc","729872355987","80","1"
"10799","Box","8964000163108","540","1"
"10800","Box","8964000163153","1370","1"
"10801","Box","8964000163870","1280","1"
"10802","Box","8964000164204","1220","1"
"10803","Box","8964000164358","1240","1"
"10804","Box","8964000769331","960","1"
"10805","Box","8964000164228","1180","1"
"10806","Box","8964000769591","620","1"
"10807","Box","8964000769706","600","1"
"10808","Box","8964000769720","1130","1"
"10875","Pc","8964000876497","120","1"
"10873","Pc","8964000876459","110","1"
"10872","Pc","8964000876527","120","1"
"10876","Pc","8964000876084","35","1"
"10878","Pc","8964000876138","35","1"
"10877","Pc","8964000876114","35","1"
"10879","Pc","8964000876879","100","1"
"1055","Pkt","8961103601087","250","1"
"10882","Pc","8964000876503","20","1"
"10881","Pc","8964000876480","20","1"
"10880","Pc","8964000876466","20","1"
"10886","Pc","8964000535936","80","1"
"10885","Pc","6971539721312","40","1"
"10884","Pc","6934567890122","60","1"
"10887","Pc","8964002289202","130","1"
"10892","Pkt","8961100023387","460","1"
"10895","JAR","75301","300","1"
"10894","JAR","75291","120","1"
"10893","JAR","75281","60","1"
"10896","POUCH","8964000061275","545","1"
"10897","POUCH","8964000062616","725","1"
"10898","JAR","8964000061725","370","1"
"10900","Pc","75351","95","1"
"10901","Pkt","75361","270","1"
"10902","Pkt","75371","270","1"
"10888","Pc","8964002289165","110","1"
"10888","Pc","8964002289189","110","1"
"10890","Pc","8964002289066","110","1"
"10890","Pc","8964002289059","110","1"
"10889","Pc","8964002289080","130","1"
"10889","Pc","8964002289073","130","1"
"10925","Pc","6009679062382","115","1"
"10924","Pc","6009679062306","290","1"
"10927","Pc","6009679060630","240","1"
"10929","Pc","6009679062689","105","1"
"10928","Pc","6009679062696","210","1"
"10932","Pc","6009679060845","70","1"
"10931","Pc","6009679060517","95","1"
"10930","Pc","6009679060906","190","1"
"10935","JAR","6009679061545","125","1"
"10934","JAR","6009679061552","240","1"
"10933","JAR","6009679061569","145","1"
"10936","Pc","6009679061538","125","1"
"10938","Pc","6009679061477","210","1"
"10937","Pc","6009679061460","290","1"
"10939","JAR","6009679062511","240","1"
"10941","POUCH","8961008215617","1570","1"
"10942","SACHET","8961008211657","50","1"
"10943","POUCH","8961008216355","2500","1"
"10944","Pc","3431531740153","250","1"
"10945","Pc","3231531740159","550","1"
"10946","Pc","3331531740156","650","1"
"10947","Pc","4315317540108","380","1"
"10948","Pc","5315317540107","400","1"
"10950","Pc","5231531754017","600","1"
"10952","Pc","2231531754010","450","1"
"10954","Pc","1315317540101","550","1"
"10953","Pc","2315317540100","900","1"
"10957","Pc","3731531740154","440","1"
"10956","Pc","3153175401404","350","1"
"10955","Pc","3131531740152","580","1"
"10958","Pc","631531740157","580","1"
"10961","Pc","4031531754014","480","1"
"10960","Pc","3931531754018","480","1"
"10959","Pc","3831531754011","520","1"
"10964","Pc","4331531754015","520","1"
"10963","Pc","4231531754018","480","1"
"10962","Pc","4131531754011","480","1"
"10970","Pc","1931531754010","570","1"
"10969","Pc","1331531754018","570","1"
"10968","Pc","1731531754016","570","1"
"10967","Pc","1131531754014","570","1"
"10966","Pc","1031531754017","570","1"
"10965","Pc","931531754011","570","1"
"10976","Pc","2431531754014","390","1"
"10975","Pc","2531531754011","390","1"
"10974","Pc","109741","390","1"
"10973","Pc","","390","1"
"10546","Pc","6627267656654","480","1"
"10546","Pc","6627267656579","480","1"
"10546","Pc","6627267656883","480","1"
"10546","Pc","6627267656692","480","1"
"10548","Pc","6291110004284","430","1"
"10548","Pc","6291110010995","430","1"
"10548","Pc","6291110012142","430","1"
"10548","Pc","6291110003430","430","1"
"10548","Pc","6291110090942","430","1"
"10548","Pc","6291110018366","430","1"
"10548","Pc","6291110004734","430","1"
"10548","Pc","6291110004109","430","1"
"10548","Pc","6291110004727","430","1"
"10548","Pc","6291110004567","430","1"
"10548","Pc","6291110098610","430","1"
"10549","Pc","105491","1190","1"
"10550","Pc","105501","770","1"
"676","Pc","8964000833988","440","1"
"1152","BOTTLE","33316","880","1"
"10551","Pc","6294015103427","745","1"
"10551","Pc","6294015103434","745","1"
"10551","Pc","6294015131550","745","1"
"10551","Pc","6294015103441","745","1"
"10554","Pc","2554562861251","200","1"
"10555","Pc","2222320121007","220","1"
"10557","Pc","71881","200","1"
"2569","Pc","300666918474","300","1"
"2569","Pc","1014607220043","300","1"
"10574","Box","8964000684702","210","1"
"10575","Box","8964002759613","230","1"
"10576","Pc","6001106309770","610","1"
"10579","Pc","8961101230524","1850","1"
"10581","Pc","8961101230517","1850","1"
"10582","500g","72131","115","0.5"
"10582","1kg","72132","230","1"
"8227","500g","47772","75","0.5"
"10583","POUCH","8850086193019","1090","1"
"10584","Box","745114675057","3540","1"
"3822","TIN","7613035598126","2230","1"
"6118","Pkt","4800361412520","1250","1"
"10586","TIN","4800361414531","5700","1"
"3823","TIN","4800361412469","5700","1"
"10588","Pkt","8961008214108","790","1"
"10612","POUCH","8964000161036","970","1"
"10613","POUCH","8964000159989","970","1"
"10614","Pc","8964000159156","450","1"
"10615","Pc","8964000159149","1110","1"
"10616","Pc","8964000159545","1130","1"
"10618","Pc","8964000159347","700","1"
"10619","Pc","8964000159439","420","1"
"10620","Pc","8964000160275","330","1"
"10622","POUCH","8964000161104","750","1"
"10624","Pc","8964000159552","500","1"
"10625","Pc","8964000159569","910","1"
"10628","Pc","8964000159408","620","1"
"10629","Pc","8964000159996","910","1"
"10630","Pc","8964000160015","670","1"
"10631","POUCH","8964000159064","230","1"
"10632","POUCH","8964000160398","1300","1"
"10633","POUCH","8964000160046","900","1"
"10634","POUCH","8964000159354","185","1"
"10635","POUCH","8964000159361","700","1"
"10636","POUCH","8964000160121","240","1"
"10637","Pc","8964000161074","1050","1"
"10638","Pc","8964000161128","1030","1"
"10639","Pc","8964000161111","1040","1"
"10645","Pc","8961100022984","45","1"
"10646","Pkt","6223004790126","170","1"
"10649","POUCH","8961014033854","199","1"
"10650","Pc","8961014236835","370","1"
"1262","POUCH","8961014236675","1610","1"
"1263","POUCH","8961014236644","2430","1"
"10651","POUCH","8961014237245","10","1"
"3542","Pc","8961014236705","50","1"
"7816","BOTTLE","8961014247008","425","1"
"10652","POUCH","8961014247749","395","1"
"2110","TIN","8710428016591","3070","1"
"10654","TIN","8710428016577","6100","1"
"10655","TIN","8710428996077","3770","1"
"4331","TIN","8886451004567","6800","1"
"4610","TIN","8886451004536","6800","1"
"4611","TIN","8886451004505","6800","1"
"10656","TIN","8710428009074","3200","1"
"10662","TIN","8427030005454","3160","1"
"10661","TIN","8427030005447","3160","1"
"10659","TIN","5391523052528","3020","1"
"10658","TIN","5099864017823","3150","1"
"10657","TIN","8427030005676","3400","1"
"10660","TIN","8427030005430","3160","1"
"10664","BOTTLE","6053889441253","18","1"
"10810","Pkt","74431","170","1"
"10811","Pc","108111","1060","1"
"10816","Pc","8050455007149","2360","1"
"10815","Pc","8025337313038","3080","1"
"10814","Pc","108141","270","1"
"10813","Pc","108131","480","1"
"10817","Pc","8074690013543","1750","1"
"10823","Pc","331078600251","560","1"
"10822","Pc","331078600091","670","1"
"10821","Pc","331078600039","520","1"
"10820","Pc","331078600084","640","1"
"10819","Pc","331078600022","680","1"
"10818","Pc","331078600107","690","1"
"10826","Pc","331078600237","520","1"
"10825","Pc","331078600305","560","1"
"10824","Pc","0331078600268","540","1"
"10830","Pc","058695780839","480","1"
"10828","Pc","331078600046","640","1"
"10827","Pc","331078600077","750","1"
"10595","BOTTLE","855434002201","280","1"
"10594","BOTTLE","855434000443","670","1"
"10596","Pc","8964002612628","150","1"
"10597","Pc","8964002612635","90","1"
"10598","Pc","8964001374091","110","1"
"10599","Pc","8964002612734","30","1"
"10600","JAR","8964001374756","100","1"
"10601","Pc","8964001374220","150","1"
"10602","Pc","8964002334445","20","1"
"10603","Pc","8964002334056","50","1"
"10604","Pc","8964002334032","60","1"
"10609","POUCH","788821011695","100","1"
"10831","Box","8961101782993","175","1"
"10832","Box","8961101783235","235","1"
"9913","Pc","Sheet","30","1"
"10836","Box","769503783727","235","1"
"10837","Box","8961101783471","170","1"
"10372","Pc","anvilab","10","1"
"10839","Pc","8964000798843","60","1"
"10840","Pc","8964000798546","80","1"
"10841","Pc","8964000798492","110","1"
"10842","Pc","8964000800003","100","1"
"10843","Pc","8964000799086","70","1"
"10843","Pc","8964000799000","70","1"
"10843","Pc","8964000799420","70","1"
"10843","Pc","8964000798966","70","1"
"10844","Pc","74791","860","1"
"75","Pkt","695240212261","450","1"
"10846","Pkt","8964003094317","200","1"
"10847","Pc","74821","30","1"
"11215","Pc","788364955043","190","1"
"10849","Pc","817074007008","200","1"
"10851","Pc","6518931885510","90","1"
"10851","Pc","6518931888474","90","1"
"10851","Pc","6518931886777","90","1"
"10851","Pc","6518931889556","90","1"
"10852","Pkt","6284792268006","210","1"
"10853","Pkt","6284795397017","350","1"
"10859","JAR","8964000570241","160","1"
"7659","Pc","8964000572146","125","1"
"10863","Pc","108631","1090","1"
"9837","Pc","8964000835081","270","1"
"9837","Pc","8964000835067","270","1"
"9837","Pc"," 8964000835074","270","1"
"9837","Pc","8964000835180","270","1"
"9837","Pc","8964000835197","270","1"
"10972","Pc","2131531754013","390","1"
"10971","Pc","2031531754016","390","1"
"10985","Pc","76201","120","1"
"9618","Pc","62451","2640","1"
"9619","Pc","62461","230","1"
"9620","Pc","62471","610","1"
"9621","Pc","62481","850","1"
"9622","Pc","62491","630","1"
"9623","Pkt","62501","390","1"
"9624","Pkt","62511","410","1"
"9625","Pkt","62521","615","1"
"9626","Pc","754604760258","890","1"
"9627","Pc","754604500052","760","1"
"9627","Pc","754604500144","760","1"
"9627","Pc","754604500014","760","1"
"9627","Pc","754604500113","760","1"
"9627","Pc","754604500090","760","1"
"9627","Pc","754604500137","760","1"
"9627","Pc","754604500038","760","1"
"9627","Pc","754604500076","760","1"
"9628","Pc","754604370303","570","1"
"9628","Pc","754604370334","570","1"
"9628","Pc","754604370310","570","1"
"9629","Pc","754604370341","570","1"
"9629","Pc","754604370358","570","1"
"9629","Pc","754604370365","570","1"
"9630","Pc","754604370167","570","1"
"9630","Pc","754604371065","570","1"
"9630","Pc","754604370181","570","1"
"9630","Pc","754604370143","570","1"
"9630","Pc","754604371058","570","1"
"9630","Pc","754604370174","570","1"
"9630","Pc","754604370150","570","1"
"9630","Pc","754604370129","570","1"
"9630","Pc","754604370136","570","1"
"9630","Pc","754604371027","570","1"
"9631","Pc","754604371010","570","1"
"9631","Pc","754604371072","570","1"
"9632","Pc","5000231008832","369","1"
"9633","Pc","745114129338","249","1"
"9633","Pc","745114129352","249","1"
"9633","Pc","745114129321","249","1"
"9633","Pc","745114129369","249","1"
"9634","Pc","754604523105","1270","1"
"9634","Pc","754604755513","1270","1"
"9634","Pc","754604755698","1270","1"
"9634","Pc","754604755667","1270","1"
"9634","Pc","754604755537","1270","1"
"9635","Pc","754604755582","1270","1"
"9635","Pc","754604523006","1270","1"
"9636","Pc","754604755681","1270","1"
"9637","Pc","754604755605","1270","1"
"9638","Pc","754604755674","1270","1"
"9639","Pc","754604513014","940","1"
"9639","Pc","754604513007","940","1"
"9639","Pc","754604755780","940","1"
"9640","Pc","754604755810","940","1"
"9640","Pc","754604755797","940","1"
"9641","Pc","754604755735","940","1"
"9641","Pc","754604755711","940","1"
"9641","Pc","754604755896","940","1"
"9642","Pc","754604755902","940","1"
"9642","Pc","733675756063","940","1"
"9643","BOTTLE","309973843004","990","1"
"9644","Pc","6294008900149","490","1"
"9669","BOTTLE","6297000226224","1140","1"
"4112","Pc","8999777012984","1070","1"
"9655","Pc","5010724280300","1230","1"
"756","BOTTLE","21483","340","1"
"9673","Pc","8901012188026","445","1"
"9673","Pc","8901012188057","445","1"
"9673","Pc","8901012188088","445","1"
"3020","BOTTLE","8410207100724","960","1"
"2821","BOTTLE","3574669909938","620","1"
"6626","JAR","4005808890507","1190","1"
"6625","JAR","4005900009135","880","1"
"9676","JAR","6001011321133","720","1"
"9677","Pc","5021156120058","625","1"
"9678","Pc","8851932355452","490","1"
"9683","Pc","8901177703171","190","1"
"9684","JAR","6291069655018","730","1"
"2071","BOTTLE","3574669907842","780","1"
"9685","JAR","3574661427706","525","1"
"9686","JAR","6291069708196","530","1"
"9686","JAR","6291069655001","530","1"
"9686","JAR","6291069654509","530","1"
"9686","JAR","6291069708202","530","1"
"2366","Pc","3574669908016","940","1"
"351","Pc","3574669908030","790","1"
"9688","Pc","3600520337630","1180","1"
"9688","Pc","5011408063882","1180","1"
"9690","BOTTLE","5012583203063","790","1"
"9690","BOTTLE","5012583203070","790","1"
"6882","BOTTLE","8993417400216","540","1"
"6882","BOTTLE","8993417400223","540","1"
"6882","BOTTLE","8993417400247","540","1"
"6465","Pc","28592","150","1"
"9691","Pc","63191","160","1"
"6381","Pc","27562","170","1"
"9683","Pc","63112","190","1"
"9693","JAR","4902806000306","990","1"
"9693","JAR","4902806008616","990","1"
"9693","JAR","4902806000269","990","1"
"7851","Pc","458963214863","170","1"
"9695","Pc","63231","160","1"
"9697","BOTTLE","4005900230836","1740","1"
"9698","Pkt","305210232518","590","1"
"9698","Pkt","305210231597","590","1"
"9698","Pkt","305210206779","590","1"
"9698","Pkt","305210464728","590","1"
"9699","BOTTLE","4902430400947","330","1"
"9700","BOTTLE","8993417310232","390","1"
"9700","BOTTLE","8993417310263","390","1"
"9701","BOTTLE","8993417312236","490","1"
"9701","BOTTLE","8993417312267","490","1"
"9701","BOTTLE","8993417312250","490","1"
"9703","JAR","8888202056092","590","1"
"9703","JAR","8888202056108","590","1"
"9704","JAR","8888202056146","970","1"
"9704","JAR","8888202056139","970","1"
"10118","Pc","6281085025896","260","1"
"10118","Pc","6281085026091","260","1"
"10118","Pc","6281085026411","260","1"
"10118","Pc","6281085025773","260","1"
"10118","Pc","6281085025698","260","1"
"10178","Pc","8992741941006","50","1"
"10179","Pc","40111216","290","1"
"10180","POUCH","8990800020013","430","1"
"10181","POUCH","9556173381930","185","1"
"10181","POUCH","9556173386096","185","1"
"10181","POUCH","9556173386461","185","1"
"10181","POUCH","9556173386119","185","1"
"10181","POUCH","9556173386126","185","1"
"10182","Pc","80052487","460","1"
"10183","POUCH","80052760","410","1"
"8047","Pc","45832","240","1"
"10184","Pc","","70","1"
"10185","Pc","49814521","40","1"
"10186","Pc","68161","100","1"
"10187","Pc","8000500328668","100","1"
"10187","Pc","8000500257319","100","1"
"10189","Box","6970990211165","280","1"
"10189","Box","6970990211196","280","1"
"10189","Box","6970990211202","280","1"
"10190","BOTTLE","6281034904456","430","1"
"10190","BOTTLE","6281034902629","430","1"
"10190","BOTTLE","6281034900601","430","1"
"10190","BOTTLE","6281034007041","430","1"
"10190","BOTTLE","6281034007140","430","1"
"10191","BOTTLE","8850135557441","390","1"
"10191","BOTTLE","8850135557779","390","1"
"10191","BOTTLE","8850135557229","390","1"
"10191","BOTTLE","8850135557335","390","1"
"7291","BOTTLE","8855044013217","150","1"
"7291","BOTTLE","8855044012920","150","1"
"10236","Pc","Coffee Glass","7","1"
"10237","Pc","glass l","10","1"
"10239","Pc","68691","195","1"
"10240","Pc","68701","240","1"
"10238","Pc","68681","200","1"
"10241","Pc","Ludo Coin","20","1"
"10242","Pc","68731","10","1"
"10243","Pc","68741","20","1"
"10244","Box","68751","890","1"
"10247","Box","68781","1050","1"
"10250","pc","68811","285","1"
"10251","Pc","68821","285","1"
"10252","Pc","68831","415","1"
"10253","Pc","68841","165","1"
"10254","Pc","68851","380","1"
"10255","Pc","68861","470","1"
"10256","Pc","68871","945","1"
"10257","Pc","68881","380","1"
"10258","Pc","68891","325","1"
"10259","Pc","68901","295","1"
"10260","Pc","68911","245","1"
"10261","Pc","68921","275","1"
"10262","Pc","68931","330","1"
"10263","Pc","68941","245","1"
"10264","Pc","68951","230","1"
"10265","Pc","68961","345","1"
"10266","Pc","68971","215","1"
"10267","Pc","68981","260","1"
"10268","Pc","68991","295","1"
"10269","Pc","69001","230","1"
"10270","Pc","69011","375","1"
"10271","Pc","69021","440","1"
"10272","Pc","69031","205","1"
"10273","Pc","69041","260","1"
"10274","Pc","69051","290","1"
"8337","Pc","8710908778230","1250","1"
"8337","Pc","8710908776663","1250","1"
"9706","Pump","8888202003829","1630","1"
"9706","Pump","8888202035202","1630","1"
"9706","Pump","8888202062673","1630","1"
"9706","Pump","8888202055835","1630","1"
"9706","Pump","8888202065742","1630","1"
"9706","Pump","8888202026835","1630","1"
"9706","Pump","8888202045751","1630","1"
"4113","Pc","3574660602500","530","1"
"5174","Pc","8888202062468","620","1"
"9707","Pump","8888202063175","1390","1"
"9707","Pump","8888202003089","1390","1"
"9707","Pump","8888202062475","1390","1"
"9707","Pump","8888202026798","1390","1"
"9707","Pump","8888202065698","1390","1"
"2837","Pc","8888202065049","350","1"
"9709","BOTTLE","8993417402234","680","1"
"9709","BOTTLE","8993417402210","680","1"
"9709","BOTTLE","8993417402241","680","1"
"356","Pc","3574660674293","770","1"
"356","Pc","8850007011187","770","1"
"356","Pc","8850007012504","770","1"
"8258","Pc","8717163972717","540","1"
"9710","Pc","8901248104043","920","1"
"6662","Pc","0108901248451222","880","1"
"2946","Pc","80126","990","1"
"9711","BOTTLE","8714100184943","1120","1"
"9876","BOTTLE","8410159047375","880","1"
"9877","BOTTLE","8410159267117","860","1"
"9878","BOTTLE","8410159362102","570","1"
"9880","TIN","8850585991802","180","1"
"9881","TIN","2063208198366","820","1"
"9882","TIN","9556385248946","550","1"
"9883","TIN","9556390008689","275","1"
"9883","TIN","8853333002195","275","1"
"9884","TIN","6533411384772","380","1"
"9899","Pc","65291","145","1"
"9900","POUCH","65301","330","1"
"9901","Pc","65311","330","1"
"9902","POUCH","65321","90","1"
"9903","Pc","65331","140","1"
"9904","Pc","65341","260","1"
"9905","Pc","65351","300","1"
"9906","Pc","65361","280","1"
"9907","Pkt","65371","230","1"
"9908","POUCH","65381","150","1"
"9909","POUCH","65391","190","1"
"9910","POUCH","65401","70","1"
"9911","POUCH","65411","575","1"
"9912","Pc","65421","80","1"
"9913","Pc","65431","30","1"
"9914","Pc","65441","220","1"
"9915","Pc","65451","330","1"
"9916","Pc","65461","160","1"
"9917","POUCH","65471","95","1"
"9918","Pc","65481","120","1"
"9919","Pc","65491","60","1"
"9827","Pc","8302016880549","690","1"
"9827","Pc","3610400001421","690","1"
"9827","Pc","3610400001414","690","1"
"9827","Pc","8309620392277","690","1"
"9827","Pc","3610400034351","690","1"
"9827","Pc","8305602784504","690","1"
"9828","Pc","6920354812866","280","1"
"9829","Pc","8850002008663","170","1"
"9830","Pc","8934839122492","290","1"
"3547","Pc","8999999507428","445","1"
"2062","Pc","8999999008482","460","1"
"2062","Pc","6281006413009","460","1"
"2062","Pc","6281006412965","460","1"
"2062","Pc","6281006412989","460","1"
"9831","Pc","9310042627501","930","1"
"2919","Pc","8718951291010","440","1"
"2919","Pc","6920354824845","440","1"
"9834","Pc","8886950052175","170","1"
"9836","Pc","745125120119","220","1"
"9836","Pc","745125120126","220","1"
"9836","Pc","745125120133","220","1"
"9836","Pc","745125120089","220","1"
"9836","Pc","745125120041","220","1"
"9836","Pc","745125120034","220","1"
"9836","Pc","745125120058","220","1"
"9836","Pc","745125120027","220","1"
"9836","Pc","745125120003","220","1"
"9836","Pc","745125120010","220","1"
"6702","Pc","6769791001422","350","1"
"6702","pc","3571700296446","350","1"
"6702","Pc","3571700296422","350","1"
"6702","Pc","676979100982","350","1"
"6702","Pc","3571700293957","350","1"
"6702","Pc","676979100937","350","1"
"6702","Pc","6769791001590","350","1"
"6702","Pc","676979100944","350","1"
"6702","Pc","3571700296439","350","1"
"9838","Pc","6291107670478","360","1"
"9838","Pc","6291107670409","360","1"
"9838","Pc","6291107670454","360","1"
"9838","Pc","6291107670393","360","1"
"9838","Pc","6291107670423","360","1"
"9838","Pc","6291107670461","360","1"
"9838","Pc","6291107670416","360","1"
"9838","Pc","6291107670430","360","1"
"9838","Pc","6291107670386","360","1"
"9839","Pc","6291107671413","230","1"
"9839","Pc","6291107671369","230","1"
"9839","Pc","6291107671406","230","1"
"9839","Pc","6291107671383","230","1"
"9839","Pc","6291107671420","230","1"
"9839","Pc","6291107671352","230","1"
"9839","Pc","6291107671444","230","1"
"9840","JAR","64701","295","1"
"1661","TIN","4005808222698","1790","1"
"9841","BOTTLE","8850007816669","1150","1"
"9841","BOTTLE","8992725910431","1150","1"
"9841","BOTTLE","8992725910226","1150","1"
"9858","JAR","4607085440385","950","1"
"9859","POUCH","64891","50","1"
"9861","JAR","6924996901520","360","1"
"9862","JAR","6294232273002","490","1"
"1027","BOTTLE","5000204120202","490","1"
"9863","BOTTLE","8699621303045","220","1"
"9864","Box","9066085415284","680","1"
"9865","Box","9066085415291","1350","1"
"9866","JAR","717273501751","370","1"
"9867","Pc","717273600065","590","1"
"9868","JAR","8850086181405","1850","1"
"9869","POUCH","9066085413136","1080","1"
"9869","POUCH","9066085112800","1080","1"
"9869","POUCH","9066085112008","1080","1"
"9871","JAR","6954237224347","1080","1"
"9871","JAR","6954237227348","1080","1"
"9872","JAR","6954237224514","1580","1"
"9872","JAR","6954237227515","1580","1"
"9873","JAR","717273501799","780","1"
"9921","POUCH","65511","220","1"
"9920","Pc","65501","390","1"
"9922","Pc","65521","260","1"
"9923","Pc","65531","230","1"
"9924","Pc","65541","490","1"
"9925","Pc","65551","790","1"
"9926","Pc","65561","520","1"
"9927","Pc","65571","620","1"
"9928","Pc","65581","460","1"
"9929","Pc","65591","580","1"
"9930","Pc","65601","640","1"
"9931","Pc","65611","220","1"
"9932","Pc","65621","230","1"
"9933","Pc","65631","390","1"
"9934","Pc","65641","170","1"
"9935","Pc","65651","320","1"
"9936","Pc","65661","370","1"
"9937","Pc","65671","110","1"
"9938","Pc","65681","190","1"
"9939","Pc","65691","110","1"
"9940","Pc","65701","110","1"
"9941","POUCH","65711","350","1"
"9942","Box","65721","460","1"
"9943","Box","65731","1730","1"
"9944","Pc","65741","640","1"
"9945","Pc","65751","230","1"
"9946","Pc","65761","320","1"
"9947","Pc","65771","340","1"
"9948","Pc","65781","1960","1"
"6411","Pc","614514310069","2870","1"
"9949","Pc","614514950012","2650","1"
"9951","Pc","6151513645128","1920","1"
"2209","Pc","5000386004628","1740","1"
"9952","Pc","3700082500043","3470","1"
"9953","Pc","3700082500401","3480","1"
"9953","Pc","3700082500371","3480","1"
"9954","Pc","614514113011","2480","1"
"9955","Pc","614514670439","1950","1"
"9956","Pc","614514214015","2780","1"
"9957","Pc","6290171030072","3340","1"
"9957","Pc","6290171030089","3340","1"
"9958","Pc","3546754845414","890","1"
"9958","Pc","3546754887452","890","1"
"9960","Pc","6479211627964","1890","1"
"9961","Pc","3414206000608","9750","1"
"9962","Pc","3414206000592","6300","1"
"9965","Pc","3454548878459","980","1"
"9965","Pc","3454548873652","980","1"
"9966","Pc","6345018524754","2450","1"
"9967","Pc","679523153861","1260","1"
"9967","Pc","679523153908","1260","1"
"9967","Pc","679523154172","1260","1"
"9967","Pc","6152457053485","1260","1"
"9967","Pc","6152457053449","1260","1"
"9967","Pc","6152457053494","1260","1"
"9967","Pc","6460459062266","1260","1"
"9967","Pc","679523153922","1260","1"
"9967","Pc","679523154073","1260","1"
"9967","Pc","679523153915","1260","1"
"9967","Pc","6460459062518","1260","1"
"9967","Pc","6152452354560","1260","1"
"9967","Pc","6460459062228","1260","1"
"9967","Pc","6460459062822","1260","1"
"9968","Pc","8002135111974","4870","1"
"9968","Pc","8002135139053","4870","1"
"9969","Pc","3414202000572","9650","1"
"9970","Pc","3414202011752","8870","1"
"9971","Pc","8411061853160","21400","1"
"9972","Pc","3616304062490","13450","1"
"9973","Pc","783320413711","17400","1"
"9974","Pc","088300605514","11400","1"
"9975","Pc","8011003995967","17750","1"
"9976","Pc","8011003825745","17700","1"
"9977","Pc","3386460032681","9870","1"
"9978","Pc","8011003809219","18700","1"
"9979","Pc","085715801067","9340","1"
"2172","Pc","085715801555","9800","1"
"9980","Pc","3595471061096","7650","1"
"9981","Pc","3595471041197","4750","1"
"6984","Pc","8690973050571","580","1"
"9816","Pc","4015001011388","660","1"
"9816","Pc","6281031266380","660","1"
"9816","Pc","4015000536691","660","1"
"9816","Pc","4015000615921","660","1"
"9816","Pc","4015000615884","660","1"
"9816","Pc","6192430003066","660","1"
"9816","Pc","4015000519915","660","1"
"9816","Pc","6281031266472","660","1"
"9816","Pc","8690572778326","660","1"
"9816","Pc","4015000978897","660","1"
"9816","Pc","4015001011371","660","1"
"9816","Pc","6281031259450","660","1"
"9816","Pc","4015000997430","660","1"
"9817","Pc","6297000669045","820","1"
"5193","Pc","4005900401403","620","1"
"9817","Pc","6297000442051","820","1"
"9817","Pc","6297000669434","820","1"
"9817","Pc","6297000226699","820","1"
"9817","Pc","5014697027924","820","1"
"9817","Pc","5014697027986","820","1"
"10275","Pc","69061","225","1"
"10276","Pc","69071","240","1"
"10277","Pc","69081","245","1"
"10278","Pc","69091","240","1"
"10279","Pc","69101","120","1"
"10280","Pc","69111","410","1"
"10281","Pc","69121","35","1"
"10282","Pc","69131","20","1"
"10283","Pc","69141","30","1"
"10284","Pc","69151","20","1"
"10285","Pc","69161","35","1"
"10286","Pc","69171","90","1"
"10287","Pc","69181","85","1"
"10288","Pc","69191","340","1"
"10289","Pc","69201","40","1"
"10290","Pc","69211","110","1"
"10291","Pc","69221","170","1"
"10292","Pc","69231","320","1"
"10293","Pc","69241","45","1"
"10294","Pc","69251","160","1"
"10295","Pc","69261","25","1"
"10296","Pc","69271","40","1"
"10297","Pc","69281","220","1"
"10298","Pc","69291","190","1"
"10299","Pc","69301","60","1"
"10300","Pc","69311","140","1"
"10301","Pc","69321","70","1"
"10302","Pc","69331","245","1"
"10303","Pc","69341","40","1"
"10304","Pc","69351","90","1"
"10305","Pc","69361","130","1"
"10306","Pc","69371","45","1"
"10307","Pc","69381","40","1"
"10308","Pc","69391","290","1"
"10309","Pc","69401","50","1"
"10310","Pc","69411","95","1"
"10311","Pc","69421","80","1"
"10312","Pc","69431","70","1"
"10313","Pc","69441","85","1"
"10507","Pc","6291101525989","20","1"
"10358","Pc","8964001199090","170","1"
"10359","Pkt","5052197050738","1650","1"
"10360","POUCH","69911","25","1"
"10361","Pc","070907003831","35","1"
"10362","Box","9555617300773","280","1"
"10362","Box","9555617300780","280","1"
"10363","Pc","9555617302302","250","1"
"10364","Pc","9555617300742","280","1"
"10368","Pkt","4904530581908","350","1"
"5750","Pkt","4904530591570","90","1"
"10370","Pkt","4904530584923","90","1"
"10369","Pkt","043297013346","180","1"
"10371","Pc","70021","1840","1"
"1535","Pc","15353","60","1"
"1802","Pc","tape 20","20","1"
"1822","Pc","uhu","60","1"
"10372","POUCH","70031","200","25"
"3328","Pc","lighter","40","1"
"10373","Box","70041","985","1"
"10375","Box","70061","1130","1"
"10376","Pc","70071","660","1"
"10374","Box","70051","2270","1"
"10377","Box","70081","1120","1"
"10378","Bag","70091","1890","1"
"10379","Pkt","70101","720","1"
"10380","POUCH","70111","365","1"
"10381","POUCH","70121","920","1"
"10382","Pkt","70131","480","1"
"10383","Box","70141","6130","1"
"10384","POUCH","70151","740","1"
"10385","POUCH","70161","545","1"
"10386","Box","70171","790","1"
"10387","Box","70181","1490","1"
"10388","Box","855434000535","210","1"
"10395","Pkt","70266","270","1"
"10396","Pkt","6971123983201","190","1"
"10396","Pkt","6971123983584","190","1"
"10396","Pkt","6971123983843","190","1"
"10396","Pkt","6949832800157","190","1"
"10396","Pkt","6971123983850","190","1"
"10396","Pkt","70276","190","1"
"10397","Pkt","6950652882438","1360","1"
"10397","Pkt","70282","1360","1"
"10398","Pc","70291","490","1"
"10398","Pc","6584515467861","490","1"
"10398","Pc","6936711479412","490","1"
"10398","Pc","6973017980495","490","1"
"10399","POUCH","70301","340","1"
"10400","POUCH","6930691018029","580","1"
"10400","POUCH","70312","580","1"
"10401","Pkt","70321","165","1"
"10401","Pkt","639277828705","165","1"
"10401","Pkt","639277710109","165","1"
"10401","Pkt","639277710024","165","1"
"10402","Pkt","70331","99","1"
"10402","Pkt","6959920233187","99","1"
"10403","POUCH","70341","80","1"
"10404","POUCH","70351","325","1"
"10404","POUCH","6936064355050","325","1"
"10405","POUCH","70361","340","1"
"10406","pkt","70371","245","1"
"10407","Pkt","70381","390","1"
"10408","POUCH","70391","730","1"
"10409","POUCH","70401","320","1"
"10479","SACHET","8886950011707","50","1"
"10480","SACHET","8886950012247","10","1"
"10481","SACHET","8886950013763","10","1"
"10482","POUCH","8886950013848","225","1"
"10483","BOTTLE","8886950096407","445","1"
"10484","BOTTLE","8886950096391","395","1"
"10485","POUCH","8886950085258","265","1"
"10486","JAR","8886950086033","885","1"
"10487","Pack","8886950086248","550","1"
"10488","POUCH","8886950037103","465","1"
"10489","BOTTLE","8886950035086","390","1"
"10491","BOTTLE","8850006304792","680","1"
"10491","BOTTLE","8718951178748","680","1"
"10491","BOTTLE","8850006304785","680","1"
"10492","Pc","8908001158602","790","1"
"10493","Pc","8908001158794","790","1"
"12653","Pc","6277540606144","690","1"
"10508","Pc","6291101523336","75","1"
"10511","Pc","6291101524104","55","1"
"10512","Pc","6291101524111","70","1"
"10513","Box","8964000064191","830","1"
"10514","Box","8964000064207","695","1"
"10517","Box","8964000064474","650","1"
"10516","Box","8964000064146","580","1"
"10515","Box","8964000064290","690","1"
"10518","Box","8964000064177","130","1"
"10519","Box","8964000064030","175","1"
"10520","Box","8964000064528","170","1"
"10521","Box","8964000064832","75","1"
"10522","POUCH","8964000241042","30","1"
"10523","POUCH","8964000241004","160","1"
"10524","POUCH","8964000241028","160","1"
"10525","POUCH","8964000241035","160","1"
"10527","POUCH","8964000241646","200","1"
"10526","POUCH","8964000241257","200","1"
"10528","POUCH","8850477001626","2490","1"
"10529","POUCH","8850477001657","2490","1"
"10531","Pc","8964003820053","730","1"
"10532","Pc","8964002137404","260","1"
"10533","Pc","8964002137411","270","1"
"10534","Pc","8964002137244","145","1"
"10535","Pc","8964002137237","80","1"
"10536","Box","4988167012622","60","1"
"10537","POUCH","8964000090435","100","1"
"10538","Pc","8964000090411","100","1"
"12327","Pc","6262373500332","40","1"
"7396","2Kg","73962","620","2"
"7396","5Kg","73963","1550","5"
"10539","Bag","71701","400","1"
"10540","Bag","5236514598305","2000","1"
"10541","Bag","5236514598510","4000","1"
"9443","2Kg","60703","70","2"
"738","Pc","6755663696193","1230","1"
"738","Pc","6953432572482","1230","1"
"738","Pc","6755663696186","1230","1"
"738","Pc","6290552271568","1230","1"
"738","Pc","6455211254478","1230","1"
"738","Pc","6296565485923","1230","1"
"738","Pc","6455251547554","1230","1"
"738","Pc","6455289956113","1230","1"
"738","Pc","6953457515846","1230","1"
"10542","Pc","5055810012342","880","1"
"10542","Pc","5055810012311","880","1"
"10542","Pc","5055810008758","880","1"
"10542","Pc","5055810012380","880","1"
"10542","Pc","5055810012359","880","1"
"10542","Pc","5055810012335","880","1"
"10542","Pc","5055810012328","880","1"
"10542","Pc","5055810008765","880","1"
"10542","Pc","5055810012304","880","1"
"10542","Pc","5055810008741","880","1"
"10543","Pc","9911100199949","2230","1"
"10546","Pc","6627267656869","480","1"
"10546","Pc","6627267656524","480","1"
"10546","Pc","6627267656562","480","1"
"10546","Pc","6627267656685","480","1"
"10546","Pc","6627267656807","480","1"
"10546","Pc","6627267656708","480","1"
"10546","Pc","6627267656548","480","1"
"10546","Pc","6627267656913","480","1"
"10546","Pc","6627267656517","480","1"
"10546","Pc","6627267656906","480","1"
"10546","Pc","6627267656661","480","1"
"10546","Pc","6627267656180","480","1"
"10546","Pc","6627267656623","480","1"
"2569","Pc","74264","300","1"
"10560","Pc","8765842351223","250","1"
"10561","Pc","043194144754","200","1"
"10563","Pc","71941","200","1"
"10564","Pc","4561237891114","200","1"
"10564","Pc","288003675382","200","1"
"10565","Pc","3254896582547","290","1"
"10568","Pc","5259005542519","180","1"
"3761","Pc","8548542202176","290","1"
"10570","Pc","8901030696817","100","1"
"10570","Pc","72012","100","1"
"10571","Box","8964002759552","235","1"
"10677","CTN","8964000002179","2900","5"
"10677","POUCH","8964000002131","580","1"
"9712","Pc","8710522926789","640","1"
"9713","Pc","4902806003277","470","1"
"2949","BOTTLE","8717163023839","740","1"
"9668","Pc","4015600862343","1290","1"
"9717","BOTTLE","8901030667169","450","1"
"9718","Pc","8999999564254","890","1"
"9719","Pc","8851932391825","925","1"
"9723","Pc","8712561190435","770","1"
"9723","Pc","42153184","770","1"
"9723","Pc","42182740","770","1"
"9723","Pc","8711700719308","770","1"
"9723","Pc","40883564","770","1"
"9724","JAR","667258002059","770","1"
"9725","Pc","4987176244987","1220","1"
"9726","Pc","8999999539382","340","1"
"9726","Pc","8901030710315","340","1"
"9726","Pc","8999999001506","340","1"
"9726","Pc","8999999001476","340","1"
"9727","BOTTLE","3600540519566","1640","1"
"9727","BOTTLE","3600541284470","1640","1"
"9727","BOTTLE","3600542134767","1640","1"
"9727","BOTTLE","3600540519528","1640","1"
"9727","BOTTLE","3600541702479","1640","1"
"9728","Pc","8903459201412","365","1"
"9729","BOTTLE","6221048062339","1160","1"
"9729","BOTTLE","8851932332347","1160","1"
"9729","BOTTLE","8851932332385","1160","1"
"9729","BOTTLE","8851932350648","1160","1"
"9729","BOTTLE","8851932332262","1160","1"
"9730","Pump","8901030667237","1580","1"
"1246","Pc","8886467010071","1160","1"
"1246","Pc","362215","1160","1"
"503","Pc","6001087363815","770","1"
"503","Pc","6001087364690","770","1"
"503","Pc","6001087364614","770","1"
"503","Pc","6001087364638","770","1"
"503","Pc","6001087364621","770","1"
"503","Pc","6001087364669","770","1"
"9733","Pc","4711146117793","620","1"
"9734","Pc","63621","210","1"
"9735","Pc","63631","150","1"
"8548","Pc","51133","270","1"
"9740","Pc","5060068529528","610","1"
"9741","Pc","8901030676284","220","1"
"9741","Pc","8901030676246","220","1"
"9742","Pc","8992222300407","370","1"
"9744","Pc","8991111112213","690","1"
"9746","Pc","7702018404391","620","1"
"9746","Pc","7702018980857","620","1"
"9746","Pc","7702018464937","620","1"
"9748","Pc","047400245105","940","1"
"2424","JAR","60019035","280","1"
"9750","JAR","63781","150","1"
"9749","JAR","63771","270","1"
"9752","Pc","6281006409460","1330","1"
"9753","Pc","6281006208513","1620","1"
"9754","Pc","6281006409507","1830","1"
"9755","Pc","7640142777502","320","1"
"9755","Pc","7640142777533","320","1"
"9755","Pc","7640142777564","320","1"
"9755","Pc","7640129899975","320","1"
"9757","Pc","8961014266863","390","1"
"9759","Pc","4792081002320","750","1"
"1112","Pc","6001087012058","780","1"
"9760","Pc","5056446719322","320","1"
"7872","Pc","4710117601637","690","1"
"4966","Pc","6297000442198","690","1"
"1663","Pc","8999777010638","660","1"
"1663","Pc","8999777007270","660","1"
"1663","Pc","8999777010881","660","1"
"2082","Pc","8992856896796","580","1"
"9792","Pkt","97921","390","1"
"9795","Pkt","6890763374074","120","1"
"9796","Pkt","64251","690","1"
"9797","Pkt","8888336031569","790","1"
"6984","Pc","8690973050694","580","1"
"6984","Pc","8690973050601","580","1"
"6984","Pc","8690973375377","580","1"
"6984","Pc","8690973373441","580","1"
"6984","Pc","8690973375445","580","1"
"6984","Pc","8690973050588","580","1"
"6984","Pc","8690973373458","580","1"
"9819","Pc","8414135864123","570","1"
"9819","Pc","8414135623270","570","1"
"9819","Pc","8414135625762","570","1"
"9819","Pc","8414135255709","570","1"
"9819","pc","8414135628152","570","1"
"9819","Pc","8414135844149","570","1"
"9819","Pc","8414135854155","570","1"
"9819","Pc","8414135630179","570","1"
"9819","Pc","8414135854193","570","1"
"9819","Pc","8414135854162","570","1"
"9819","Pc","8414135864116","570","1"
"9819","Pc","8414135863294","570","1"
"10146","Pc","8964000716151","590","1"
"10146","Pc","8964000718681","590","1"
"10146","Pc","8964000718582","590","1"
"10146","Pc","8964000716915","590","1"
"10146","Pc","8964000716281","590","1"
"10146","Pc","8964000718414","590","1"
"10146","Pc","8964000716298","590","1"
"10146","Pc","8964000716236","590","1"
"10154","JAR","67841","110","1"
"10155","Box","67851","25","1"
"10156","Pc","67861","430","1"
"10157","Pc","67871","190","1"
"10158","Pc","67881","240","1"
"4503","Pc","03661","240","1"
"4605","Pc","05061","100","1"
"10160","Pc","67901","190","1"
"10161","Pc","67911","99","1"
"10162","Pc","67921","270","1"
"10163","Pc","67931","480","1"
"1876","Pc","6974184075021","120","1"
"1876","Pc","57772","120","1"
"10164","POUCH","67941","60","1"
"10165","POUCH","67951","120","1"
"10327","Pc","69581","180","1"
"10328","Pc","69591","60","1"
"10329","Pc","69601","140","1"
"10330","Pc","69611","80","1"
"10331","Pc","69621","70","1"
"10332","Pc","69631","120","1"
"10333","Pc","69641","110","1"
"10334","Pc","69651","90","1"
"10335","Pc","69661","60","1"
"10336","Pc","69671","40","1"
"10337","Pc","69681","160","1"
"10343","Pc","6281085011158","3340","1"
"10346","Pc","6281085011271","3340","1"
"10355","Pc","4019514004103","140","1"
"10356","Pc","8850956032035","60","1"
"10357","Pc","6922954820753","135","1"
"10389","Box","855434000542","380","1"
"10390","JAR","855434002553","770","1"
"10391","Box","855434009705","95","1"
"10392","Box","70231","370","1"
"11022","Pc","8964000102633","30","1"
"11023","BOTTLE","8961005060012","270","1"
"6681","Box","7622201779214","470","24"
"11027","POUCH","8961100091515","310","1"
"11028","POUCH","8961100095797","390","1"
"11029","Bag","8961100099931","1600","1"
"11030","Bag","8961100091546","660","1"
"11031","Bag","8961100093892","1950","1"
"11032","POUCH","8961100093168","225","1"
"11038","Pc","8961100094417","345","1"
"11037","Pc","8961100094400","345","1"
"11036","Pc","8961100093847","495","1"
"11035","Pc","8961100093854","245","1"
"11034","Pc","8961100093830","275","1"
"11033","Pc","8961100093823","345","1"
"11039","Pc","7622201719852","210","1"
"11040","Pc","7613037090901","320","1"
"11041","Pc","8964000139967","340","1"
"11042","Pc","8964000139318","70","1"
"11043","Pc","3700082500418","2770","1"
"11043","pc","3700082500388","2770","1"
"8694","Pc","6291103669032","1700","1"
"8694","Pc","6291108520093","1700","1"
"8694","Pc","6291108520116","1700","1"
"9952","Pc","3700082500029","3470","1"
"11044","Pc","614514510162","2380","1"
"11045","Pc","614514144015","2170","1"
"9819","Pc","8414135809445","570","1"
"4965","Pc","6297000226682","790","1"
"4965","Pc","6297000442044","790","1"
"4965","Pc","6297000442037","790","1"
"4965","Pc","4035773011027","790","1"
"6442","Pc","6291107670119","490","1"
"6442","Pc","6291107670034","490","1"
"9820","Pc","7640129895069","880","1"
"9820","Pc","7640142778783","880","1"
"9820","Pc","7640129895083","880","1"
"9820","Pc","7640142779469","880","1"
"9820","Pc","7640142779445","880","1"
"9820","Pc","7640129895076","880","1"
"9820","Pc","7640142778615","880","1"
"9820","Pc","7640142779230","880","1"
"9820","Pc","7640129895106","880","1"
"9816","Pc","8690572778388","660","1"
"9821","Pc","8691111234532","350","1"
"9821","Pc","8691111234679","350","1"
"9821","Pc","8691111234570","350","1"
"9821","Pc","8691111234556","350","1"
"9821","Pc","8691111234549","350","1"
"9821","Pc","8691111234587","350","1"
"7620","Pc","6001567179837","690","1"
"7620","Pc","6001567765092","690","1"
"7620","Pc","6001567179813","690","1"
"7620","Pc","6001567759411","690","1"
"7620","Pc","6001567179820","690","1"
"7620","Pc","6001567220669","690","1"
"9822","Pc","3014230022401","970","1"
"9822","Pc","8717163961988","970","1"
"9822","Pc","8711700634342","970","1"
"9822","Pc","3014230021404","970","1"
"9822","Pc","8712561803274","970","1"
"9823","Pc","614514060032","730","1"
"9823","Pc","614514060094","730","1"
"9823","Pc","614514060018","730","1"
"9823","Pc","614514060209","730","1"
"9823","Pc","614514060452","730","1"
"9823","Pc","614514060193","730","1"
"9823","Pc","614514060049","730","1"
"9823","Pc","614514060575","730","1"
"9823","Pc","614514060308","730","1"
"9823","Pc","614514060162","730","1"
"9823","pc","614514060056","730","1"
"9823","Pc","614514060919","730","1"
"9823","Pc","614514060087","730","1"
"9823","Pc","614514060155","730","1"
"9824","Pc","3700082500111","720","1"
"9824","Pc","3700082500128","720","1"
"8695","Pc","3525486212053","670","1"
"8695","Pc","8694587568286","670","1"
"8695","Pc","3587925249334","670","1"
"8695","Pc","8694587568897","670","1"
"8695","Pc","8694556675458","670","1"
"9826","Pc","6291107670973","440","1"
"9826","Pc","6291107670980","440","1"
"9826","Pc","6291107670959","440","1"
"9826","Pc","6291107670928","440","1"
"9826","Pc","6291107670904","440","1"
"9826","Pc","6291107671000","440","1"
"9826","Pc","6291107671024","440","1"
"9826","Pc","6291107671109","440","1"
"9826","Pc","6291107671123","440","1"
"9826","Pc","6291107670997","440","1"
"9826","Pc","6291107671055","440","1"
"9826","Pc","6291107670911","440","1"
"9826","Pc","6291107671093","440","1"
"9826","Pc","6291107670942","440","1"
"9826","Pc","6291107671130","440","1"
"9826","Pc","6291107671079","440","1"
"9826","Pc","6291107671062","440","1"
"9826","Pc","6291107671116","440","1"
"9827","Pc","037361006822","690","1"
"9826","Pc","6291107671031","440","1"
"9826","Pc","6291107670935","440","1"
"9826","Pc","6291107670966","440","1"
"9826","Pc","6291107671017","440","1"
"9826","Pc","6291107671048","440","1"
"9982","Pc","3365440003866","16950","1"
"9983","Pc","3349668021345","6550","1"
"9987","Pc","022548040126","13850","1"
"9986","Pc","022548024324","11450","1"
"9985","Pc","3562700373084","4770","1"
"9985","Pc","3562700373145","4770","1"
"9984","Pc","3562700361005","4770","1"
"9988","Pc","3351500011476","11750","1"
"9989","Pc","66191","370","1"
"9990","Pc","66201","250","1"
"9991","Pc","66211","220","1"
"9992","Pc","66221","180","1"
"9993","POUCH","66231","85","1"
"9994","Box","8961003514623","235","1"
"9995","Pc","66251","199","1"
"9996","Pc","66261","215","1"
"9997","Pc","66271","630","1"
"10678","TIN","8964000006313","8600","1"
"10679","Can","8961100502837","2840","1"
"10680","JAR","815096000663","1090","1"
"14","POUCH","815096003718","810","1"
"742","POUCH","815096003725","1620","1"
"2444","Pkt","815096003978","250","1"
"10683","POUCH","8001841933368","930","1"
"10686","BOTTLE","8001841876184","1060","1"
"942","BOTTLE","8001841494098","730","1"
"256","Box","18961014021605","1800","24"
"10689","Pkt","8001090642639","470","1"
"9323","Pkt","0135894634540","130","1"
"10691","POUCH","570108726435","130","1"
"10692","Pkt","3570133726438","200","1"
"10693","POUCH","3563874554408","190","1"
"10694","Pc","3570092726432","140","1"
"10695","POUCH","1358946350284","210","1"
"10696","Pkt","3570064726439","75","1"
"2347","Pc","8717185381757","1280","1"
"10984","Pc","3531531754010","570","1"
"10983","Pc","109831","740","1"
"10982","Pc","1231531754011","740","1"
"10981","Pc","109811","740","1"
"10980","Pc","109801","890","1"
"10979","Pc","9315317540103","890","1"
"10978","Pc","","740","1"
"10977","Pc","6315317540106","890","1"
"4333","Pc","8901248451130","490","1"
"4333","Pc","8901248451178","490","1"
"4333","Pc","8901248451215","490","1"
"10987","1kg","76221","240","1"
"10987","500g","76222","120","0.5"
"10988","Pc","76231","20","1"
"10989","Pc","76241","30","1"
"10990","Pc","8850460996069","1820","1"
"10551","Pc","6294015104738","745","1"
"10551","Pc","6294015103380","745","1"
"11046","Pc","614514410103","2170","1"
"11047","Pc","614514500156","2440","1"
"11048","Pc","3700082500067","3450","1"
"11049","Pc","3700082500050","2750","1"
"11050","Pc","614514238011","2500","1"
"11052","Pc","614514145012","2140","1"
"11052","Pc","614514146019","2140","1"
"11057","Pc","614514780497","1450","1"
"11056","Pc","614514183014","3650","1"
"11055","Pc","614514135013","2140","1"
"11054","Pc","614514320075","1300","1"
"11053","Pc","614514122013","2140","1"
"11058","Pc","614514116012","3370","1"
"11060","Pc","6085010094144","4800","1"
"11059","Pc","6085010044712","9250","1"
"11064","Pc","6291106064841","2480","1"
"11065","Pc","6426185651068","1450","1"
"11064","Pc","6291106064834","2480","1"
"11066","Pc","6291106060546","1400","1"
"11067","Pc","6791106166069","1550","1"
"11068","Pc","6301020305293","1150","1"
"11069","Pc","6291106069037","1600","1"
"11070","Pc","6291106060089","1450","1"
"11072","Pc","6291106069044","1950","1"
"11071","Pc","6225709721238","1950","1"
"11073","Pc","6291106064070","1950","1"
"11075","Pc","6291548338593","1950","1"
"11075","Pc","6291548338586","1950","1"
"11076","Pc","5011408065008","2900","1"
"11078","SACHET","6966896690050","90","1"
"2297","Pc","4005900490582","1360","1"
"11080","Pc","6205207142704","2140","1"
"11082","Pkt","4987176244970","1880","1"
"11081","Pkt","77171","80","1"
"11085","Pc","5011309146714","570","1"
"11084","Pc","8901177101502","880","1"
"11083","Pc","5011501040520","790","1"
"11086","Pc","8901207900839","670","1"
"11087","POUCH","6251001218626","125","1"
"11088","Pc","6934985789039","195","1"
"11089","Pc","8858870256810","240","1"
"11089","Pc","8858870256827","240","1"
"11090","Pc","6934985787318","210","1"
"11091","Pc","6971667823339","160","1"
"11091","Pc","6957355230191","160","1"
"11091","Pc","6971667823322","160","1"
"11091","Pc","6934985787844","160","1"
"11091","Pc","6913362885557","160","1"
"11091","Pc","6947446410106","160","1"
"11091","Pc","6922369928204","160","1"
"11091","Pc","6971667823308","160","1"
"11091","Pc","6922369920369","160","1"
"11091","Pc","6928158550069","160","1"
"11091","Pc","6927728505638","160","1"
"11091","Pc","6971667823315","160","1"
"11091","Pc","6934985787813","160","1"
"11091","Pc","6957355230177","160","1"
"11091","Pc","6954842276595","160","1"
"11091","Pc","6928158555361","160","1"
"11091","Pc","6971667823377","160","1"
"11091","Pc","6913362888886","160","1"
"11091","Pc","6947446410229","160","1"
"11091","Pc","6971667825029","160","1"
"11091","Pc","6954842276656","160","1"
"11091","Pc","6971667823384","160","1"
"11091","Pc","6928158520024","160","1"
"11091","Pc","6934985787851","160","1"
"11092","JAR","5902214001277","580","1"
"11094","JAR","9945678902168","280","1"
"11093","JAR","1156790100501","280","1"
"11098","POUCH","8964001207276","80","1"
"11097","POUCH","8964001207207","430","1"
"11099","TIN","300875124680","4470","1"
"11100","TIN","7613200150890","1597","1"
"11101","TIN","7613200185694","3440","1"
"11105","TIN","7613200150937","1940","1"
"11104","TIN","7613200185670","2300","1"
"11103","TIN","7613200185687","1700","1"
"11102","TIN","7613200185410","1810","1"
"692","Pc","8964000983775","480","1"
"11106","Pc","8964000983270","330","1"
"11106","Pc","8964000983287","330","1"
"11107","Pc","8964000932162","300","1"
"11108","Pc","8964000932087","75","1"
"11109","Pc","77451","40","1"
"8298","POUCH","8006540136089","2210","1"
"11110","Pc","8001841473338","290","1"
"9999","Pc","66291","220","1"
"10000","Pc","66301","465","1"
"10001","POUCH","66311","205","1"
"10002","POUCH","66321","190","1"
"10003","Pc","66331","285","1"
"10004","Pc","66341","299","1"
"10005","Pc","4711146502018","570","1"
"10006","Pc","66361","180","1"
"10007","Pc","66371","1840","1"
"10008","Pc","66381","260","1"
"10009","Pc","100091","315","1"
"10010","Pc","66401","380","1"
"10011","Pc","66411","85","1"
"10012","Pc","66421","140","1"
"10013","Pc","66431","130","1"
"10014","Pc","66441","125","1"
"10015","Pc","66451","130","1"
"10016","Pc","66461","50","1"
"10017","POUCH","66471","30","1"
"10018","POUCH","66481","100","1"
"10019","POUCH","66491","520","1"
"10020","Pc","66501","370","1"
"10021","Pc","66511","640","1"
"10022","Pc","66521","325","1"
"10023","Pc","66531","340","1"
"10024","Pc","66541","259","1"
"10025","Pc","66551","65","1"
"10026","Pc","66561","215","1"
"10027","Pc","66571","125","1"
"10028","Pc","66581","360","1"
"10029","Pc","66591","75","1"
"10030","Box","66601","270","1"
"10031","Box","66611","440","1"
"10032","POUCH","66621","150","1"
"10033","Pc","66631","1640","1"
"10034","Pc","7897185992182","20","1"
"10035","Pc","66651","380","1"
"10036","Pkt","66661","390","1"
"10037","Pc","66671","160","1"
"10038","Pc","66681","225","1"
"11111","Pc","8001841474236","580","1"
"2688","Pc","75701","240","1"
"10039","Pc","66691","105","1"
"10040","Pc","66701","250","1"
"10041","Pc","66711","270","1"
"10042","Pc","66721","165","1"
"10045","Pc","66751","210","1"
"10046","Pc","66761","220","1"
"10047","Pc","66771","285","1"
"10048","Pc","66781","270","1"
"10049","Pc","66791","150","1"
"10050","Pc","66801","90","1"
"10051","Pc","66811","210","1"
"10052","Pc","66821","99","1"
"10053","Pc","66831","360","1"
"10054","Pc","66841","290","1"
"10055","POUCH","66851","165","1"
"10056","POUCH","66861","175","1"
"10057","Pc","614614357971","40","1"
"10058","Pc","66881","145","1"
"10059","Pc","66891","220","1"
"10060","Pc","66901","150","1"
"10061","Pc","66911","240","1"
"10062","Pc","66921","210","1"
"10063","Pc","66931","220","1"
"10064","Pc","66941","125","1"
"10065","Pc","66951","190","1"
"3606","Pc","91981","820","1"
"3607","Pc","91991","860","1"
"10066","Pc","66961","145","1"
"10067","Pc","66971","225","1"
"10068","Pc","66981","305","1"
"10069","Pc","66991","325","1"
"10070","Pc","67001","215","1"
"10071","Pc","67011","125","1"
"10072","Pc","67021","225","1"
"10073","Pc","67031","230","1"
"10074","Pc","67041","185","1"
"10075","Pc","67051","250","1"
"10076","Pc","67061","155","1"
"11112","POUCH","8001841473413","240","1"
"10526","POUCH","8964000241806","200","1"
"11086","Pc","77222","670","1"
"11114","Pc","77501","320","1"
"3658","Pc","92512","280","1"
"11115","Pc","77511","90","1"
"11115","Pc","705632761441","90","1"
"11116","Pc","77521","1250","1"
"4251","Box","8964000640944","560","1"
"11117","Pc","77531","120","1"
"11118","Pc","77541","190","1"
"8665","Pc","52342","240","1"
"11119","POUCH","8850477001640","2490","1"
"11120","POUCH","8850477001619","2490","1"
"11122","POUCH","8858439007068","810","1"
"11122","POUCH","8858439007075","810","1"
"11122","POUCH","8858439007082","810","1"
"11122","POUCH","8858439007037","810","1"
"11121","POUCH","8858439004944","790","1"
"11121","POUCH","8858439004975","790","1"
"11121","POUCH","8858439004951","790","1"
"11121","POUCH","8858439004968","790","1"
"11123","Pkt","5900951274299","310","1"
"11123","Pkt","5900951274275","310","1"
"11124","Box","5053990106981","980","1"
"11125","Pc","5000159459228","300","1"
"11126","JAR","7891000002032","340","1"
"10078","Pc","67081","690","1"
"10077","Pc","67071","1120","1"
"10079","Pc","67091","640","1"
"10080","Box","67101","560","1"
"10083","Box","67131","1740","1"
"10084","Box","67141","1140","1"
"10089","Pc","67191","2480","1"
"10091","Pc","67211","270","1"
"10103","Pc","67331","220","1"
"10102","Pc","67321","240","1"
"10101","Pc","67311","270","1"
"10100","Box","67301","1190","1"
"10099","Pc","67291","380","1"
"10098","Pc","67281","380","1"
"10097","Pc","67271","280","1"
"10096","Pc","67261","95","1"
"10094","Box","67241","950","1"
"10093","Box","67231","520","1"
"10104","Pc","67341","270","1"
"3662","Box","92551","1285","1"
"10106","Pc","6281085015170","1550","1"
"10107","Pc","6281085019758","1840","1"
"10108","Pc","6281085020495","1750","1"
"10109","Pc","6281085020518","2150","1"
"10110","Pc","6281085020532","2650","1"
"10111","Pc","6281085020716","2750","1"
"10112","Pc","6281085020730","2950","1"
"10113","Pc","6281085014197","2750","1"
"10114","Pc","6281085015217","2650","1"
"10115","Pc","6281085015118","2650","1"
"10116","Pc","6281085012377","2150","1"
"10117","Pc","6281085019574","1650","1"
"10118","Pc","6281085021959","260","1"
"10118","Pc","6281085021836","260","1"
"10118","Pc","6281085025971","260","1"
"10118","Pc","6281085021850","260","1"
"10118","Pc","6281085021898","260","1"
"10118","Pc","6281085015439","260","1"
"10118","Pc","6281085026176","260","1"
"10118","Pc","6281085015415","260","1"
"10118","Pc","6281085026695","260","1"
"10118","Pc","6281085026794","260","1"
"10118","Pc","6281085015477","260","1"
"10118","Pc","6281085021935","260","1"
"8689","Pc","8964000237816","125","1"
"10130","Pc","188235976588","270","1"
"10133","JAR","300257050378","360","1"
"10143","Pc","8964000717424","100","1"
"10144","Pc","8964000716175","240","1"
"10145","Pc","8964000716229","170","1"
"10169","Box","67991","840","1"
"10170","Pc","68001","220","1"
"10173","Pc","68031","490","1"
"10174","Pc","68041","360","1"
"10174","Pc","6956243912706","360","1"
"5748","POUCH","20512","390","1"
"10175","Pc","68051","830","1"
"10176","Pc","68061","640","1"
"10177","Pkt","9555419202305","640","1"
"10177","Pkt","9555419201032","640","1"
"10177","Pkt","9555419201742","640","1"
"10177","Pkt","9555419201476","640","1"
"7291","BOTTLE","8855044022745","150","1"
"7291","BOTTLE","8855044015747","150","1"
"10192","BOTTLE","8859108200162","460","1"
"10192","BOTTLE","8859108200971","460","1"
"10192","BOTTLE","8859108200988","460","1"
"10192","BOTTLE","8859108200995","460","1"
"10193","BOTTLE","8413481040335","880","1"
"10193","BOTTLE","8413481040373","880","1"
"10193","BOTTLE","8413481040205","880","1"
"11128","Pkt","8964000769492","1290","1"
"11129","Pkt","8964000163726","1290","1"
"11130","Pc","77662","290","1"
"11131","Pc","77671","170","1"
"11132","Pc","77681","350","1"
"11134","Pc","77701","360","1"
"11135","Pc","77711","290","1"
"11136","Pc","77721","180","1"
"11137","Pc","77731","220","1"
"11138","Pc","77741","90","1"
"11139","Pc","77751","90","1"
"11140","Pc","77761","285","1"
"11141","Pc","77771","280","1"
"11142","Pc","77781","160","1"
"11143","Pc","77791","190","1"
"11144","Pc","77801","285","1"
"11145","Pc","77811","185","1"
"11146","Pc","77821","255","1"
"11147","Pkt","5028217002759","147","1"
"11152","POUCH","8966000030169","40","1"
"11151","POUCH","8966000030107","80","1"
"11150","POUCH","8966000030121","45","1"
"11149","POUCH","8966000030152","60","1"
"11148","POUCH","8966000030138","60","1"
"11154","Pkt","8964001199106","200","1"
"11153","Pkt","8964001199076","200","1"
"11157","Pc","8964001199250","190","1"
"11156","Pkt","111561","115","1"
"11155","Pc","8964001199236","200","1"
"11165","Box","8961101785314","235","1"
"11168","Pc","78041","220","1"
"11168","Pc","ring","220","1"
"11169","Pc","78051","225","1"
"11170","Pc","78061","345","1"
"11171","Pc","78071","370","1"
"11172","Pc","78081","175","1"
"11173","Pc","78091","345","1"
"11174","Pc","78101","295","1"
"11175","Pc","78111","265","1"
"11176","Pc","78121","300","1"
"11177","Pc","78131","590","1"
"11178","Pc","78141","520","1"
"11179","Pc","78151","720","1"
"11180","Pc","78161","720","1"
"11181","Pc","78171","170","1"
"11182","Pc","78181","195","1"
"1004","Pc","8964000139134","240","1"
"11183","Pc","78191","215","1"
"11184","Pc","78201","590","1"
"11185","Pc","78211","200","1"
"11186","Pc","78221","120","1"
"11187","Pc","78231","225","1"
"11188","Pc","78241","150","1"
"11189","Pc","78251","220","1"
"11190","Pc","78261","220","1"
"11191","Pc","78271","90","1"
"11192","Pc","78281","210","1"
"11193","Pc","78291","305","1"
"11194","Pc","78301","430","1"
"11195","Pc","78311","425","1"
"11196","Pc","78321","230","1"
"11197","Pc","78331","220","1"
"11198","Pc","78341","415","1"
"11199","Pc","78351","330","1"
"11200","Pc","78361","190","1"
"11201","Pc","78371","415","1"
"11202","Pc","78381","580","1"
"11203","Pc","78391","590","1"
"11204","Pc","78401","430","1"
"11205","TIN","8990057423049","1350","1"
"11206","TIN","8990057413064","1120","1"
"11207","TIN","8990057431396","2830","1"
"1649","Pkt","8901548310267","770","1"
"11208","JAR","8901548310243","1580","1"
"11209","JAR","A2","500","1"
"11210","JAR","A1","1000","1"
"7701","cup","671866277457","160","1"
"11216","Pc","78521","250","1"
"11217","Pc","78531","250","1"
"11243","Box","927837736356","200","1"
"5017","Pc","8992952950484","190","1"
"11246","Pc","6291012887671","475","1"
"11246","Pc","6291012887664","475","1"
"10193","BOTTLE","8413481040021","880","1"
"10194","TIN","8718104918467","520","1"
"10195","Can","8718104918450","620","1"
"10197","Pc","5000159461122","270","1"
"10198","Pc","5000159407236","260","1"
"10200","Pc","8997009070566","160","1"
"10200","Pc","8997009070351","160","1"
"10200","Pc","8997009070535","160","1"
"10200","Pc","8997009070047","160","1"
"10201","Pc","9555192507642","230","1"
"10201","Pc","9555192507604","230","1"
"8530","Pc","8990333166059","315","1"
"10202","Pc","012546011112","340","1"
"10202","Pc","012546011136","340","1"
"10202","Pc","012546011075","340","1"
"10202","Pc","012546011471","340","1"
"10202","Pc","070221008680","340","1"
"10203","Pc","8992741945271","80","1"
"10203","Pc","8992741904049","80","1"
"10204","Pc","6910289446915","440","1"
"10205","Pc","6910289447110","330","1"
"10206","Box","6910289045279","320","1"
"10206","Box","6910289043800","320","1"
"10206","Box","6910289044432","320","1"
"10206","Box","6910289043749","320","1"
"10206","Box","6910289447219","320","1"
"10206","Box","6910289044579","320","1"
"10207","Pc","6910289053199","230","1"
"10208","Pc","6970506577457","90","1"
"10209","TIN","8697422932747","1250","1"
"10209","TIN","8697422930187","1250","1"
"10209","TIN","8697422936363","1250","1"
"10209","TIN","8697422930217","1250","1"
"10209","TIN","8697422933171","1250","1"
"10210","JAR","6910289043398","100","1"
"10211","Pc","68411","125","1"
"10211","Pc","8951012001559","125","1"
"10215","Pc","6971486421488","20","1"
"10217","POUCH","6923634955345","50","1"
"10218","Pc","6271100633731","95","1"
"10218","Pc","6271100633779","95","1"
"10218","Pc","6271100633786","95","1"
"10218","Pc","6271100633755","95","1"
"10218","Pc","6271100633793","95","1"
"10177","Pkt","9555419204453","640","1"
"10177","Pkt","9555419204415","640","1"
"10177","Pkt","9555419204408","640","1"
"10177","Pkt","9555419204446","640","1"
"10177","Pkt","9555419204439","640","1"
"10177","Pkt","9555419204422","640","1"
"10221","BOTTLE","68511","50","1"
"10222","BOTTLE","68521","80","1"
"10223","BOTTLE","68531","140","1"
"10225","Box","6931078930064","280","1"
"10226","Box","6931078930392","360","1"
"10227","Box","6931078930521","430","1"
"10227","Box","6931078930514","430","1"
"10228","Box","6931078930019","650","1"
"10229","Box","6931078930224","725","1"
"10230","Box","6931078930644","945","1"
"10231","Box","6931078930248","1190","1"
"10232","Box","6931078930354","1740","1"
"10230","Box","6931078930309","945","1"
"10230","Box","6931078930316","945","1"
"10230","Box","6931078931030","945","1"
"10231","Box","6931078930200","1190","1"
"10231","Box","6931078930262","1190","1"
"10233","Pc","68631","200","1"
"10234","Pc","68641","150","1"
"10314","Pc","69451","85","1"
"10315","Pc","69461","95","1"
"10316","Pc","69471","95","1"
"10317","Pc","69481","325","1"
"10318","Pc","69491","190","1"
"10319","Pc","69501","230","1"
"10320","Pc","69511","120","1"
"10321","Pc","69521","90","1"
"10322","Pc","69531","275","1"
"10323","Pc","69541","245","1"
"10324","Pc","69551","160","1"
"10325","Pc","69561","80","1"
"10326","Pc","69571","160","1"
"10393","Pc","103931","90","1"
"10394","Box","70251","225","1"
"10394","Box","6971123982211","225","1"
"10395","Pkt","6971123987049","270","1"
"10395","Pkt","6971123987087","270","1"
"10395","Pkt","6971123987247","270","1"
"10395","Pkt","6971123987292","270","1"
"10395","Pkt","6971123987186","270","1"
"10410","Pkt","70411","135","1"
"10411","Pkt","70421","690","1"
"10412","Box","70431","480","1"
"10413","POUCH","70441","280","1"
"10414","Pc","70451","980","1"
"10415","POUCH","70461","290","1"
"10416","Pc","70471","80","1"
"10416","Pc","pencil","80","1"
"10417","Pkt","70481","495","1"
"10418","Box","70491","440","1"
"10418","Box","7898298397956","440","1"
"10419","Box","70501","625","1"
"10419","Box","6920902692698","625","1"
"10420","Pkt","70511","60","1"
"10421","Pc","8964000539101","110","1"
"4708","POUCH","06271","740","1"
"4708","POUCH","6953571205074","740","1"
"2590","Pc","74561","440","1"
"10422","Box","70531","640","1"
"10423","Pc","70541","640","1"
"10424","Box","70551","620","1"
"10425","Pc","70561","490","1"
"10426","POUCH","70571","335","1"
"10427","Pc","104271","520","1"
"10428","Pc","70591","3675","1"
"10429","Pc","70601","3125","1"
"10430","Pc","70611","3575","1"
"10431","JAR","6938684601562","240","1"
"10431","JAR","6950627983139","240","1"
"10431","JAR","70623","240","1"
"10432","BOTTLE","70631","410","1"
"10433","Pc","70642","140","1"
"10434","Pc","70651","180","1"
"10435","Pc","70661","115","1"
"10436","Pc","70671","290","1"
"10437","Pc","70681","1440","1"
"10438","Pc","70691","480","1"
"10439","Pc","70701","270","1"
"10440","Pc","70711","380","1"
"10441","Pc","70721","840","1"
"10442","Pc","70731","480","1"
"10443","Pc","70741","490","1"
"10444","Pc","70751","1425","1"
"10445","Pc","70761","1380","1"
"10446","Pc","70771","230","1"
"10447","Pc","70781","630","1"
"10448","Pc","70791","315","1"
"10449","Pc","70801","1740","1"
"10442","Pc","6936999208841","480","1"
"10450","Pc","70811","1980","1"
"10451","Pc","70821","1930","1"
"10452","Pc","70831","2080","1"
"10453","Pc","70841","220","1"
"10454","Pc","70851","1580","1"
"10455","Pc","70861","1060","1"
"10456","Pc","70871","1920","1"
"10457","Pc","70881","1780","1"
"10458","Pc","70891","1630","1"
"10459","Pc","70901","2650","1"
"10460","Pc","70911","490","1"
"10460","Pc","8964002545728","490","1"
"10461","Pc","70921","1290","1"
"10462","Pc","70931","395","1"
"10462","Pc","6930946013489","395","1"
"10463","Pc","70941","1720","1"
"10464","Pc","70951","1820","1"
"10465","Pc","70962","1960","1"
"10466","Pc","70971","280","1"
"10467","Pc","70981","1870","1"
"10468","Pc","70991","1980","1"
"10469","Pc","5000219021839","400","1"
"4604","Pc","7622100913313","950","1"
"9011","Pc","5000219021778","850","1"
"9262","Pc","4260093464042","150","1"
"10470","Pc","6291100730216","330","1"
"10470","Pc","6291100730322","330","1"
"10470","Pc","6291100730254","330","1"
"10470","Pc","6291100737307","330","1"
"10470","Pc","6291108154458","330","1"
"10470","Pc","6291100730025","330","1"
"10470","Pc","6291100730070","330","1"
"10470","Pc","6291100730186","330","1"
"10470","Pc","6291100730032","330","1"
"10470","Pc","6291100730339","330","1"
"10471","Pc","802084128461","500","1"
"8642","Pc","333319133269","250","1"
"10475","Box","5287000553155","450","1"
"10472","POUCH","71031","80","1"
"18317","Pc","183171","1580","1"
"10477","Box","71081","1380","1"
"10477","Box","4060741065847","1380","1"
"10476","Pc","71071","490","1"
"10496","Box","8964003377847","235","1"
"10497","POUCH","8964002443475","115","1"
"11246","Pc","6291012887688","475","1"
"11246","Pc","6291012887695","475","1"
"11248","Pc","4902430359764","3230","1"
"11251","Pc","8850460994614","600","1"
"11250","Pc","8850460994607","425","1"
"11249","Pc","8850460994591","880","1"
"11252","JAR","8850460994119","840","1"
"11253","Pc","8850460990654","785","1"
"11254","JAR","8850460995833","310","1"
"11254","JAR","8850460992528","310","1"
"11254","JAR","8850460989375","310","1"
"11254","JAR","8850460995604","310","1"
"11255","JAR","8850460997417","870","1"
"11255","JAR","8850460992740","870","1"
"11255","JAR","8850460995970","870","1"
"11255","JAR","8850460989368","870","1"
"11255","JAR","8850460987227","870","1"
"11256","Pc","8850460999855","570","1"
"11257","Pc","8850460999190","410","1"
"11257","Pc","8850460999206","410","1"
"11258","Pc","8850460995352","410","1"
"11259","Pc","8850460992726","335","1"
"11259","Pc","8850460992580","335","1"
"11259","Pc","8850460992597","335","1"
"11260","Pc","8850460999879","685","1"
"11261","Pc","8850460995277","1825","1"
"11262","Pc","78981","275","1"
"11268","JAR","79041","725","1"
"11267","Pc","5903416006695","310","1"
"11266","Pc","5903416003359","1370","1"
"11265","Pc","5901761948943","1380","1"
"11264","JAR","5907609356857","1670","1"
"11263","Pc","5907609345707","1450","1"
"11270","Pc","79061","2550","1"
"11269","Pc","79051","2550","1"
"11271","Pc","6941181153489","2100","1"
"11272","Pc","8850199320692","110","1"
"11273","Pc","6931078931702","70","1"
"11273","Pc","","70","1"
"8530","Pc","8990333166042","315","1"
"8530","Pc","8990333166127","315","1"
"4291","POUCH","8997212800332","320","1"
"11274","Pc","8964000032275","60","1"
"11275","Pc","8964000032053","100","1"
"11276","Pc","8964000032459","180","1"
"11277","BOTTLE","1860074051716","100","1"
"11278","BOTTLE","1860074054618","180","1"
"11279","BOTTLE","1860074054601","100","1"
"11280","Pc","8964000984253","360","1"
"11282","Pc","79181","75","1"
"11284","Pc","8964001199151","70","1"
"11283","Pc","8964001199069","90","1"
"1976","Pc","60332","120","1"
"11285","Pc","79211","70","1"
"11286","POUCH","8964001435372","50","1"
"11287","POUCH","021200572449","375","1"
"11288","POUCH","051141239590","390","1"
"11289","POUCH","051131967540","375","1"
"11290","Pkt","8964000064344","410","1"
"11292","Pkt","8964000064856","530","1"
"4033","1kg","97413","140","1"
"11294","Pc","112941","190","1"
"11293","Pc","79291","110","1"
"11293","Pc","1224960013705","110","1"
"11295","POUCH","79311","125","1"
"11296","Pc","1523662994221","220","1"
"11297","Pc","79331","120","1"
"11298","Pc","79341","80","1"
"11299","Pc","6972518490472","90","1"
"11300","Pc","8698623900511","130","1"
"11300","Pc","79362","130","1"
"11301","Pc","79371","120","1"
"11302","Pkt","79381","340","1"
"11303","Pc","79391","100","1"
"11303","Pc","6941312701152","100","1"
"11304","Pc","79401","495","1"
"11305","Pc","79411","115","1"
"11306","Pc","79421","240","1"
"11307","PATTA","4607006673120","115","1"
"11308","Pc","4607006673069","95","1"
"11309","Pc","8964000326749","80","1"
"11310","JAR","4607006670761","1030","1"
"11311","JAR","8964000326671","1030","1"
"11312","JAR","4607006670747","930","1"
"7999","Pc","8964000139745","340","1"
"7008","Pc","8964000139189","115","1"
"11314","JAR","42631620","390","1"
"11313","JAR","8964000054161","290","1"
"11316","pc","8964000054147","430","1"
"11315","Pc","8961000010883","145","1"
"11318","Box","8964000498163","90","1"
"11319","JAR","8961100094387","730","1"
"11377","Pc","80141","170","1"
"11377","Pc","8434485042088","170","1"
"11378","Pc","80151","40","1"
"11381","Pc","80181","150","1"
"11386","Pc","80231","480","1"
"11384","Pc","80211","310","1"
"11387","Pkt","8964000163115","1350","1"
"11388","Pkt","8964000769577","1420","1"
"11389","Pc","1916152061860","180","1"
"11390","Pkt","4800361412506","1250","1"
"11392","Pc","8964002315659","2280","1"
"11393","JAR","8961101230678","720","1"
"11395","Pc","8961101231507","390","1"
"11394","Pc","8961101231491","440","1"
"10202","Pc","012546011440","340","1"
"10202","Pc","012546011099","340","1"
"11400","Pc","80371","90","1"
"11399","Pc","80361","260","1"
"11401","Pc","80381","177","1"
"8856","Pc","54461","90","1"
"11403","Pc","80401","220","1"
"11404","Pc","80411","190","1"
"11405","Pc","","275","1"
"11406","Pc","80431","320","1"
"11407","Pc","80441","280","1"
"805","BOTTLE","8961014237566","395","1"
"11408","Pc","8961014236866","195","1"
"11409","Pc","8961014248036","740","1"
"7815","BOTTLE","8961014246995","425","1"
"9836","Pc","736211019578","220","1"
"11413","PATTA","114131","220","1"
"12538","Pc","8964002548002","230","1"
"12539","Pc","8964002548019","230","1"
"12540","JAR","8961005040014","360","1"
"505","500g","13582","100","0.5"
"12541","POUCH","8001841473451","230","1"
"12544","POUCH","671866150019","40","1"
"12553","Pc","1191961","160","1"
"12554","Pc","1191971","560","1"
"12557","Pc","1192001","225","1"
"10740","Pc","8964000981078","340","1"
"12558","Pkt","1192011","295","1"
"12559","Pc","1192021","145","1"
"12560","Pc","1192031","260","1"
"12561","Pc","1192041","240","1"
"12562","Pc","1192051","250","1"
"10603","Pc","8964002334063","50","1"
"10604","Pc","8964002334018","60","1"
"11466","POUCH","8964000822432","370","1"
"11467","Pkt","8964000825198","450","1"
"11469","POUCH","81071","170","1"
"11468","Pkt","81061","85","1"
"11471","POUCH","81091","115","1"
"11470","POUCH","81081","60","1"
"11473","Pkt","81111","230","1"
"20741","Pc","6924565926299","290","1"
"11479","Pc","254879317848","90","1"
"11480","Pc","76239878","560","1"
"11481","JAR","8850460988798","820","1"
"11481","JAR","8850460988804","820","1"
"11481","JAR","8850460982123","820","1"
"11483","Pc","1904201731406","340","1"
"11482","Pc","81201","230","1"
"11484","Pc","81221","99","1"
"11491","Pkt","8961101371906","680","1"
"11490","Pkt","8961101371883","640","1"
"11442","Pc","8961101594848","220","1"
"11443","Pc","6291100604838","240","1"
"11446","Pkt","665752572238","350","1"
"11446","Pkt","665752572245","350","1"
"11446","Pkt","4722947737224776255","350","1"
"6576","1kg","29721","350","1"
"11447","Pc","1523662992432","95","1"
"11448","Pc","8886950034034","80","1"
"11449","Pc","8886950034041","80","1"
"11449","Pc","8886950034164","80","1"
"9753","Pc","6281006409484","1620","1"
"11450","Pc","80871","305","1"
"11451","Pc","80881","130","1"
"11452","Pc","80891","360","1"
"11456","Pc","80941","145","1"
"11453","Pc","80911","340","1"
"11454","Pc","80921","270","1"
"11455","Pc","80931","140","1"
"11458","Pc","8001841784236","830","1"
"11457","Pc","8001841784175","420","1"
"11459","Pc","8001841719726","720","1"
"11489","Pkt","1234567890159","640","1"
"11488","Pc","1234567890098","280","1"
"11487","Pc","1234567890074","430","1"
"11516","Pc","8964002137480","350","1"
"11517","Pc","8964002137312","350","1"
"11520","JAR","8964002334537","290","1"
"11519","JAR","8964002334544","180","1"
"11518","JAR","8964002334551","150","1"
"11521","Pc","6009679061668","160","1"
"11522","Pc","6009679060616","190","1"
"11523","Pc","8964001078784","50","1"
"11524","Pc","8900055487417","30","1"
"11525","Pc","6000875542562","30","1"
"11528","Pc","5588221104134","20","1"
"11527","Pc","710535840186","10","1"
"11526","Pc","5454158477170","30","1"
"1546","SACHET","124510250448","30","1"
"11530","Pc","5161203201436","40","1"
"11533","Pc","7578555865823","50","1"
"11532","Pc","3336664823332","50","1"
"11536","Pc","81741","30","1"
"11535","Pc","81731","30","1"
"11534","Pc","5256249003042","30","1"
"11537","Pc","81751","30","1"
"11527","Pc","710535840179","10","1"
"11541","Pc","8964000064566","170","1"
"11414","Pc","80511","130","1"
"11415","Pc","80521","210","1"
"11416","Pc","80531","330","1"
"11417","Pc","80541","220","1"
"11418","Pc","80551","590","1"
"11419","Pc","80561","650","1"
"11420","Pc","80571","450","1"
"11421","Pc","80581","550","1"
"11422","Pc","80591","90","1"
"11428","Pc","80651","60","1"
"11427","Pc","80641","55","1"
"11426","Pc","80631","50","1"
"11425","Pc","80621","90","1"
"11424","Pc","80611","400","1"
"11423","Pc","80601","220","1"
"11431","Pc","80681","110","1"
"11430","Pc","80671","130","1"
"11429","Pc","80661","200","1"
"11432","Pc","80691","130","1"
"11433","Pc","80701","150","1"
"11434","Pc","80711","200","1"
"11435","Pc","80721","130","1"
"11437","Pc","1358946341183","130","1"
"11436","Pc","1358946341176","130","1"
"11438","500g","80751","120","0.5"
"11438","1kg","80752","240","1"
"11486","Pc","1234567890050","800","1"
"11493","BOTTLE","8001090829078","2150","1"
"11492","BOTTLE","8001090829023","2160","1"
"11495","Pc","8964000816905","95","1"
"11494","Pc","8964000816455","380","1"
"11498","Pc","081612612325","485","1"
"11499","Pc","3574661367989","1090","1"
"11500","Pc","7308521679402","380","1"
"11502","Pc","7308521671260","330","1"
"11501","Pc","7308521689401","350","1"
"11503","Pc","5060315033730","435","1"
"11503","Pc","5060315040097","435","1"
"11503","Pc","5060315032153","435","1"
"11503","Pc","5060315039794","435","1"
"11504","Pc","8699009439618","390","1"
"11504","Pc","8699009439595","390","1"
"11504","Pc","8699009439601","390","1"
"11504","Pc","8699009439588","390","1"
"11504","Pc","8699009439571","390","1"
"11504","Pc","8699009439533","390","1"
"11504","Pc","8699009439649","390","1"
"11504","Pc","8699009439670","390","1"
"11504","Pc","8699009439632","390","1"
"11504","Pc","8699009439656","390","1"
"11504","Pc","8699009439625","390","1"
"11504","Pc","8699009439663","390","1"
"11505","Pc","5060315057170","550","1"
"11505","Pc","5060315039381","550","1"
"11505","Pc","5060315039930","550","1"
"11505","Pc","5060315040585","550","1"
"11505","Pc","5060315040592","550","1"
"11506","Pc","5060315046860","350","1"
"11506","Pc","5060315046891","350","1"
"11506","Pc","5060315046907","350","1"
"11506","Pc","5060315046921","350","1"
"11506","Pc","5060315046884","350","1"
"11507","Pc","7308521679129","280","1"
"11507","Pc","9421023610112","280","1"
"11507","Pc","7308521679105","280","1"
"11507","Pc","7308521679099","280","1"
"11508","Pc","7308521671017","365","1"
"11508","Pc","7308521679211","365","1"
"11508","Pc","6943909602644","365","1"
"11508","Pc","7308521679488","365","1"
"11509","Pc","7308521679617","350","1"
"11509","Pc","5060315039947","350","1"
"11509","Pc","5060315040059","350","1"
"11509","Pc","7308521679778","350","1"
"11509","Pc","5060315032108","350","1"
"11509","Pc","7308521679730","350","1"
"11509","Pc","7308521679648","350","1"
"11509","Pc","5060315030302","350","1"
"11509","Pc","7308521679655","350","1"
"11509","Pc","7308521679624","350","1"
"11510","Pkt","3575272462506","190","1"
"11511","POUCH","3570127726437","95","1"
"11513","Pc","6930387571289","160","1"
"11513","Pc","6930387571425","160","1"
"11512","Pc","7308521672113","720","1"
"11512","Pc","7308521672182","720","1"
"11512","Pc","7308521672212","720","1"
"11515","Pc","8964002137473","310","1"
"11547","Pc","6415614882227","200","1"
"11554","Pc","8857101125819","360","1"
"11554","Pc","8857101129503","360","1"
"11555","Pc","8859178707349","370","1"
"11556","Pc","4653678270013","85","1"
"11557","Pc","3254896582561","180","1"
"11558","Pc","6415614882234","80","1"
"11561","Pc","4555520102568","90","1"
"11563","TIN","8857101125697","290","1"
"11563","TIN","8857101125680","290","1"
"11565","Pkt","82031","1880","1"
"11564","Pkt","82021","2350","1"
"11566","Pc","6930387571913","130","1"
"11566","Pc","6930387571920","130","1"
"11567","Pc","8964001076124","230","1"
"11568","500g","82061","198","0.5"
"11568","1kg","82062","395","1"
"11569","1kg","82071","150","1"
"11569","2Kg","82072","300","2"
"11569","5Kg","82073","750","5"
"11571","Pc","8964001049166","2550","1"
"10792","Pc","729872356014","80","1"
"11572","JAR","46204813","2520","1"
"11575","Pkt","8964002574469","525","1"
"11574","Pkt","8964002574216","530","1"
"11573","Pc","8964002574278","95","1"
"11576","Pc","8964000074008","620","1"
"11577","Pc","8964000074473","670","1"
"11578","Pc","8964000074091","670","1"
"11579","Pc","8964000074114","630","1"
"11581","Pc","8964000074121","670","1"
"11580","Pc","8964000074169","660","1"
"11582","Pc","8964000074176","670","1"
"11583","TIN","8964000074442","1450","1"
"11584","Pc","8964000074619","370","1"
"11586","Pc","8964000074497","270","1"
"11587","Pc","8964000074671","150","1"
"11588","Pc","8964000074664","150","1"
"10917","Pc","8681259500316","70","1"
"10917","Pc","8681259500224","70","1"
"11590","Pc","82281","250","1"
"11591","Pc","82291","40","1"
"11592","Pc","82301","50","1"
"11593","Pc","82311","220","1"
"10396","Pkt","6971123983546","190","1"
"10396","Pkt","6971123983508","190","1"
"10396","Pkt","6971123983836","190","1"
"10396","Pkt","6971123983645","190","1"
"11594","Pc","6756254182392","110","1"
"11594","Pc","pen","110","1"
"11595","Box","82331","640","1"
"11597","POUCH","8964002488711","50","1"
"11598","Pc","8964002137336","50","1"
"11599","Pc","8964002137282","95","1"
"11602","CTN","8964000002391","2800","5"
"11602","POUCH","8964000002384","560","1"
"11600","BOTTLE","8964000002308","1790","1"
"11601","BOTTLE","8964000002315","2930","1"
"234","POUCH","8961014237535","285","1"
"11603","BOTTLE","855434001235","130","1"
"11253","Pc","8850460983069","785","1"
"11253","Pc","8850460983052","785","1"
"11253","Pc","8850460987869","785","1"
"11604","Pc","8850460999480","2500","1"
"11605","Pc","8850460999497","670","1"
"11481","JAR","8850460986695","820","1"
"11481","JAR","8850460988767","820","1"
"11606","Pc","582903751994","300","1"
"2423","Pc","3700082500425","695","1"
"11610","Pc","9005800313443","1280","1"
"11609","Pc","4005808817719","480","1"
"9727","BOTTLE","3600541970847","1640","1"
"9727","BOTTLE","3600541970540","1640","1"
"11611","Pc","6291110002112","660","1"
"11611","Pc","6291110006950","660","1"
"11611","Pc","6291110016768","660","1"
"11611","Pc","6291110096111","660","1"
"11611","Pc","6291110019011","660","1"
"11611","Pc","6291110019004","660","1"
"11611","Pc","6291110010544","660","1"
"11611","Pc","6291110010896","660","1"
"11611","Pc","6291110017147","660","1"
"11611","Pc","6291110006899","660","1"
"11611","Pc","6291110095190","660","1"
"11611","Pc","6291110095176","660","1"
"11612","BOTTLE","4793000680971","770","1"
"11613","TIN","4793000680957","460","1"
"11614","Pc","6956742805950","520","1"
"11615","Pc","6956742895951","360","1"
"11618","BOTTLE","5901761958836","1080","1"
"11618","BOTTLE","5901761919400","1080","1"
"11620","Pc","8901088167956","440","1"
"11619","Pc","8901088169851","320","1"
"11628","Pkt","82661","670","1"
"11621","Pkt","82591","670","1"
"11622","Pkt","82601","670","1"
"11625","TIN","6281007039727","1720","1"
"11624","TIN","6281007039734","1720","1"
"11623","TIN","6281007039741","1720","1"
"11627","TIN","6281007045537","2050","1"
"11626","TIN","6281007042475","1930","1"
"8719","Pc","fb","60","1"
"11631","Pc","9555705500412","470","1"
"11631","Pc","9555705500405","470","1"
"11631","Pc","9555705500436","470","1"
"11631","Pc","9555705500429","470","1"
"9065","SACHET","6060742000212","50","1"
"11632","Pkt","6071221000944","125","1"
"11633","Pc","6028104510014","155","1"
"11634","POUCH","6281016807256","210","1"
"11635","Pc","6415009004265","170","1"
"7323","BOTTLE","6518931947003","100","1"
"7323","BOTTLE","6518931947201","100","1"
"7323","BOTTLE","6518931947300","100","1"
"7323","BOTTLE","6518931947102","100","1"
"11636","Pc","6281652887773","190","1"
"11638","POUCH","8964001024743","480","1"
"11637","Pkt","8964001024958","160","1"
"11639","Pc","82771","1480","1"
"11089","Pc","8858870256803","240","1"
"11640","Pc","6934985798123","180","1"
"11641","Pc","6913362888213","140","1"
"11644","Pc","82821","80","1"
"11642","Pc","82801","60","1"
"11643","Pc","82811","90","1"
"11645","Pc","82831","10","1"
"11646","Pc","82841","190","1"
"11647","Pc","644216994571","465","1"
"11648","Pc","8964000054116","270","1"
"11650","POUCH","8961000010975","55","1"
"11040","Box","7613038638782","7300","24"
"11125","Box","5000159461085","7500","25"
"10182","Box","8000500041338","7100","16"
"10183","Box","08000500073698","11800","30"
"11651","Pc","6986548881315","90","1"
"10184","Pc","","70","1"
"11652","TIN","8411356781239","720","1"
"11653","Pkt","6281073210198","3150","1"
"11654","Pkt","6224009614295","2280","1"
"11655","Pkt","6130793007086","2280","1"
"11656","Pc","82941","430","1"
"11657","Pc","82951","440","1"
"11659","Pc","5010652985568","300","1"
"11660","Pc","8964000024270","310","1"
"11661","Pkt","82991","460","1"
"11664","Pc","83021","60","1"
"11662","Pc","83001","120","1"
"11663","Pc","83011","340","1"
"11665","Pc","83031","345","1"
"11666","Pc","83041","170","1"
"11667","Pc","83051","110","1"
"11668","Box","8964000938225","115","1"
"11670","Box","8964000784846","115","1"
"11672","Box","8964000785720","115","1"
"11673","Box","8964000784211","115","1"
"11674","Box","8966000036857","110","1"
"10603","Pc","8964002334070","50","1"
"10604","Pc","8964002334025","60","1"
"9395","Pc","60183","40","5"
"7489","BOTTLE","39671","1200","200"
"7489","Pc","39673","10","1"
"11675","Box","7622202227998","470","24"
"11675","Pc","7622202228001","20","1"
"11678","Pkt","8964001112204","260","1"
"11677","Pkt","8964001112181","260","1"
"11676","Pkt","8964001112198","260","1"
"11681","BOTTLE","8964000345771","50","1"
"11680","BOTTLE","8964000345764","50","1"
"11679","BOTTLE","8964000345788","50","1"
"11682","Pc","83201","100","1"
"11683","Pc","83211","160","1"
"11684","Pc","83221","160","1"
"2771","Pc","8964002547609","480","1"
"6390","Pc","8964002547449","1190","1"
"11685","Pc","83231","760","1"
"11686","Pc","83241","160","1"
"11687","Pc","894559000815","200","1"
"11688","Pkt","788364955050","190","1"
"6119","BOTTLE","6291049115006","425","1"
"11690","Pc","8964000039793","50","1"
"10395","Pkt","6971123987209","270","1"
"10395","Pkt","6971123987025","270","1"
"11692","Pc","83301","570","1"
"11694","Pc","83321","110","1"
"11695","Pc","83331","230","1"
"11696","Pc","83341","320","1"
"11697","Pc","83351","160","1"
"11698","Pc","83361","330","1"
"11699","Pc","83371","190","1"
"11700","Pc","83381","140","1"
"11701","Pc","83391","150","1"
"11702","Pc","83401","390","1"
"11703","Pc","83411","980","1"
"11704","Pc","83421","280","1"
"6129","Pkt","8964000821923","280","1"
"11705","Pc","83431","280","1"
"11706","Pc","83441","100","1"
"11707","Pc","83451","220","1"
"10473","Pc","71042","20","1"
"10473","Pc","co coal","20","1"
"11708","Pkt","83461","385","1"
"11709","Pc","83471","210","1"
"11711","TIN","8964000332054","90","1"
"5811","Pc","8961014236859","470","1"
"11713","POUCH","8886950011318","305","1"
"11714","Pc","8886950072081","35","1"
"11715","POUCH","8997212800721","430","1"
"11716","Pkt","9945678915359","70","1"
"11716","Pkt","9945678915212","70","1"
"11716","Pkt","1156790100846","70","1"
"11725","Pc","83631","260","1"
"11726","Pc","8888166360174","300","1"
"11727","Pc","8994251000808","300","1"
"11729","TIN","6261422503164","60","1"
"11730","Pc","83681","90","1"
"9658","Pc","4270000064852","390","1"
"11732","Pc","8717163537664","1980","1"
"11731","Pc","648514133083","1100","1"
"11733","Pc","085715801203","6880","1"
"11737","SACHET","8992696420557","100","1"
"11739","Pc","83771","470","1"
"1112","Pc","8901030668838","780","1"
"11740","Pkt","9960008200343","1180","1"
"6466","Pc","8901248801089","210","1"
"7862","Pc","7640129895045","1050","1"
"11741","Pc","8713879092343","280","1"
"11742","Pc","8901030586101","1260","1"
"11743","Pc","4800888152916","395","1"
"11744","Pc","40568201","170","1"
"11745","SACHET","83831","240","1"
"11746","Box","8964001522041","115","1"
"10191","BOTTLE","8850135557113","390","1"
"10193","BOTTLE","8413481040014","880","1"
"10193","BOTTLE","8413481040243","880","1"
"10193","BOTTLE","8413481012028","880","1"
"10193","BOTTLE","8413481010147","880","1"
"10193","BOTTLE","8413481040380","880","1"
"11747","POUCH","6970910261188","360","1"
"11749","JAR","7891000260388","1030","1"
"11748","JAR","7891000260500","2700","1"
"11750","Pc","8964000057445","530","1"
"11751","BOTTLE","8964000088104","490","1"
"11758","TIN","8990057491017","1170","1"
"11757","TIN","8990057423087","1170","1"
"11759","tube","8964000578070","100","1"
"6733","Pc","8964000578032","385","1"
"11760","JAR","6291069712124","700","1"
"11761","JAR","8964001753780","235","1"
"11762","Pc","8850233120080","490","1"
"1269","Pc","8964001764014","500","1"
"11763","TIN","8698562895565","380","1"
"11763","TIN","8698562895350","380","1"
"11764","POUCH","040000488064","820","1"
"11764","POUCH","040000488088","820","1"
"11765","TIN","5000166014793","380","1"
"11766","POUCH","8850477051157","1120","1"
"11767","POUCH","8850477001664","2840","1"
"8829","POUCH","6936363903174","990","1"
"9858","JAR","7891000312704","950","1"
"11768","Pc","5000159390729","590","1"
"11769","Pc","6986548881186","440","1"
"11770","Pc","796648128151","40","1"
"11770","Pc","796648125150","40","1"
"11401","Box","8000500023976","2655","15"
"6680","Box","7622201778996","700","24"
"11773","Pc","84111","1580","1"
"11774","Pc","84121","840","1"
"11776","Pc","84141","520","1"
"11777","Pc","84151","980","1"
"11779","Pc","84171","970","1"
"11778","Pc","84161","890","1"
"11780","Pc","84181","1060","1"
"11781","Pc","84191","980","1"
"11782","Pc","84201","1880","1"
"11783","Pc","84211","1080","1"
"11784","Pc","84221","985","1"
"11785","Pc","84231","780","1"
"11786","Pc","84241","1090","1"
"11787","Pc","84251","1280","1"
"11788","Pc","84261","330","1"
"11789","Pc","84271","1770","1"
"11790","Pc","84281","960","1"
"11791","Pc","84291","1340","1"
"11792","Pc","84301","740","1"
"11793","Pc","84311","590","1"
"11795","Pc","84331","660","1"
"12402","Pc","90451","140","1"
"11822","Pc","6294007504218","1040","1"
"12403","Pc","90461","390","1"
"12406","Pkt","8003940020734","220","1"
"12405","Pkt","8003940020031","220","1"
"12407","Pc","90501","175","1"
"12408","Pc","90511","830","1"
"5269","Pc","14671","325","1"
"12409","Pc","90521","190","1"
"12410","Pc","90531","235","1"
"12411","Pc","90541","195","1"
"12412","Pc","90551","180","1"
"12413","Pc","90561","130","1"
"12414","Pc","90571","585","1"
"12415","Pc","90581","290","1"
"12416","Pc","90591","195","1"
"10841","Box","8964000798638","1320","12"
"12417","Pc","90601","320","1"
"12418","Pc","90611","680","1"
"12419","Pc","90621","230","1"
"12420","Pc","90631","310","1"
"12421","Pc","90641","140","1"
"12422","Pc","90651","160","1"
"12423","Pc","90661","445","1"
"12424","Pc","90671","570","1"
"12425","Pc","90681","135","1"
"12426","Pc","90691","180","1"
"12427","Pc","90701","620","1"
"12428","Pc","90711","475","1"
"12429","Pc","90721","140","1"
"12430","Pc","90731","190","1"
"12431","Pc","90741","130","1"
"12432","Box","8964002075188","115","1"
"12433","Box","8964002075140","115","1"
"12434","Pc","8964001764052","570","1"
"11796","Pkt","84341","580","1"
"11797","Pc","84351","570","1"
"11798","Pc","84361","990","1"
"11799","Pc","84371","1080","1"
"11800","Pc","84381","1630","1"
"11802","Pc","84401","470","1"
"11801","Pc","84391","1740","1"
"11803","Pc","84411","1090","1"
"11805","Pc","84431","2280","1"
"11804","Pc","84421","1330","1"
"3584","POUCH","8964000823002","280","1"
"11808","Pc","839796000525","410","1"
"11806","POUCH","839796006220","40","1"
"11809","Pc","3600541125209","950","1"
"11812","Pc","3061375122015","2900","1"
"11811","Pc","3061375119015","2900","1"
"11810","Pc","3061375115017","2900","1"
"11813","Pc","3600521230244","2900","1"
"11814","Pc","3600521230268","2900","1"
"11815","Pc","3600521230299","2900","1"
"356","Pc","3574660028119","770","1"
"7857","Pump","3574661531748","1830","1"
"7857","Pump","3574669907408","1830","1"
"2823","BOTTLE","3574661584645","1350","1"
"11820","JAR","6294007501316","920","1"
"11821","JAR","6294007500418","990","1"
"11820","JAR","6294007500319","920","1"
"11822","Pc","6294007503211","1040","1"
"11824","Pc","8961100002368","125","1"
"2071","BOTTLE","3574669907828","780","1"
"6630","Box","7622210860651","2750","24"
"11826","Pc","84641","40","1"
"11827","Pc","84651","120","1"
"11827","Pc","8906004510632","120","1"
"2101","Pc","63941","190","1"
"11831","Pc","84691","30","1"
"11830","Pc","84681","30","1"
"11832","BOTTLE","4023300867100","2150","1"
"11833","Pc","034000312177","1490","1"
"11834","BOTTLE","8410159044077","770","1"
"11835","BOTTLE","8410159267070","880","1"
"11836","TIN","8410179004112","300","1"
"11837","TIN","8410179004129","510","1"
"11839","POUCH","8850632205159","340","1"
"11840","POUCH","","180","1"
"11841","POUCH","8850632200260","280","1"
"11842","POUCH","8850632200284","280","1"
"11843","Pc","5000101132704","515","1"
"11843","Pc","5000101500718","515","1"
"11843","Pc","5000101968051","515","1"
"11843","Pc","5000101968211","515","1"
"11844","Pc","8966000030527","270","1"
"11845","Pc","8966000030510","330","1"
"7989","Pc","748252468956","240","1"
"7989","Pc","748252469151","240","1"
"11847","Pc","8964002137466","240","1"
"11848","JAR","4006067060977","3350","1"
"11848","JAR","4006067084225","3350","1"
"11091","Pc","6954842276663","160","1"
"11091","Pc","6954842276632","160","1"
"11091","Pc","6947446410090","160","1"
"10551","Pc","6294015103403","745","1"
"10551","Pc","6294015103373","745","1"
"356","Pc","8850007010265","770","1"
"3249","Pc","8904006307403","1120","1"
"3249","Pc","8904006305591","1120","1"
"11849","Pc","3304502202861","1090","1"
"11850","Pc","3395502510018","840","1"
"11851","Pc","6291012023123","250","1"
"11853","Pc","6925933898859","170","1"
"10202","Pc","012546011600","340","1"
"10202","Pc","070221008741","340","1"
"10202","Pc","012546011662","340","1"
"10202","Pc","012546011624","340","1"
"10202","Pc","012546011723","340","1"
"10202","Pc","070221008642","340","1"
"11854","Pc","8961101231514","1090","1"
"11855","Pc","5000159020312","380","1"
"11856","Pc","76145759","290","1"
"11857","Pc","96202371","150","1"
"11859","Pc","8961258425989","45","1"
"10916","Pc","8991102380706","30","1"
"10916","Box","8991102380805","630","24"
"10917","Pc","8681259500163","70","1"
"10917","Pc","8681259500255","70","1"
"10917","Pc","8681259500347","70","1"
"9829","Pc","8888300800504","170","1"
"9829","Pc","8850002015241","170","1"
"11866","Pc","8964000570166","80","1"
"11867","Pc","6291106810707","720","1"
"11867","Pc","6291106810752","720","1"
"11867","Pc","6291106810738","720","1"
"11867","Pc","6291106811254","720","1"
"11867","Pc","6291106810691","720","1"
"11867","Pc","6291106810714","720","1"
"11867","Pc","6291106810769","720","1"
"11867","Pc","6291106810677","720","1"
"11870","Pc","6920293601620","95","1"
"11870","Pc","6920293601606","95","1"
"11869","Pc","6976330568258","190","1"
"11870","Pc","85103","95","1"
"7424","Pc","6934985787226","160","1"
"11871","Pc","6945507881582","160","1"
"11874","POUCH","6281024110126","490","1"
"11873","POUCH","6281024110096","490","1"
"11872","POUCH","6281024110089","490","1"
"11876","Pc","705632325599","720","1"
"11877","Pc","8964000074626","680","1"
"11879","Pkt","8964000074053","670","1"
"11880","TIN","8964000074459","2800","1"
"11881","Pkt","6009679060913","30","1"
"1562","SACHET","6009679062580","50","1"
"15271","Box","5059001002891","3250","1"
"979","Box","8964002528790","315","1"
"604","BOTTLE","6533411517736","410","1"
"11883","TIN","6890767830712","1630","1"
"5234","TIN","9002490100070","490","1"
"11886","Pc","85261","425","1"
"11887","Pc","85271","390","1"
"11888","Pc","4902508263818","649","1"
"11888","Pc","6025","649","1"
"11889","Pc","6970335160035","290","1"
"11890","Pc","4711146111333","820","1"
"11891","Pc","8850851110036","499","1"
"11892","Pc","8850851110081","485","1"
"11893","Pc","8850851701715","390","1"
"11894","Pc","8850851110012","525","1"
"11895","Pc","8850851110050","525","1"
"11896","Pc","8412428012510","840","1"
"11896","Pc","8412428012558","840","1"
"11896","Pc","8412428026173","840","1"
"11896","Pc","8412428014422","840","1"
"11896","Pc","8412428014439","840","1"
"11896","Pc","8412428025237","840","1"
"11896","Pc","8412428021451","840","1"
"11896","Pc","8412428021406","840","1"
"11896","Pc","8412428011117","840","1"
"11896","Pc","8412428013913","840","1"
"11896","Pc","8412428016792","840","1"
"11896","Pc","8412428015689","840","1"
"11896","Pc","8412428017553","840","1"
"11900","Pc","079400459480","2270","1"
"11899","Pc","079400459510","2270","1"
"11898","Pc","079400459534","2270","1"
"11897","Pc","079400459497","2270","1"
"11901","Pc","079400604965","820","1"
"6882","BOTTLE","8993417390227","540","1"
"5633","Pc","80135890","390","1"
"10792","Pc","729872355994","80","1"
"11902","Pkt","8964000821411","700","1"
"3548","Pc","6001087006835","940","1"
"11903","Pc","85431","410","1"
"11904","Pc","85441","270","1"
"11905","Pc","85451","320","1"
"11906","Pc","85461","240","1"
"11907","Pc","85471","220","1"
"11908","Pc","85481","230","1"
"11909","Pc","85491","270","1"
"11912","POUCH","6958795976311","240","1"
"8007","Pc","8964000047453","330","1"
"8007","Pc","8964000047460","330","1"
"8008","Pc","8964000045954","490","1"
"8008","Pc","8964000045961","490","1"
"11913","POUCH","85532","360","1"
"11914","Pc","85541","220","1"
"11916","Pc","8698623900085","130","1"
"11916","Pc","8698623900078","130","1"
"11915","Pc","6901997601871","65","1"
"11917","Pc","85572","20","1"
"11918","Pc","6934693191223","170","1"
"11920","Pc","85601","220","1"
"11919","Pc","85591","160","1"
"11641","Pc","6913362888268","140","1"
"9582","Pc","1523662992319","130","1"
"11922","Pc","85621","200","1"
"11923","Pc","85631","250","1"
"11924","Pc","85641","250","1"
"11925","Pc","85651","250","1"
"11926","Pc","85661","280","1"
"11928","Pc","85681","280","1"
"11929","Pc","85691","280","1"
"11930","Pc","85701","360","1"
"11935","Pc","8717185381764","1280","1"
"11934","Pc","8717185380521","1650","1"
"11933","Pc","8717185383539","1650","1"
"11932","Pc","8717185381993","1650","1"
"11931","Pc","8717185381979","1650","1"
"11936","Pc","8718734856757","2860","1"
"11943","Pc","8718734856672","1720","1"
"11942","Pc","8718375528990","1320","1"
"11941","Pc","8718375528952","1670","1"
"11940","Pc","8718375528020","1320","1"
"11939","Pc","8718375529010","1320","1"
"11938","Pc","8718375528914","1320","1"
"11937","Pc","8718375528891","1320","1"
"11944","Pc","8717185384291","1320","1"
"11945","Pc","8719281103479","3280","1"
"11946","Pc","8719281103547","3190","1"
"11947","Pc","8719281045779","2900","1"
"11948","Pc","8717185385281","750","1"
"9805","Box","6920180301626","215","1"
"11091","Pc","6954842276625","160","1"
"11091","Pc","6954842276588","160","1"
"11949","Box","85891","230","1"
"11950","Pc","6399365840","12900","1"
"11951","Pc","3351500002702","10600","1"
"11952","Pc","085805558420","4550","1"
"11953","Pc","3614223379972","5450","1"
"11954","Pc","3423470311358","5350","1"
"11963","Pc","3700108350225","1940","1"
"11962","Pc","6290171010159","4280","1"
"11962","Pc","6290171010166","4280","1"
"11961","Pc","3760060760715","2140","1"
"11960","Pc","6290171050285","2140","1"
"11959","Pc","6290171050292","2480","1"
"11958","Pc","7640171190877","4770","1"
"11957","Pc","7640163971613","4770","1"
"11956","Pc","3355992004596","2490","1"
"11955","Pc","3355992000260","3340","1"
"11953","Pc","1557350569","5450","1"
"11965","Pc","4023300863300","2950","1"
"11966","Pc","86061","790","1"
"11967","Pc","86071","1380","1"
"11968","Pc","86081","1870","1"
"11969","Pc","86091","550","1"
"11970","Pc","86101","680","1"
"11971","Pc","86111","825","1"
"11972","Pc","86121","480","1"
"11975","Pc","86151","530","1"
"11974","Pc","86141","310","1"
"11973","Pc","86131","160","1"
"11976","Pc","86161","490","1"
"11977","Pc","86171","845","1"
"11978","Pc","86181","890","1"
"11979","Pc","86191","1090","1"
"11950","Pc","3351500920037","12900","1"
"11980","Pc","86201","280","1"
"11981","Pc","86211","270","1"
"11982","Pc","86221","470","1"
"11983","Pc","86231","95","1"
"11984","Pc","86241","110","1"
"11985","Pc","86251","250","1"
"9632","Pc","5000231008771","369","1"
"11986","Pc","86261","150","1"
"11986","Pc","8964002547005","150","1"
"11987","Pc","86271","220","1"
"11988","BOTTLE","8964000031087","360","1"
"11992","Pc","792625892763","220","1"
"11993","Pc","6931078930255","1480","1"
"11994","Pc","6931078930651","1150","1"
"10179","Box","4011100240216","6960","24"
"11996","Pc","86361","280","1"
"11997","BOTTLE","8964002686056","140","1"
"6128","POUCH","8964000821176","280","1"
"3583","POUCH","8964000823118","280","1"
"12000","POUCH","671866277334","95","1"
"9543","Pkt","61702","2100","1"
"9542","Pkt","61692","840","1"
"9541","Pkt","61682","420","1"
"12001","Pc","5060453450765","440","1"
"12003","Pc","120031","260","1"
"22119","BOTTLE","5414145062789","1380","1"
"12013","Pc","5069995048171","640","1"
"12012","Pc","5069995048164","640","1"
"12018","Box","5060453454688","570","1"
"12021","Pc","5060453454022","680","1"
"12025","Pc","8801038585130","60","1"
"12026","Pc","8801038578507","50","1"
"12027","Pc","8801038583501","490","1"
"12028","Pc","8801038595856","120","1"
"12029","Pc","8801038514932","145","1"
"6155","Pc","6920092231257","130","1"
"6155","Pc","6928835585711","130","1"
"12030","Pc","6682838968727","140","1"
"12275","Pc","8718375528853","1320","1"
"12274","Pc","8719281991465","2860","1"
"12273","Pc","8718734856733","2860","1"
"12277","Pc","89191","200","1"
"12278","Pc","89201","280","1"
"12283","Pkt","8964001085775","450","1"
"12284","Pc","8001841270678","1610","1"
"12285","Pc","8001841270715","1610","1"
"12286","Pc","8001841768809","1140","1"
"12287","Pc","4015400648185","945","1"
"12289","Pc","5060453450734","385","1"
"12289","Pc","5060453450741","385","1"
"12295","Pc","5060453457894","290","1"
"12297","Pc","6971585870309","480","1"
"12298","Pc","89401","160","1"
"12299","Pc","89411","130","1"
"12300","Pc","89421","180","1"
"12300","Pc","6905142800676","180","1"
"12301","Pc","89431","110","1"
"4758","Pc","6972100410017","160","1"
"12030","Pc","86701","140","1"
"12031","Pc","86711","35","1"
"12031","Pc","paper","35","1"
"12032","Pkt","86721","630","1"
"12034","Pc","86741","130","1"
"12033","Pc","86731","150","1"
"12035","Pc","86751","130","1"
"7624","CTN","","1320","24"
"1462","Pc","8961008213873","250","1"
"12036","Pc","8710103774327","4080","1"
"12036","Pc","8710103774389","4080","1"
"12036","Pc","8710103774341","4080","1"
"12037","Pc","8964000088173","230","1"
"12038","Pc","8964000057186","95","1"
"12039","Pc","6953419906033","825","1"
"12039","Pc","6953419906040","825","1"
"12039","Pc","6953419906026","825","1"
"12036","Pc","86764","4080","1"
"12039","Pc","86794","825","1"
"12040","Pc","8850851110029","585","1"
"12040","Pc","8850851110043","585","1"
"12040","Pc","8850851110098","585","1"
"12043","Pc","6928691188965","940","1"
"12042","Pc","6928691189009","1065","1"
"12041","Pc","6953419906408","995","1"
"12041","Pc","6953419906422","995","1"
"12044","Pc","4902508262064","1249","1"
"12045","Pc","4902508008747","1249","1"
"12046","Pc","4902508007726","749","1"
"12047","Pc","4902508008730","1149","1"
"12048","Pc","4902508008754","2099","1"
"12049","Pc","4902508007733","675","1"
"12050","Pc","8710103881674","5130","1"
"12052","Pc","8850851110104","499","1"
"12051","Pc","8850851110074","475","1"
"12053","Pc","8710103787952","3880","1"
"12054","Pc","8710103881445","4280","1"
"12055","Box","8720689011648","9870","1"
"12056","Pc","8720689011624","5130","1"
"12058","Pc","6928691188897","775","1"
"12057","Pc","6928691188927","925","1"
"12060","Pc","6970335160301","845","1"
"12060","Pc","6970335162145","845","1"
"12061","Pc","6970335166044","525","1"
"12062","Pc","5031413911251","280","1"
"12062","Pc","5031413922172","280","1"
"12064","Pc","4902430753173","170","1"
"12065","Pc","8999999032456","280","1"
"12066","Pc","8999999540630","320","1"
"12067","Pc","8991111101965","650","1"
"12068","Pc","8901030725814","330","1"
"12068","Pc","8901030708251","330","1"
"12069","Pc","8156288561671","275","1"
"12069","Pc","8156288561664","275","1"
"12069","Pc","8156288561688","275","1"
"12073","Pc","8964000019542","870","1"
"12074","Pc","8964001049111","1520","1"
"12078","Pc","8851932354349","920","1"
"12077","Pc","8851932354318","920","1"
"12076","Pc","8851932354301","920","1"
"12075","Pc","8851932354325","920","1"
"12079","Pc","5055028346734","390","1"
"12079","Pc","5055028311343","390","1"
"12079","Pc","5055028382008","390","1"
"12079","Pc","5055028311008","390","1"
"12080","Pc","5010724529720","790","1"
"12081","Pc","8710908657672","425","1"
"12082","Pc","50210404","225","1"
"12082","Pc","50210466","225","1"
"12085","Pc","8710908657399","820","1"
"12085","Pc","8710908657122","820","1"
"12083","Pc","8710908658006","880","1"
"12083","Pc","8710908658075","880","1"
"12086","Pc","3574661440477","560","1"
"12087","Pc","8697420534714","270","1"
"12088","Pc","87281","1060","1"
"12089","POUCH","87291","635","1"
"12090","POUCH","87301","920","1"
"12091","Pc","87311","1975","1"
"12092","Pc","87321","1560","1"
"12093","Pc","87331","2075","1"
"12094","Pc","87341","1060","1"
"12095","Pc","87351","645","1"
"12096","Pc","87361","3480","1"
"12097","Pc","87371","1895","1"
"12098","Pc","87381","2440","1"
"12099","Pc","87391","3920","1"
"12100","Pc","87401","2880","1"
"12101","Pc","87411","4290","1"
"12105","Pc","5060453456989","570","1"
"12105","Pc","5060453457009","570","1"
"12105","Pc","5060453457016","570","1"
"12105","Pc","5060453456996","570","1"
"12118","Pc","5060453453834","410","1"
"12120","Pc","5060453450819","550","1"
"12124","Pc","5001591590371","540","1"
"2944","BOTTLE","3574660649864","690","1"
"2944","BOTTLE","3574661266398","690","1"
"12125","Pc","5011501040117","1580","1"
"12126","Pc","8964000835098","220","1"
"12127","Pc","8999999055776","690","1"
"4333","Pc","8901248451475","490","1"
"12128","Pc","437833743543","100","1"
"12129","Pc","3574669907309","430","1"
"1657","BOTTLE","6221155046581","580","1"
"1657","BOTTLE","6221155046154","580","1"
"1657","BOTTLE","6221155046611","580","1"
"9729","BOTTLE","8851932332422","1160","1"
"12132","Pc","5000347054303","395","1"
"1112","Pc","8712561481663","780","1"
"12133","Pc","9300618551767","425","1"
"12134","Pc","5060128982737","485","1"
"12135","Pc","3571700500710","570","1"
"12135","Pc","3571700500758","570","1"
"12135","Pc","3571700500789","570","1"
"12135","Pc","3571700500765","570","1"
"12135","Pc","3571722500347","570","1"
"12135","Pc","3571700500796","570","1"
"12135","Pc","3571700500734","570","1"
"12135","Pc","3571700500741","570","1"
"12136","Pc","5017101009356","680","1"
"12137","Pc","5010724506424","440","1"
"12137","Pc","5010724513095","440","1"
"2822","BOTTLE","3574669907835","670","1"
"12138","Pc","8886467020124","460","1"
"2943","Pc","025929204117","1770","1"
"242","Pump","8961014247978","1280","1"
"12141","Pc","7622201768638","70","1"
"12142","JAR","667258002042","570","1"
"9726","Pc","8934868149767","340","1"
"9726","Pc","8934868149736","340","1"
"5741","Pc","859581006754","890","1"
"12144","Pc","3600542460309","1620","1"
"2931","Pc","4035773088746","520","1"
"2931","Pc","4035773072745","520","1"
"12145","Pc","025929130003","2140","1"
"12145","Pc","025929129205","2140","1"
"12145","Pc","025929203257","2140","1"
"12145","Pc","025929129304","2140","1"
"12145","Pc","025929129601","2140","1"
"12145","Pc","025929129915","2140","1"
"12145","Pc","025929127102","2140","1"
"12145","Pc","025929126907","2140","1"
"12145","Pc","025929129854","2140","1"
"12145","Pc","025929203462","2140","1"
"12145","Pc","025929122206","2140","1"
"20654","BOTTLE","6281006524170","1120","1"
"12145","Pc","025929126808","2140","1"
"12146","Pc","8712561594424","1840","1"
"12146","Pc","8712561611442","1840","1"
"12147","Pc","87871","100","1"
"11824","Pc","84622","125","1"
"12151","Pc","8964000263235","100","1"
"12153","BOTTLE","1860074054595","60","1"
"12154","Pc","8964001024064","50","1"
"12155","1kg","87951","240","1"
"12155","500g","87952","120","0.5"
"12155","250g","87953","60","0.25"
"12156","Pc","87961","410","1"
"12157","POUCH","8964002474646","210","1"
"12158","POUCH","8964002474653","210","1"
"12159","POUCH","8964002474561","230","1"
"12159","POUCH","8964002474578","230","1"
"12160","POUCH","8964002474066","230","1"
"12161","POUCH","8964002474486","230","1"
"12161","POUCH","8964002474479","230","1"
"12161","POUCH","8964002474462","230","1"
"12161","POUCH","8964002474493","230","1"
"12161","POUCH","8964002474448","230","1"
"12162","Pc","3014260283254","360","1"
"12163","BOTTLE","8006540112915","590","1"
"12164","Pc","8006540112977","1060","1"
"12165","Pc","8006540112946","740","1"
"502","CRATE","","1350","12"
"10203","Box","8992741900416","1750","24"
"9858","JAR","7891000071809","950","1"
"11748","JAR","83862","2700","1"
"12169","POUCH","9334214023571","390","1"
"12171","JAR","9311931409161","720","1"
"12171","JAR","9311931105162","720","1"
"12171","JAR","9311931408164","720","1"
"12171","JAR","9311931407167","720","1"
"12171","JAR","9311931903164","720","1"
"12171","JAR","9311931902167","720","1"
"12172","TIN","8859108260456","460","1"
"12173","TIN","8858768026358","235","1"
"12181","Pc","012212213772","190","1"
"12180","Pc","012212213802","210","1"
"12179","Pc","012212213819","125","1"
"12178","Pc","012212213758","320","1"
"12177","Pc","6895257452658","90","1"
"12176","Pc","3451551587071","115","1"
"12175","Pc","012212213765","320","1"
"12174","Pc","012212213796","125","1"
"4291","POUCH","8997212800592","320","1"
"12182","POUCH","6291003070105","720","1"
"12183","Pc","7891000085349","1650","1"
"11856","Box","7622210818522","6720","24"
"9700","BOTTLE","8993417310256","390","1"
"12184","Pc","3600522335566","430","1"
"8549","Pc","2578745825847","495","1"
"12185","Pc","6942691222399","320","1"
"12186","Pc","3600540414311","390","1"
"12186","Pc","3600540366337","390","1"
"12186","Pc","3600540413802","390","1"
"4329","BOTTLE","8961008214009","50","1"
"7888","BOTTLE","8001090944634","970","1"
"12187","BOTTLE","8001090662200","640","1"
"12187","BOTTLE","8001841893440","585","1"
"12187","BOTTLE","8001841893242","585","1"
"12187","BOTTLE","8001090662026","640","1"
"12189","Pc","8964000031858","80","1"
"12190","Pc","8964002574247","380","1"
"5781","POUCH","8964000821138","340","1"
"10851","Pc","6518931887477","90","1"
"12191","Pc","6518931938001","160","1"
"12191","Pc","6518931938018","160","1"
"12192","Pc","8964002346196","30","1"
"727","SACHET","8886950011769","10","1"
"216","POUCH","8886950011776","270","1"
"199","Pc","8886950052168","300","1"
"2434","Pc","8886950055329","390","1"
"10368","Pkt","4904530591952","350","1"
"11618","BOTTLE","5901761919264","1080","1"
"12194","Pc","5907609345691","1620","1"
"12195","Pc","331078600244","490","1"
"12196","Pc","5907609356840","1390","1"
"12198","Pc","88401","60","1"
"12199","Pc","88411","35","1"
"12200","Pkt","88421","75","1"
"12201","Pkt","88431","45","1"
"12202","Pkt","88441","65","1"
"12203","Pkt","88451","85","1"
"12204","Pkt","88461","105","1"
"12205","Pkt","88471","80","1"
"12200","Pkt","6941236506574","75","1"
"12201","Pkt","6941236506512","45","1"
"12202","Pkt","6941236506529","65","1"
"12203","Pkt","6941236506536","85","1"
"12204","Pkt","6941236506543","105","1"
"12206","Pkt","88481","90","1"
"12206","Pkt","4057733899957","90","1"
"12207","Pkt","88491","130","1"
"12207","Pkt","4057733899902","130","1"
"12208","Pc","88501","30","1"
"12208","Pc","6972031919016","30","1"
"12209","Pc","6156200830023","25","1"
"12209","Pc","6937363900217","25","1"
"12211","Pkt","7867246269560","225","1"
"12210","Pc","122101","80","1"
"12211","Pkt","88532","225","1"
"12212","Pkt","8964000115008","295","1"
"12213","Pkt","1188551","220","1"
"12214","Pc","6922139427074","95","1"
"12214","Pc","6922139427081","95","1"
"12215","Pc","8901177104008","175","1"
"7989","Pc","653341107275","240","1"
"7989","Pc","653341107572","240","1"
"12216","Pc","6945313788136","175","1"
"12217","POUCH","8908011235171","240","1"
"12217","POUCH","8908011235140","240","1"
"12218","TIN","6890767817706","560","1"
"12219","Box","8964002755073","290","1"
"12220","Pkt","6130793007109","2280","1"
"8754","Pkt","4800361292382","1750","1"
"12222","Pc","6916790260613","520","1"
"12222","Pc","6916790260620","520","1"
"12223","JAR","6916790266240","820","1"
"12225","Box","8961003513565","235","1"
"12226","Box","8964002444779","235","1"
"1269","Pc","36892","500","1"
"12227","Pc","8964001764045","690","1"
"12228","Pc","8964001764113","590","1"
"12229","Pc","8964001764076","590","1"
"12230","Pc","8964001764274","690","1"
"1006","Pc","28965","300","1"
"12233","Pc","8964001764304","480","1"
"4035","Pc","8964001764120","480","1"
"12232","Pc","8964001764298","570","1"
"4470","Pc","8964001764083","570","1"
"12234","Pc","8964001764281","570","1"
"4470","Pc","03142","570","1"
"4035","Pc","97452","480","1"
"12235","Pc","8964001764137","285","1"
"12236","Pc","8964000769003","75","1"
"12237","PATTA","8961101239985","120","1"
"12238","Pc","3061376194547","880","1"
"12239","Pc","3610340640360","950","1"
"7293","Pc","3610340640414","950","1"
"12241","PATTA","823520381615","165","1"
"12241","PATTA","88832","165","1"
"71","PATTA","6972031916206","115","1"
"71","PATTA","6937363902204","115","1"
"12243","Pc","88851","695","1"
"12245","Pc","88871","50","1"
"12246","Pc","88881","85","1"
"11716","Pkt","4231578912341","70","1"
"12248","Pc","88901","240","1"
"12249","Pc","88911","520","1"
"12253","Pc","88951","1760","1"
"12254","Pc","88961","80","1"
"2690","Pc","75722","145","1"
"12255","Pc","1188971","140","1"
"12256","Pc","88981","55","1"
"12256","Pc","6972854791417","55","1"
"12257","Pc","88991","695","1"
"12258","Pc","122581","160","1"
"12259","Pc","89011","610","1"
"12260","Pc","89021","390","1"
"12261","Pc","89031","525","1"
"12262","Pc","6956742805936","290","1"
"12141","Box","7622201768621","1650","24"
"20468","Pc","204681","340","1"
"6632","Box","7622210349354","9900","24"
"12264","Pc","8904238301620","240","1"
"12264","Pc","8904238301644","240","1"
"12264","Pc","8904238301651","240","1"
"12264","Pc","8904238301637","240","1"
"12265","Pc","122651","30","1"
"12266","Pc","89081","740","1"
"12267","Pc","89091","560","1"
"12268","Pc","89101","780","1"
"12269","Pc","89111","970","1"
"12270","Pc","4084500127074","1470","1"
"12270","Pc","4084500128323","1470","1"
"12270","Pc","5011321595200","1470","1"
"12270","Pc","4084500124103","1470","1"
"12270","Pc","5011321594296","1470","1"
"12270","Pc","5011321594470","1470","1"
"9338","Pc","4005808311835","820","1"
"9338","Pc","4005808795697","820","1"
"9338","Pc","4005808130573","820","1"
"9338","Pc","4005900105431","820","1"
"12271","Pc","9000100729840","410","1"
"12271","Pc","9000101091915","410","1"
"12271","Pc","9000101227314","410","1"
"12222","Pc","6916790260637","520","1"
"12272","Pc","6223000652503","630","1"
"12276","Pc","8718375528006","1320","1"
"12302","Pc","89441","85","1"
"12303","Pc","89451","155","1"
"12304","Pc","899999924783","470","1"
"12304","Pc","899999924851","470","1"
"12305","Pc","3614222348511","330","1"
"12305","Pc","3614221140215","330","1"
"12305","Pc","3614220020495","330","1"
"12305","Pc","3607348580606","330","1"
"12305","Pc","3607340667992","330","1"
"510","Pkt","8961003581038","100","1"
"12308","Pc","8965310048420","190","1"
"12307","Pc","8965310049533","190","1"
"12309","Pkt","894559000761","200","1"
"12310","Box","894559000808","200","1"
"10197","Box","5000159461580","6100","24"
"10198","Box","5000159409056","6000","24"
"12312","Pkt","3570132726439","150","1"
"12313","Pc","6957797345460","690","1"
"12314","Pc","3587925270895","630","1"
"12315","Box","89581","90","1"
"12316","Box","89591","110","1"
"12317","Box","89601","220","1"
"12318","Box","89611","480","1"
"12319","Pc","89621","225","1"
"12320","Pc","89631","255","1"
"12321","Pc","89641","290","1"
"12322","Pc","89651","325","1"
"12325","Pc","6260259001478","50","1"
"12326","Pc","6261149092620","60","1"
"12327","Pc","6262373500349","40","1"
"12328","Pc","","30","1"
"12329","Pc","8964000258989","290","1"
"12331","Pc","8964000258996","380","1"
"12330","Pc","8964000258903","370","1"
"10728","Pc","8964000505069","180","1"
"12332","Pc","8964002137190","165","1"
"12333","TIN","8710428016539","4520","1"
"9481","Pkt","36399789","130","1"
"12334","Pc","6291100170098","2440","1"
"12334","Pc","6291100179466","2440","1"
"12334","Pc","89773","2440","1"
"7842","Pc","43752","1540","1"
"7843","Pc","43762","1640","1"
"12346","Pc","9242376684021","240","1"
"12345","Pc","423735148722","270","1"
"12344","Pc","9243765667816","240","1"
"12343","Pc","8927373926565","240","1"
"12347","TIN","8420701103176","180","1"
"12348","Pc","8964000961681","190","1"
"4502","Pc","03651","190","1"
"12355","Pc","6260503621223","60","1"
"12356","POUCH","89991","110","1"
"12357","Pkt","710535717952","2370","1"
"3627","Pc","92201","120","1"
"12358","Box","90012","620","1"
"12359","ROLL","90021","990","1"
"12360","Pc","90031","430","1"
"12361","Box","90041","1130","1"
"12362","Pc","90051","220","1"
"12363","ROLL","90061","415","1"
"12364","Pc","90071","240","1"
"12365","Pc","6290181474989","1230","1"
"6365","JAR","27392","700","60"
"6365","Pkt","27393","75","5"
"6365","Pc","27394","15","1"
"141","JAR","8961014020700","1090","1"
"7423","Pkt","38952","95","1"
"12366","Pc","123661","560","1"
"12367","Pc","6941981202103","160","1"
"12367","Pc","6941981202905","160","1"
"12367","Pc","90103","160","1"
"12368","Pc","90111","165","1"
"12369","Pc","90121","215","1"
"12370","Pc","90131","390","1"
"12371","Pc","90141","370","1"
"12372","Pc","90151","190","1"
"12373","Pc","90161","410","1"
"12374","Pc","90171","55","1"
"12375","Pkt","90181","135","1"
"12376","Pc","90191","320","1"
"3808","Pc","94371","90","1"
"12377","Pc","90201","115","1"
"12378","Pc","90211","200","1"
"12379","Pc","90221","245","1"
"12380","Pc","90231","430","1"
"12381","Pc","90241","360","1"
"12382","Pc","90251","915","1"
"12383","Pc","90261","240","1"
"12384","Pc","6948619501942","90","1"
"12386","Pc","90291","245","1"
"12385","Pc","90281","190","1"
"12388","Pc","90311","980","1"
"12387","Pc","90301","495","1"
"12389","Pc","8964000102817","20","1"
"12390","Pc","6932802418889","155","1"
"12390","Pc","6932802420219","155","1"
"12390","Pc","6932802420806","155","1"
"11594","Pc","8512126884546","110","1"
"11594","Pc","6932802421612","110","1"
"11594","Pc","6920367239759","110","1"
"12391","Pc","8961005060128","490","1"
"12392","Pc","8961005060081","350","1"
"12393","POUCH","8964002474189","240","1"
"12393","POUCH","8964002474219","240","1"
"12393","POUCH","8964002474202","240","1"
"12393","POUCH","8964002474196","240","1"
"12395","Pkt","90381","100","1"
"12394","Pkt","90371","50","1"
"12396","Pkt","90391","180","1"
"12397","Pkt","90401","360","1"
"12398","Pkt","90411","95","1"
"12399","Pkt","90421","190","1"
"11764","POUCH","5000159471749","820","1"
"12435","Pc","705632329054","500","1"
"12436","Pkt","8964001416852","80","1"
"12437","Pc","","30","1"
"12438","Pc","6262167101417","60","1"
"12439","Pc","","35","1"
"12440","Pc","","30","1"
"12441","Pc","","25","1"
"12441","Pc","","25","1"
"12442","Pc","","35","1"
"12442","Pc","","35","1"
"12443","Pc","6260316616058","35","1"
"297","Pc","8961008219004","450","1"
"12443","Pc","0162300031660004","35","1"
"12444","Pc","","30","1"
"12445","Pc","","30","1"
"12445","Pc","","30","1"
"12446","Pc","6262987900818","25","1"
"12446","Pc","0162300298790041","25","1"
"12447","Box","8964001522034","115","1"
"12161","POUCH","8964002474455","230","1"
"12448","Pkt","8964002862559","160","1"
"8940","CRATE","","1450","12"
"12487","Pc","6945507878001","110","1"
"12490","Pc","1191331","2750","1"
"12489","Pc","1191321","2350","1"
"12488","Pc","1191311","4400","1"
"6732","Pc","1131431","3450","1"
"6719","Pc","1131301","3150","1"
"8413","BOTTLE","1149741","140","1"
"12491","TIN","8822111013005","820","1"
"11848","JAR","4006067084300","3350","1"
"12492","TIN","8859537400041","990","1"
"12493","JAR","8428916063193","820","1"
"12494","TIN","290000041619","550","1"
"12437","Pc","","30","1"
"12496","POUCH","6936363905277","5620","1"
"12497","POUCH","6936363905314","5430","1"
"12498","POUCH","8850477002296","5430","1"
"12499","POUCH","6936363905284","6590","1"
"5776","Pc","50189205","160","1"
"12501","Pc","1191441","190","1"
"12502","Pkt","1191451","1100","1"
"12503","Pkt","1191461","275","1"
"792","Pkt","8961014020496","210","1"
"1370","BUNDLE","8961014237412","430","1"
"5810","Pc","8961014236842","260","1"
"12505","Pc","8961014236781","145","1"
"12506","Pc","1191491","325","1"
"12507","Pc","1191501","595","1"
"12508","Pc","1191511","365","1"
"12510","Pc","1191531","635","1"
"12509","Pc","1191521","715","1"
"12511","Pc","1191541","695","1"
"12512","Pc","1191551","895","1"
"12513","Pc","1191561","1025","1"
"12514","Pc","1191571","785","1"
"12515","Pc","1191581","895","1"
"12516","Pc","1191591","895","1"
"12517","Pc","1191601","860","1"
"12518","Pc","6970183710246","380","1"
"12519","Pc","1191621","545","1"
"12520","Pc","1191631","475","1"
"12521","Pc","1191641","295","1"
"12522","Pc","1191651","490","1"
"12523","Pc","1191661","415","1"
"12524","Pc","1191671","365","1"
"12525","Pc","1191681","635","1"
"12526","Pc","1191691","285","1"
"12527","Pc","1191701","670","1"
"12528","Pc","1191711","185","1"
"12529","Pc","1191721","385","1"
"12530","Pkt","1191731","325","1"
"12531","Pc","1191741","175","1"
"12653","Pc","6246717621600","690","1"
"12532","Pc","1191751","195","1"
"12533","Pc","1191761","215","1"
"666","TIN","19211","250","1"
"12325","Pc","0162510025900147","50","1"
"12534","Pc","","30","1"
"12534","Pc","","30","1"
"6632","Box","7622210418470","9900","24"
"12535","Box","7622201818890","3000","24"
"12535","Pc","7622201818906","130","1"
"6631","Box","7622210627780","11500","24"
"6632","Pc","7622210417251","430","1"
"12564","Pc","1192071","335","1"
"12565","Pc","1192081","620","1"
"12566","Pc","1192091","710","1"
"12567","Pc","1192101","175","1"
"12568","Pc","1192111","285","1"
"12569","Pc","1192121","375","1"
"12570","Pc","1192131","245","1"
"12571","Pc","1192141","585","1"
"12572","Pc","1192151","1120","1"
"12573","Pc","1192161","525","1"
"12574","Pc","1192171","735","1"
"12575","Pc","1192181","845","1"
"12576","Pc","1192191","315","1"
"12577","Pc","1192201","940","1"
"12578","Pc","1192211","275","1"
"12579","Pc","1192221","395","1"
"12580","Pc","1192231","325","1"
"12581","Pc","1192241","345","1"
"12582","Pc","1192251","495","1"
"12583","Pc","1192261","250","1"
"12584","Pc","1192271","110","1"
"12585","Pc","1192281","315","1"
"12586","Pc","1192291","235","1"
"12587","Pc","1192301","590","1"
"12588","Pc","1192311","175","1"
"12589","Pc","1192321","225","1"
"12590","Pc","1192331","590","1"
"12591","Pc","1192341","890","1"
"12592","Pc","8964002137398","120","1"
"12593","Pc","8961101372699","230","1"
"12594","Pc","6916790268107","440","1"
"9807","Pc","3574660575361","180","1"
"9807","Pc","3574660483246","180","1"
"12068","Pc","8901030708114","330","1"
"12597","Pc","4005900359063","1760","1"
"2071","BOTTLE","3574669909556","780","1"
"12598","Pc","8901030740190","820","1"
"12599","Pc","8901207099106","240","1"
"12603","Pc","3574661295862","560","1"
"12604","Pc","6928001838078","390","1"
"12604","Pc","6928001838085","390","1"
"12605","Pc","3600542095983","820","1"
"12605","Pc","3600542096348","820","1"
"12605","Pc","3600542095822","820","1"
"12605","Pc","3600542095501","820","1"
"12606","Pc","6928001838702","690","1"
"12606","Pc","6928001838672","690","1"
"12607","Pc","3061375277012","2350","1"
"11076","Pc","3061375116014","2900","1"
"12608","Pc","8998866107693","620","1"
"12609","Pc","8901248297110","690","1"
"12610","Pc","8850252030421","190","1"
"12612","Pc","3355991002074","2250","1"
"12613","Pc","6294008900163","700","1"
"12614","Pkt","6916790260941","580","1"
"12615","Pc","4388353000011","230","1"
"12616","Pc","8904023008680","680","1"
"12617","Pc","8904023008673","380","1"
"12618","Pc","1192631","980","1"
"12619","Pc","6942560646783","480","1"
"12620","Pc","6932511218725","450","1"
"12623","Pc","182039000739","140","1"
"12624","Pc","182039000852","190","1"
"11654","Pkt","6130793007062","2280","1"
"3473","Pkt","1089991","390","1"
"3467","Pc","1089841","290","1"
"12625","Pc","1192701","770","1"
"12626","Pc","1192711","980","1"
"12627","Pc","1192721","245","1"
"12627","Pc","6954485965610","245","1"
"12627","Pc","6954485967812","245","1"
"6578","Pc","1129741","1870","1"
"12628","JAR","8886467072109","1080","1"
"12629","Pc","1192741","35","1"
"12630","Pkt","6291059028204","2850","1"
"12631","TIN","8411356528025","7730","1"
"12633","Pc","1192781","120","1"
"12634","Pc","1192791","195","1"
"12635","Pc","1192801","1890","1"
"12636","Pc","1192811","2980","1"
"5137","Pc","1112631","640","1"
"12637","Pc","1192821","195","1"
"12638","Pc","1192831","195","1"
"12639","Pc","1192841","2240","1"
"12640","Pc","1192851","440","1"
"5491","Pc","1117381","530","1"
"12641","Pc","1192861","530","1"
"12642","Pc","1192871","790","1"
"12643","POUCH","40111445","370","1"
"12643","POUCH","40111490","370","1"
"12644","TIN","7616100756865","1065","1"
"2680","Pc","1075621","2480","1"
"12645","Pc","1192901","475","1"
"12646","Pc","1192911","195","1"
"12647","Pc","1192921","1120","1"
"12648","Pc","1192931","325","1"
"12649","Pc","1192941","410","1"
"4551","Pc","1104241","640","1"
"6583","Box","1129791","1050","1"
"12650","Pc","1192951","1375","1"
"12439","Pc","","35","1"
"12651","BOTTLE","8964000844052","440","1"
"12652","Pc","9502930975294","220","1"
"9823","Pc","614514060025","730","1"
"12653","Pc","6246717265583","690","1"
"12653","Pc","6246717265606","690","1"
"12653","Pc","6246717265675","690","1"
"12653","Pc","6246717265668","690","1"
"12653","Pc","6246717265590","690","1"
"12653","Pc","6246717265637","690","1"
"12653","Pc","6246717265651","690","1"
"12653","Pc","6246717265620","690","1"
"12660","Pkt","1193051","575","1"
"12657","Pc","126571","140","1"
"12658","Pc","126581","140","1"
"12659","Box","1193041","1475","1"
"12661","Box","1193061","1765","1"
"12662","Box","1193071","2085","1"
"12663","Pc","1193081","545","1"
"12664","Pc","1193091","775","1"
"12665","Pc","1193101","1165","1"
"12666","Pc","1193111","390","1"
"12667","Pc","1193121","675","1"
"12668","Box","1193131","545","1"
"12669","Box","1193141","1875","1"
"12670","Pc","1193151","195","1"
"12671","Pc","126711","190","1"
"12672","Box","1193171","2085","1"
"12673","Box","1193181","745","1"
"12675","Pkt","1193201","235","1"
"12674","Pc","1193191","170","1"
"12679","Pc","1193241","410","1"
"12676","Pc","1193211","525","1"
"12677","Pc","1193221","525","1"
"12678","Pc","1193231","535","1"
"12680","Pc","1193251","215","1"
"12681","Pc","7622202278044","990","1"
"12682","Box","6221134005141","11040","24"
"12683","Box","6221134005127","11040","24"
"12684","Box","6294001800286","11040","24"
"12684","Pc","6294001800279","460","1"
"12682","Pc","6221134004922","460","1"
"12683","Pc","6221134004953","460","1"
"11091","Pc","6954842276571","160","1"
"11091","Pc","6954842276564","160","1"
"12686","Pc","8901396528500","280","1"
"12687","Pc","8901396523505","465","1"
"12690","Pc","7622201452766","1950","1"
"12689","Pc","8901233034201","1950","1"
"12691","Pc","8906006430419","350","1"
"12692","PATTA","8801062322855","100","1"
"12693","Pc","5413121367702","445","1"
"12693","Pc","5413121367689","445","1"
"12693","Pc","5413121367696","445","1"
"12693","Pc","5413121367719","445","1"
"12693","Pc","5413121367726","445","1"
"12693","Pc","5413121367733","445","1"
"12694","POUCH","8731379515209","160","1"
"12694","POUCH","8731379515193","160","1"
"12694","POUCH","8731379515179","160","1"
"12694","POUCH","8731379515186","160","1"
"12695","POUCH","6942836703639","1640","1"
"12696","Pc","7622210335647","990","1"
"12696","Pc","6221021195009","990","1"
"12696","Pc","7622210335630","990","1"
"12697","Pc","1193421","185","1"
"12698","Pc","8901207062865","670","1"
"12699","SACHET","7398881114590","40","1"
"12700","Pc","5903416003373","1290","1"
"12701","Pc","6922243351982","1490","1"
"12703","Pc","6293708007929","1030","1"
"12703","Pc","6293708006977","1030","1"
"12704","Pc","3320511254578","2740","1"
"12704","Pc","3320511254530","2740","1"
"12705","Pc","6291103661784","2480","1"
"12705","Pc","6291103661777","2480","1"
"12703","Pc","6293708006892","1030","1"
"12703","Pc","6293708006885","1030","1"
"12703","Pc","6293708014743","1030","1"
"12706","Pc","6293708002092","6850","1"
"12707","TIN","6904232253767","210","1"
"12708","TIN","6904237332764","170","1"
"12709","Box","6262147003748","950","30"
"12709","Pc","6262147003632","35","1"
"12709","Pc","6262147003618","35","1"
"12709","Pc","6262147003663","35","1"
"12709","Pc","6262147003656","35","1"
"12709","Pc","6262147003649","35","1"
"12709","Pc","6262147003625","35","1"
"12709","Pc","6260161548382","35","1"
"6366","Box","1127401","230","1"
"1488","Box","42551","230","1"
"12694","POUCH","8731379515162","160","1"
"12712","Pc","8961100022892","190","1"
"12712","Pc","8961100022885","190","1"
"10186","Box","6951823310859","2300","24"
"12716","Pc","1193611","790","1"
"12717","Pc","1193621","2480","1"
"12718","Pc","1193631","1430","1"
"12719","Pc","1193641","490","1"
"12720","Pc","1193651","1270","1"
"12721","Pc","1193661","1170","1"
"12722","Pc","1193671","1040","1"
"12723","Pc","1193681","1280","1"
"12724","Pc","1193691","1260","1"
"12725","Pc","1193701","1490","1"
"12726","Pc","1193711","495","1"
"12727","Pc","1193721","990","1"
"12728","Pc","1193731","820","1"
"12729","Pc","1193741","750","1"
"12730","Pc","1193751","960","1"
"12731","Pc","1193761","340","1"
"12732","Pc","1193771","430","1"
"12733","Pc","1193781","520","1"
"12734","Pc","1193791","1880","1"
"12735","Pc","1193801","680","1"
"12736","Pc","8719281111429","1520","1"
"12737","Pc","8718375527467","1320","1"
"12738","Pc","8718734853312","1320","1"
"12739","Pc","8718734853398","1320","1"
"12740","Pc","8718734853350","1320","1"
"12742","Pc","8699009443011","490","1"
"12742","Pc","8699009442977","490","1"
"12742","Pc","8699009443059","490","1"
"12742","Pc","8699009443042","490","1"
"12742","Pc","8699009443035","490","1"
"12742","Pc","8699009442984","490","1"
"12742","Pc","8699009442960","490","1"
"12742","Pc","8699009442991","490","1"
"12741","Pc","8689009439220","680","1"
"12741","Pc","8699009436006","680","1"
"12741","Pc","8689009439237","680","1"
"12741","Pc","8699009436037","680","1"
"12741","Pc","8699009435986","680","1"
"12741","Pc","8689009439244","680","1"
"12741","Pc","8699009436020","680","1"
"12743","JAR","6260272444863","1000","1"
"12743","JAR","0162130027240086","1000","1"
"7947","Pc","4211134577627","160","1"
"12748","Pkt","7702018020942","2280","1"
"911","BUNDLE","8961101232979","370","1"
"11467","Pkt","8964000821879","450","1"
"12751","POUCH","8964003275617","80","1"
"12752","POUCH","8964003275600","80","1"
"12753","POUCH","8964000822203","180","1"
"12754","POUCH","8964000811160","180","1"
"2067","Pc","4005900203809","1520","1"
"12755","TIN","5832145687694","195","1"
"12756","TIN","1194011","325","1"
"12757","Pc","6294355452612","2320","1"
"12760","Pc","6009679062962","240","1"
"12761","Pc","6009679061606","70","1"
"12762","JAR","6009679062924","115","1"
"12763","Pc","1194081","220","1"
"3706","Pc","1093011","190","1"
"12764","Pkt","1194091","220","1"
"12765","Pc","1194101","680","1"
"12766","Pc","1194111","480","1"
"12767","Pc","1194121","560","1"
"12768","Pc","1194131","770","1"
"12769","Pc","1194141","1480","1"
"12770","Pc","1194151","610","1"
"12771","Pc","1194161","820","1"
"12772","Pc","1194171","480","1"
"12773","Pc","1194181","1580","1"
"2812","5Kg","1077451","1900","5"
"2812","2Kg","1077452","760","2"
"2812","1kg","1077453","380","1"
"12774","Pc","1194191","750","1"
"12775","Pc","1194201","840","1"
"12776","Pc","1194211","590","1"
"12777","Pc","1194221","570","1"
"12778","Pc","1194231","780","1"
"12779","Pc","1194241","470","1"
"12780","Pc","1194251","680","1"
"12781","Pc","1194261","290","1"
"12782","Pc","1194271","390","1"
"12783","Pc","1194281","280","1"
"12784","Pc","1194291","370","1"
"12785","Pc","1194301","770","1"
"12786","Pc","1194311","370","1"
"12787","Pc","1194321","520","1"
"12788","Pc","1194331","240","1"
"12789","Pc","4005808225422","395","1"
"12789","Pc","4005900224897","395","1"
"12792","JAR","8964000749548","350","1"
"12793","Pc","8964000750650","350","1"
"9873","JAR","717273600089","780","1"
"12795","POUCH","4794227539509","500","1"
"12796","BOTTLE","8964000982983","260","1"
"12797","Pc","8964000982006","275","1"
"12797","Pc","8964000982020","275","1"
"12797","Pc","8964000982037","275","1"
"12798","Pc","6931078930101","280","1"
"12799","Pc","6931078931467","430","1"
"12800","Pc","6931078932211","650","1"
"12801","Pc","6931078930972","1190","1"
"12802","Pc","6931078931405","950","1"
"12803","Pc","6931078931757","1800","1"
"12804","Pc","6931078932235","1740","1"
"12804","Pc","6931078931115","1740","1"
"12805","Pc","6931078920065","1480","1"
"12807","Pc","1194521","75","1"
"12809","Pc","8964000019160","50","1"
"12810","Pkt","8964000019887","1220","1"
"12815","BOTTLE","1860074072803","80","1"
"12814","BOTTLE","1860076001016","100","1"
"12813","BOTTLE","1860236002051","100","1"
"12812","BOTTLE","1860236002082","100","1"
"12811","BOTTLE","1860076001047","100","1"
"12496","POUCH","8850477002289","5620","1"
"11620","Pc","8901200100038","440","1"
"1030","Pc","3574669908559","560","1"
"12817","Pc","1194621","630","1"
"12818","Pc","1194631","150","1"
"12819","Pkt","1194641","580","1"
"12820","Pc","1194651","95","1"
"12821","Pc","1194661","95","1"
"301","BOTTLE","8964001195849","550","1"
"12822","Pc","5000204141115","150","1"
"12823","Pc","1194681","150","1"
"12824","Pc","1194691","90","1"
"12824","Pc","3136614210669","90","1"
"12825","Pkt","1194701","280","1"
"4873","Pc","1108441","170","1"
"4874","Pc","1108451","5950","1"
"4875","Pc","1108471","2850","1"
"12828","POUCH","8006540184813","375","1"
"7888","BOTTLE","8001090661999","970","1"
"12829","Box","8964002410620","110","1"
"12830","Box","8964002410644","110","1"
"12831","Pc","9647755738225","180","1"
"2472","Pc","1073101","110","1"
"3737","Pc","1093531","150","1"
"1844","Box","8961003559518","290","1"
"11091","Pc","6954842276731","160","1"
"11091","Pc","6954842276724","160","1"
"11091","Pc","6954842276618","160","1"
"12836","Pkt","8964003062965","300","1"
"12837","Pkt","8690536807826","580","1"
"12840","tube","6001106228170","550","1"
"12843","Pc","8886950031774","148","1"
"12844","BUNDLE","8886950034089","175","1"
"12845","Pc","","270","1"
"12850","POUCH","9556001240132","350","1"
"11400","Pc","5413247049094","90","1"
"11400","Pc","5413247049087","90","1"
"12851","ROLL","6251001153187","430","1"
"3579","Box","8822111020300","240","1"
"12853","Pc","1194981","60","1"
"12854","Box","8964002755110","290","1"
"12856","Box","8964002527410","350","1"
"12857","Pkt","6291007902181","650","1"
"12862","Pc","1195071","580","1"
"12863","Box","1195081","580","1"
"12863","Box","6947070001077","580","1"
"12865","Pc","1195101","130","1"
"7324","Pc","1137851","80","1"
"12866","Pc","8964002908141","120","1"
"12871","TIN","7181221025188","9200","1"
"12872","TIN","6890767822724","720","1"
"12873","BOTTLE","6890767852738","690","1"
"12874","SACHET","8963007861772","25","1"
"12875","TIN","7181221027168","2930","1"
"10191","BOTTLE","8850135557557","390","1"
"12876","Pc","8964000024058","130","1"
"1234","Pc","6281031270028","490","1"
"1234","Pc","6281031270141","490","1"
"12878","tube","010181045431","1050","1"
"12880","tube","010181045424","1050","1"
"12882","BOTTLE","010181080005","1190","1"
"12889","Pc","010181025556","350","1"
"12896","tube","8000836147100","930","1"
"12905","Pc","010181045752","1150","1"
"12904","Pc","010181045851","1150","1"
"12906","Pkt","8964000163184","1320","1"
"12907","Pkt","8964000769447","1180","1"
"12909","SACHET","6970175255274","680","1"
"12909","SACHET","6970175255304","680","1"
"12909","SACHET","6970175255281","680","1"
"4893","Bag","1108881","1950","1"
"4946","Bag","1109621","1750","1"
"3348","Pc","6949052437584","190","1"
"3348","Pc","6949052437591","190","1"
"12920","BOTTLE","8411356781437","990","1"
"9808","Pc","8886467067136","130","1"
"12921","Pc","8886467060113","120","1"
"12921","Pc","8886467060106","120","1"
"11040","Pc","40052410","320","1"
"11040","Box","7613035356979","7300","24"
"12924","Pc","8000500224281","320","1"
"12924","Box","08000500224403","11520","36"
"3267","BOTTLE","8961014246186","240","1"
"252","BOTTLE","8961014243048","395","1"
"4975","Pc","8961014237405","120","1"
"9485","Pkt","36961269","95","1"
"11996","Pc","36399529","280","1"
"12925","Pkt","1195701","90","1"
"12927","Pkt","1195721","130","1"
"12926","Pkt","1195711","130","1"
"12928","Pc","1195731","700","1"
"12929","Pc","129291","415","1"
"12931","Pkt","8964001084426","350","1"
"11488","Pc","1234567890081","280","1"
"12932","Pc","8961101372460","800","1"
"11291","Box","8964000064719","310","1"
"12933","Pc","8964000043981","340","1"
"12934","Pc","8964000043608","320","1"
"12935","Pkt","8964000043615","320","1"
"12938","Pc","8964001764373","320","1"
"12937","Pc","8964001764380","620","1"
"12939","Pump","6001106209087","540","1"
"10472","Box","6930410565285","750","10"
"12946","Pc","88011127","300","1"
"8721","Pc","850027875088","170","1"
"3856","Pc","8964000749036","220","1"
"12949","Pc","8964000749005","100","1"
"12951","Pkt","1195971","390","1"
"2212","Pc","5414666003285","1850","1"
"7296","Pkt","1137481","140","1"
"12952","Pc","1195981","75","1"
"12953","Pc","1195991","140","1"
"12954","Pkt","695240209421","180","1"
"12955","Pkt","695240209414","350","1"
"2788","Pc","27881","110","1"
"2787","Pc","27871","90","1"
"5615","Pc","","160","1"
"12956","Pkt","8963920320240","170","1"
"12958","Pkt","8963920320257","95","1"
"7989","Pc","019962816970","240","1"
"12962","BOTTLE","199628052710","750","1"
"12963","Pc","1196091","2120","1"
"12964","Pkt","1196101","590","1"
"2989","Pkt","1081161","920","1"
"3336","Pc","1087551","1240","1"
"3272","Pc","1086531","5580","1"
"12966","POUCH","8964000161890","1000","1"
"9520","Pkt","1161472","360","1"
"10916","Box","8991102381109","630","24"
"10916","Pc","8991102381000","30","1"
"11125","Pc","1177613","300","1"
"12976","Pc","8025337331124","2250","1"
"12977","Pc","705105552934","430","1"
"12982","Bag","850714001646","700","1"
"12983","Bag","745114898357","350","1"
"9788","BOTTLE","5011417562420","1180","1"
"1374","CTN","8964000611630","3100","5"
"8310","CTN","","1800","24"
"725","CTN","","4700","12"
"1474","POUCH","7622201802622","145","1"
"664","BUNDLE","8961014237436","340","1"
"3222","BOTTLE","8961014243055","395","1"
"12985","POUCH","8964000825822","130","1"
"12986","POUCH","8964000825839","130","1"
"2122","BOTTLE","1064562","810","1"
"2228","BOTTLE","1067602","490","1"
"12989","Pc","6281085027074","2340","1"
"12988","Pc","6281085027050","2340","1"
"12990","Pc","6281085027111","2740","1"
"12991","Pc","6281085027159","2740","1"
"12992","Pc","6281085019611","2640","1"
"12993","Pc","6281085019635","2640","1"
"12996","Pc","8720689012393","6870","1"
"12997","Pc","8850851511246","120","1"
"12998","Pc","8710103881322","4460","1"
"12997","Pc","8850851511239","120","1"
"12997","Pc","8850851511222","120","1"
"12999","Pc","8720689011662","5180","1"
"13001","Pc","8710103774532","4870","1"
"13003","Pc","8710103891376","4760","1"
"13004","Pc","8710103880714","4980","1"
"12036","Pc","8710103774365","4080","1"
"13005","Pc","5012909007887","3380","1"
"13005","Pc","8710103811404","3380","1"
"13005","Pc","5012909007894","3380","1"
"13005","Pc","5012909007870","3380","1"
"13005","Pc","5012909007900","3380","1"
"13005","Pc","7001120","3380","1"
"12036","Pc","8710103774457","4080","1"
"12036","Pc","8710103774402","4080","1"
"12036","Pc","8710103774433","4080","1"
"12036","Pc","7857","4080","1"
"13012","Pc","3731531754014","1080","1"
"13013","TIN","6978413216605","170","1"
"13014","TIN","8888111579248","820","1"
"13015","TIN","5200133120452","360","1"
"13015","TIN","5200133120285","360","1"
"13015","TIN","5200133120278","360","1"
"13015","TIN","5200133120704","360","1"
"13015","TIN","5200133120469","360","1"
"13016","BOTTLE","8964000103449","280","1"
"3337","Pc","1087561","1590","1"
"13019","Pc","1196651","1480","1"
"13023","Pc","6941057454221","3740","1"
"13025","Pc","6941057466132","560","1"
"13025","Pc","1196712","560","1"
"3763","Pc","1093862","1470","1"
"4819","Pc","1107763","1970","1"
"13023","Pc","1196692","3740","1"
"13024","Pc","6941057457413","2870","1"
"13024","Pc","1196702","2870","1"
"13032","Pc","89601242","250","1"
"13032","Pc","89601136","250","1"
"13032","Pc","89601211","250","1"
"13032","Pc","89601150","250","1"
"12068","Pc","8901030638589","330","1"
"12068","Pc","8901030638220","330","1"
"4310","Pc","8999999030599","690","1"
"4310","Pc","8999999028114","690","1"
"4310","Pc","8999999028138","690","1"
"13036","POUCH","7702018482740","690","1"
"13037","Pc","4820050645367","780","1"
"13037","Pc","7509546067940","780","1"
"13037","Pc","7509546060613","780","1"
"13037","Pc","022200963695","780","1"
"13038","BOTTLE","855434001358","200","1"
"13039","Pc","6290171050223","2480","1"
"13040","Pc","6296332012123","1630","1"
"13040","Pc","6290000505542","1630","1"
"13037","Pc","5996175230500","780","1"
"12068","Pc","8901030638275","330","1"
"13041","Pc","7891024137840","245","1"
"13042","Pc","6916790264932","440","1"
"13042","Pc","6916790264895","440","1"
"13042","Pc","6916790264949","440","1"
"13042","Pc","6916790264925","440","1"
"13042","Pc","6916790264918","440","1"
"13042","Pc","6916790264901","440","1"
"13044","Pc","3014260022082","270","1"
"13045","Pc","8712561631204","1430","1"
"13045","Pc","8712561593533","1430","1"
"13045","Pc","8710908437304","1430","1"
"13045","Pc","8712561607988","1430","1"
"13045","Pc","8712561615242","1430","1"
"2825","Pc","8712561727150","590","1"
"149","Pc","7702018949946","820","1"
"149","Pc","7702018457229","820","1"
"149","Pc","7702018361892","820","1"
"13049","Pkt","7702018490165","1480","1"
"13049","Pkt","7702018457281","1480","1"
"7020","Pkt","1134491","40","1"
"7308","Pkt","1137621","50","1"
"5274","Box","1114731","980","1"
"7281","Pc","1137311","1480","1"
"13058","Pc","1197041","620","1"
"13059","Pc","4792081006137","415","1"
"1663","Pc","4005900098177","660","1"
"1663","Pc","4005900088031","660","1"
"1663","Pc","4005900540904","660","1"
"1663","Pc","4005900088413","660","1"
"1663","Pc","4005900088062","660","1"
"1663","Pc","4005900663863","660","1"
"13061","Pc","8901030777974","540","1"
"9829","Pc","8888300800436","170","1"
"9829","Pc","8888300800481","170","1"
"9828","Pc","6920354812859","280","1"
"13063","Pc","8999999534059","240","1"
"13063","Pc","8999999534042","240","1"
"13064","Pc","3014230021237","1490","1"
"13064","Pc","8711700634977","1490","1"
"13065","Pc","8850002805040","530","1"
"13065","Pc","8850002805064","530","1"
"13067","JAR","3600541593190","1520","1"
"4277","Pkt","8964001050506","180","1"
"7947","Pc","1144822","160","1"
"3159","Box","1084461","230","1"
"3158","Box","1084451","230","1"
"13072","Box","8961102508912","295","1"
"13077","Pkt","8964002548125","170","1"
"1525","Pkt","43441","270","1"
"2370","Pc","1071181","120","1"
"13080","BOTTLE","8961014240344","740","1"
"13079","BOTTLE","8961014240351","740","1"
"13082","Pkt","8964000543238","170","1"
"13083","BOTTLE","8964000543122","180","1"
"13084","Pc","6934985787554","130","1"
"13085","BOTTLE","6291069706413","700","1"
"13088","BOTTLE","54491472","120","1"
"13088","CRATE","","1320","12"
"13087","BOTTLE","54491069","120","1"
"13087","CRATE","","1320","12"
"11306","Pc","729193000269","240","1"
"10158","Pc","705632761618","240","1"
"13089","tube","8999999501860","590","1"
"13090","SACHET","1161311145015","50","1"
"13091","SACHET","1907242300105","70","1"
"12594","Pc","1192372","440","1"
"7461","Pc","614514070062","630","1"
"7461","Pc","614514070161","630","1"
"7461","Pc","614514070154","630","1"
"7461","Pc","614514070017","630","1"
"7461","Pc","614514070130","630","1"
"7461","Pc","614514070086","630","1"
"7461","Pc","614514070024","630","1"
"10202","Pc","070221008628","340","1"
"10202","Pc","012546011648","340","1"
"10202","Pc","070221008727","340","1"
"13094","Box","710535621327","115","1"
"13098","Pc","7702018462391","1550","1"
"13099","Pc","3014260331306","1540","1"
"3851","Pc","8992304009679","1390","1"
"3851","Pc","8992304025556","1390","1"
"3851","Pc","8991380232131","1390","1"
"13100","Pc","3600540711236","470","1"
"13100","Pc","3600542206839","470","1"
"13100","Pc","603084219643","470","1"
"5622","Pc","4902430777483","530","1"
"9746","Pc","3014260219949","620","1"
"13102","Pc","6281006597648","1090","1"
"7106","CTN","","4100","8"
"13104","Bag","8966000040335","755","1"
"13105","Pc","8966000029842","240","1"
"13109","Pc","8964000749159","295","1"
"13111","POUCH","3570007726434","380","1"
"13110","POUCH","1358946340902","360","1"
"1546","SACHET","6009679061880","30","1"
"13112","SACHET","6009679062771","20","1"
"13113","Pump","4084500944046","1920","1"
"13118","Pkt","8964000043684","300","1"
"13120","Pc","671866277402","70","1"
"13121","Box","8961101784508","230","1"
"13121","Box","1197672","230","1"
"13124","Pc","8853252008957","135","1"
"13125","POUCH","7622300292430","350","1"
"13129","BOTTLE","6890767818796","1540","1"
"12962","BOTTLE","1196082","750","1"
"13130","BOTTLE","199628070776","780","1"
"770","POUCH","620514016191","390","1"
"2807","POUCH","620514016160","390","1"
"2441","Box","769503780856","235","1"
"13135","Box","769503783741","235","1"
"13136","Box","769503783789","235","1"
"13137","Box","8961100285174","235","1"
"13139","Box","769503781730","235","1"
"13143","BOTTLE","8961101230586","565","1"
"13144","BOTTLE","6001106309985","630","1"
"5251","BUNDLE","8961101232986","560","1"
"13145","Pkt","8964000769607","1460","1"
"13150","Pc","3610340632877","880","1"
"13149","Pc","3610340640261","950","1"
"13154","SACHET","6923700950984","480","1"
"8695","Pc","3571700296743","670","1"
"13153","SACHET","6923700977554","680","1"
"13152","SACHET","6923700950434","490","1"
"13151","SACHET","6923700977516","680","1"
"13156","Pc","3574669908498","560","1"
"13157","Pc","3574669908528","1340","1"
"13158","Pc","4015100009620","415","1"
"13158","Pc","4015000976299","415","1"
"13158","Pc","4015000996266","415","1"
"13158","pc","4015000934831","415","1"
"8444","Pc","1150061","460","1"
"6604","Pc","1130021","390","1"
"13161","Pc","1198071","280","1"
"13162","Pc","1198081","280","1"
"3183","Pc","1084771","330","1"
"4359","Pc","1101721","310","1"
"13164","Pc","1198101","240","1"
"13166","Pc","1198121","485","1"
"13167","Pc","1198131","620","1"
"13168","POUCH","8886950013336","340","1"
"13169","POUCH","8886950013343","685","1"
"209","Pc","8886950072104","30","1"
"13171","Pump","8886950037509","190","1"
"2261","BUNDLE","8961014237429","430","1"
"4976","Pc","8961014237382","150","1"
"2719","Pkt","1076291","330","1"
"3022","Pkt","1081651","340","1"
"3053","Pkt","1082231","260","1"
"13172","Pc","1198181","90","1"
"13173","Pc","1198191","190","1"
"13174","Pc","1198201","220","1"
"13175","Pc","1198211","250","1"
"13176","Pc","1198221","315","1"
"13178","Pc","1198241","120","1"
"13179","Pc","1198251","220","1"
"13181","Pc","1198271","75","1"
"4064","Pc","1097881","390","1"
"13183","POUCH","1198291","780","1"
"6359","Pc","1127331","1870","1"
"13184","Box","1198301","1330","1"
"2664","Box","1075461","3380","1"
"3332","Pc","1087511","1270","1"
"13186","Pc","1198321","590","1"
"13187","Pc","1198331","790","1"
"13188","Pc","1198341","575","1"
"3175","Box","1084681","2870","1"
"3330","Pc","1087461","2440","1"
"13189","Pc","1198351","1175","1"
"13190","Box","1198361","1485","1"
"13191","Pc","1198371","660","1"
"2669","Pc","1075511","1180","1"
"13192","POUCH","1198381","1470","1"
"13193","Pc","1198391","640","1"
"13201","Pc","5986217435260","70","1"
"5109","Pc","8964000639481","210","1"
"5113","Pc","1112191","1720","1"
"5139","Pc","1112651","470","1"
"3938","Pc","1096391","325","1"
"2385","Pc","1071341","580","1"
"2380","Pc","1071281","340","1"
"2379","Pc","1071271","290","1"
"2381","Pc","1071291","1160","1"
"5775","Pc","1120862","590","1"
"4529","Pc","1103952","360","1"
"5377","Pc","1115921","230","1"
"13203","Pc","1198491","1960","1"
"3218","Pc","1085141","1140","1"
"4393","Box","1102191","1320","1"
"3942","Box","1096431","1465","1"
"2375","Pc","1071231","120","1"
"2533","Box","1073791","1240","1"
"2382","Pc","1071311","490","1"
"2383","Pc","1071321","490","1"
"75","Pkt","754","450","1"
"8720","Pc","8500018460732","130","1"
"13207","Pc","6934985799946","160","1"
"13205","Pc","6934985799939","160","1"
"13208","Pc","132081","100","1"
"13209","Pc","6945507877080","90","1"
"13210","Pc","1198561","100","1"
"13211","Pkt","1198571","270","1"
"633","BOTTLE","maaz","540","1"
"13212","CRATE","","1320","12"
"13212","BOTTLE","40822938","120","1"
"13213","Pc","55962789236","55","1"
"6642","Pc","8964001753797","110","1"
"13214","Pc","6950473781521","120","1"
"13216","TIN","4037719066986","830","1"
"13216","TIN","4037719065040","830","1"
"13216","TIN","4037719680212","830","1"
"13216","TIN","4037719067211","830","1"
"13217","Pc","6281102101176","590","1"
"13218","Pc","40345192","320","1"
"13221","BOTTLE","074305001161","1950","1"
"4291","POUCH","8997212800318","320","1"
"13222","POUCH","4009900545167","390","1"
"13222","POUCH","4009900545402","390","1"
"13225","TIN","7613034981004","1065","1"
"13224","TIN","8410100181509","1065","1"
"13223","TIN","7613034981448","1065","1"
"13226","POUCH","1198721","110","1"
"8186","Pc","","20","1"
"13227","POUCH","8964000061213","425","1"
"13228","POUCH","8964000883402","200","1"
"8430","POUCH","8966000001954","100","1"
"8431","POUCH","8964000597538","100","1"
"13230","POUCH","8964000598115","100","1"
"13229","POUCH","8966000001909","100","1"
"13232","POUCH","8966000001985","100","1"
"13231","POUCH","8964000597514","95","1"
"13233","Box","8964000596043","230","1"
"13235","Pc","423736192236","140","1"
"13234","Pc","423735141167","120","1"
"12535","Box","7622201798307","3000","24"
"12535","Pc","7622201798314","130","1"
"13236","Pc","7622210591593","100","1"
"13238","Pc","7622210591555","100","1"
"13239","Pc","7622210591647","100","1"
"13241","JAR","7622210596901","730","1"
"13240","JAR","7622210596871","590","1"
"13242","Pc","9200222610822","320","1"
"5036","Pc","1111231","190","1"
"1781","Pkt","1055284","130","1"
"1576","Pc","6950769360218","50","1"
"13243","Pc","676979100111","260","1"
"13243","Pc","676979100845","260","1"
"13244","Pkt","8964000750636","350","1"
"13245","Pc","8964000750964","250","1"
"13246","Pkt","8964000047583","380","1"
"13246","Pkt","8964000047590","380","1"
"13246","Pkt","8964000047606","380","1"
"13246","Pkt","8964000047576","380","1"
"8008","Pc","8964000045978","490","1"
"7141","1kg","1135821","380","1"
"7141","500g","1135822","190","0.5"
"13247","Pkt","8964000769713","1470","1"
"13248","Pc","8964000144053","80","1"
"13249","Pc","8964000144039","70","1"
"13250","Pc","8964000145975","25","1"
"13251","Pc","8964000146040","40","1"
"13252","Pc","8964000144008","30","1"
"13253","Pc","8964000144251","50","1"
"13254","Pc","8964000145968","40","1"
"13255","Pc","8964000145586","40","1"
"13256","Pc","8964000145630","25","1"
"13257","Pc","8964000145654","40","1"
"13258","Pc","8964000145821","90","1"
"13259","Pc","8964000145647","25","1"
"13260","Pc","8964000145012","15","1"
"13261","Pc","8964000145326","15","1"
"13262","Pc","8964000144114","60","1"
"13263","Pc","8964000144121","120","1"
"13264","Pc","8964000144275","120","1"
"13265","Pc","8964000144268","120","1"
"13266","Pc","8964000145982","70","1"
"13267","Pc","8964000144091","420","1"
"13268","Pc","8964000144084","340","1"
"13269","Pc","8964000144077","370","1"
"13270","Pc","8964000145371","400","1"
"13271","Pc","8964000144824","430","1"
"13272","Pc","8964000145364","450","1"
"13274","Pc","8964000144169","250","1"
"13275","Pc","8964000144176","200","1"
"13276","Pc","8964000145999","499","1"
"13277","Pc","8964000144732","800","1"
"13278","Pc","8964000144404","570","1"
"13279","Pc","8964000145609","599","1"
"13280","Pc","8964000145395","800","1"
"13285","Pc","8964000144701","60","1"
"13284","Pc","8964000145579","90","1"
"13283","Pc","8964000144015","60","1"
"13282","Pc","8964000144756","30","1"
"13286","Pc","8964000146071","30","1"
"20","POUCH","8961014021912","1980","1"
"13287","Pc","2546497271069","220","1"
"12598","Pc","8901030736087","820","1"
"8722","Pc","850027875002","130","1"
"4779","Pc","1107151","100","1"
"13288","Pkt","1199351","260","1"
"2687","Pc","1075691","195","1"
"4207","Pkt","1099751","185","1"
"4494","Pkt","1103521","215","1"
"13289","Pc","1199361","110","1"
"13290","Pc","1199371","75","1"
"13291","Box","1199381","485","1"
"13293","Pc","1199401","140","1"
"13294","Pc","1199411","370","1"
"13298","Box","8964000598382","230","1"
"13297","Box","8964000597903","115","1"
"13302","Pkt","3650288894944","475","1"
"13301","Pkt","3650288869560","565","1"
"13300","Pkt","3650288879675","500","1"
"13299","Pkt","3650288879705","560","1"
"13303","Box","8961100282272","235","1"
"13307","Pkt","8964001084730","370","1"
"13308","Pkt","8964001084655","50","1"
"13309","SACHET","6009679061347","40","1"
"12924","Pc","129243","320","1"
"13310","SACHET","8886950049212","45","1"
"9016","Pc","894559000655","130","1"
"7495","Pc","1139741","490","1"
"13312","tube","8712561282093","990","1"
"10769","Pc","6926570568563","540","1"
"13314","Pc","1199611","1760","1"
"13315","Pc","1199621","640","1"
"13316","Pc","1199631","370","1"
"5178","Pc","1113221","485","1"
"5179","Pc","1113231","580","1"
"13317","Pc","1199641","385","1"
"13319","Pc","8717185381986","1650","1"
"13318","Pc","8717185381962","1650","1"
"13320","Pc","8718375528976","1320","1"
"13321","Pc","8718375528877","1320","1"
"13322","Pc","8718734853336","1320","1"
"13323","Pc","8718734853374","1320","1"
"13327","Pc","8718734852599","1320","1"
"13326","Pc","8718734852551","1320","1"
"13325","Pc","8718734852537","1320","1"
"13324","Pc","8718734852490","1320","1"
"13329","Pc","8851123344395","790","1"
"13330","Pc","8851123342056","890","1"
"13331","Pc","8851123740968","1120","1"
"13332","Pc","8851123348010","820","1"
"13333","Pc","8851123708609","940","1"
"13334","Pc","8851123710237","1040","1"
"13335","Pc","8851123341035","640","1"
"13336","Pump","8851123348034","1320","1"
"13337","tube","8992222053716","920","1"
"13337","tube","8992222053709","920","1"
"13337","tube","8992222053723","920","1"
"13341","Pkt","8410376054057","440","1"
"13340","Pkt","8410376040913","580","1"
"13339","Pkt","8410376026962","590","1"
"13342","Pc","80050278","580","1"
"10183","POUCH","80761761","410","1"
"13344","TIN","8993083931595","590","1"
"13344","TIN","8993083930376","590","1"
"13344","TIN","8993083930406","590","1"
"13343","TIN","8993083926126","1120","1"
"13343","TIN","8993083926355","1120","1"
"13343","TIN","8993083926133","1120","1"
"13345","Box","8682077109101","740","1"
"13346","Pc","8964000145951","200","1"
"8643","Box","8888075000871","9200","10"
"13349","Box","8964000473993","115","1"
"13348","Box","8964000472569","115","1"
"13347","Box","8964000783320","115","1"
"13350","Box","8964002759514","235","1"
"13352","Pc","717074007032","200","1"
"13351","Pc","817074007015","200","1"
"13353","Pkt","3650288869614","350","1"
"508","Pkt","8961100023271","225","1"
"13354","Pc","8964000543733","660","1"
"13356","Pc","4211134589453","150","1"
"13357","Pkt","689076784177","160","1"
"13358","BOTTLE","8964000843697","370","1"
"13359","JAR","8961005040038","360","1"
"13362","JAR","8961005030046","360","1"
"13363","JAR","8961005030022","360","1"
"13364","JAR","8961005050013","370","1"
"13365","JAR","8961005030411","220","1"
"13366","JAR","8961005030404","220","1"
"13368","Pkt","1200151","380","1"
"13369","Pkt","1200161","430","1"
"3147","Pkt","1084171","270","1"
"13370","Pkt","1200171","490","1"
"4740","Pkt","1106661","390","1"
"6265","Pkt","1126271","350","1"
"12134","Pc","5060128982751","485","1"
"13374","TIN","1200211","340","1"
"253","BOTTLE","8961014246179","240","1"
"10651","POUCH","8961014236682","10","1"
"2935","Box","8961003552274","310","1"
"9882","TIN","8851032399011","550","1"
"11615","Pc","6956742805943","360","1"
"13378","Pc","8964000144381","99","1"
"796","POUCH","620514016207","240","1"
"439","POUCH","620514016177","240","1"
"13380","Pc","1200271","110","1"
"13382","Pc","1200291","550","1"
"13383","Pc","1200301","750","1"
"13386","Pc","8961008216140","500","1"
"8085","Pc","6937372270400","2640","1"
"13387","Pc","3700082500357","880","1"
"13387","Pc","3700082500364","880","1"
"13388","Pc","3700082500104","790","1"
"13389","Pc","6928082007196","170","1"
"11091","Pc","6971667823391","160","1"
"11091","Pc","6954842276670","160","1"
"11091","Pc","6954842276717","160","1"
"2058","Pc","1062961","560","1"
"4753","Pc","1106791","250","1"
"7117","Pc","1135531","290","1"
"9497","Pkt","36391721","100","1"
"13391","Pc","9200222610846","320","1"
"13397","Pc","6518931929573","120","1"
"13399","Pc","8901526553419","480","1"
"13400","Pc","8901526527632","1070","1"
"13401","JAR","8851932389587","1440","1"
"13402","Pkt","5060453458020","290","1"
"13403","TIN","7613200150913","1950","1"
"13405","Pc","8901023007408","295","1"
"13407","Pc","8901030732447","590","1"
"11747","POUCH","8994548115109","360","1"
"11747","POUCH","8994548105100","360","1"
"13410","Pc","8964002647323","290","1"
"13410","Pc","8964002647361","290","1"
"13410","Pc","8964002647286","290","1"
"13410","Pc","8964002647378","290","1"
"13410","Pc","8964002647316","290","1"
"9839","Pc","6291107671390","230","1"
"11867","Pc","6291106810684","720","1"
"5742","Pc","6291106810295","440","1"
"11466","POUCH","8964000823200","370","1"
"5930","POUCH","8964000823156","300","1"
"5780","POUCH","8964000823019","360","1"
"13416","Pc","8964002137459","160","1"
"13417","Pc","9647452310045","210","1"
"13431","Pc","8904238300326","1390","1"
"13430","Pc","8904238300333","1390","1"
"13429","Pc","8904238300340","1390","1"
"13432","Pc","6297000842219","740","1"
"13433","Pc","6297000842202","790","1"
"13434","Pc","6297000842233","790","1"
"13435","Pc","8908001158800","790","1"
"13436","Pc","8908001158817","790","1"
"13437","Pc","8908001158824","790","1"
"13440","Pc","8904238300913","790","1"
"13439","Pc","8908001158657","790","1"
"13438","Pc","8908001158640","790","1"
"1348","Pc","8908001158541","620","1"
"13441","Pc","8908001158725","790","1"
"13442","Pc","8908001158688","790","1"
"13443","Pc","8908001158718","790","1"
"13444","Pc","8908001158589","790","1"
"13445","Pc","8908001158701","790","1"
"13446","Pc","8857101111560","370","1"
"9632","Pc","5000231008801","369","1"
"13447","Pc","089686120226","65","1"
"5033","Pc","1111201","90","1"
"13449","Pc","chat","50","1"
"5733","Pc","1120291","220","1"
"13450","Pc","8961102067938","520","1"
"13450","Pc","8961102067914","520","1"
"13450","Pc","8961102067945","520","1"
"13450","Pc","8961102067921","520","1"
"13450","Pc","8961102067952","520","1"
"3827","Pc","8964000735657","420","1"
"13451","Pc","8964001506638","320","1"
"12927","Pkt","36391820","130","1"
"13452","Pc","1201011","250","1"
"13453","Pc","8964000074503","150","1"
"13454","Pc","2672158241545","100","1"
"13456","Pkt","1201051","430","1"
"215","POUCH","8886950011783","520","1"
"13457","POUCH","8886950011516","615","1"
"13458","BOTTLE","8886950085401","445","1"
"4726","Pc","8886950057101","485","1"
"13459","Pc","8886950066578","160","1"
"9727","BOTTLE","3600542061155","1640","1"
"13460","Pc","1201091","270","1"
"11554","Pc","8857101146081","360","1"
"11554","Pc","8857101129480","360","1"
"13461","JAR","4897066835051","360","1"
"13462","tube","4897066835044","320","1"
"13463","Pkt","1201121","1380","1"
"2894","Pc","1079071","170","1"
"2310","Pkt","23101","250","1"
"6510","Pkt","1129051","240","1"
"13344","TIN","8993083930383","590","1"
"13343","TIN","8993083928281","1120","1"
"11747","POUCH","8994548105117","360","1"
"11747","POUCH","8994548115116","360","1"
"13466","Pc","8964001358923","90","1"
"10203","Pc","8992741904254","80","1"
"10203","Pc","8992741904100","80","1"
"13468","Pc","6901496120309","130","1"
"13468","Pc","6901496121351","130","1"
"13474","BOTTLE","6283874702230","230","1"
"13475","JAR","8025337313069","2250","1"
"13476","JAR","8025337329046","1650","1"
"13477","JAR","3600520564838","3970","1"
"13477","JAR","3600520564845","3970","1"
"13478","Pkt","7702018851294","4750","1"
"9766","Pc","42217572","1120","1"
"9766","Pc","42097464","1120","1"
"13479","Pc","037000731573","1060","1"
"13479","Pc","047400097735","1060","1"
"13479","Pc","047400097889","1060","1"
"13479","Pc","047400307315","1060","1"
"9668","Pc","5000174003451","1290","1"
"9668","Pc","8001090978455","1290","1"
"9668","Pc","4084500488366","1290","1"
"13480","Pkt","1201291","130","1"
"13481","Pc","1201301","90","1"
"13482","Pc","1201311","25","1"
"13483","Pc","1201321","220","1"
"13484","Pc","1201331","45","1"
"10470","Pc","6291100732869","330","1"
"10470","Pc","6291100730056","330","1"
"13485","Pc","1201341","3550","1"
"13486","Pc","1201351","3450","1"
"13487","POUCH","3570157726438","210","1"
"13490","Pc","222676267741","200","1"
"13489","Pc","222676274763","130","1"
"13488","Pc","222676274756","260","1"
"9484","Pkt","36391714","100","1"
"13493","Pc","6291107672311","25","1"
"13494","Pkt","6291107670867","50","1"
"4334","Pc","1346452376386","20","1"
"13497","TIN","4800024553867","820","1"
"10093","Box","6923173603912","520","1"
"13498","POUCH","8964000241318","200","1"
"12981","Bag","745114898364","700","1"
"13501","JAR","8964000843819","380","1"
"13503","Pc","135031","520","1"
"11278","CRATE","","1000","6"
"10705","CRATE","","1450","12"
"10178","Box","8992741950558","3240","72"
"13504","Box","1201531","180","1"
"11526","Pc","1181642","30","1"
"13079","BOTTLE","8961014247022","740","1"
"10843","Pc","8964000799048","70","1"
"980","Box","8964002444014","115","1"
"13509","BUNDLE","8006540056110","405","1"
"13508","BUNDLE","8006540056080","375","1"
"13516","Pc","1201651","430","1"
"110","Pkt","620514015545","145","1"
"5261","Pc","1114581","90","1"
"13518","Pc","1201671","260","1"
"13519","Pc","1201681","275","1"
"13520","Pc","1201691","340","1"
"2873","Pc","1078791","450","1"
"5019","JAR","8994993004041","3970","1"
"2062","Pc","8934839122508","460","1"
"2062","Pc","8934839122515","460","1"
"681","POUCH","","240","1"
"1612","POUCH","","120","1"
"9727","BOTTLE","3600542043267","1640","1"
"9727","BOTTLE","3600542061032","1640","1"
"9727","BOTTLE","3600542061193","1640","1"
"9727","BOTTLE","3600542060875","1640","1"
"13523","POUCH","8964001084723","310","1"
"8210","POUCH","1147602","220","1"
"7112","BOTTLE","8961101231873","2450","1"
"13534","BOTTLE","8961101231903","990","1"
"13534","BOTTLE","8961101231842","990","1"
"13533","BOTTLE","8961101231897","2450","1"
"13533","BOTTLE","8961101231149","2450","1"
"13532","BOTTLE","8961101231132","2500","1"
"13532","BOTTLE","8961101231880","2500","1"
"13536","Pc","8961101232931","150","1"
"13535","Pc","8961101232924","130","1"
"13537","Pc","644216998371","470","1"
"13538","Pc","1201871","260","1"
"13539","Pc","1201881","340","1"
"2594","Pc","1074611","30","1"
"5876","Pc","1121961","15","1"
"13542","Pc","8961014236798","310","1"
"13493","Pc","6291107672328","25","1"
"13545","TIN","8964002706174","1400","1"
"9535","Pkt","36391462","190","1"
"13547","Pkt","671860013624","130","1"
"13548","Pc","6291107671901","230","1"
"13548","Pc","6291107671635","230","1"
"13548","Pc","6291107672182","230","1"
"13548","Pc","6291107672144","230","1"
"13548","Pc","6291107671871","230","1"
"13548","Pc","6291107671581","230","1"
"13550","Pkt","4365503106151","440","1"
"9806","Pc","5010622005012","480","1"
"13551","Pkt","1202001","650","1"
"13553","Pkt","1202021","150","1"
"13552","Pkt","1202011","150","1"
"10146","Pc","8964000716557","590","1"
"10146","Pc","8964000716212","590","1"
"10146","Pc","8964000719183","590","1"
"6482","Pc","8964000716267","260","1"
"6482","Pc","8964000716274","260","1"
"6482","Pc","8964000716663","260","1"
"13558","Pc","8964000716601","230","1"
"13559","Pc","8964000717585","200","1"
"13559","Pc","8964000717592","200","1"
"13559","Pc","8964000717622","200","1"
"13559","Pc","8964000717615","200","1"
"13559","Pc","8964000718117","200","1"
"13559","Pc","8964000717608","200","1"
"13559","Pc","8964000717639","200","1"
"13559","Pc","8964000717486","200","1"
"13560","Pc","8964000716168","540","1"
"9871","JAR","6934541114473","1080","1"
"8631","Pkt","6130793007048","2280","1"
"13561","Pc","1202101","180","1"
"11769","Pc","6920191340591","440","1"
"11769","Pc","6920201363572","440","1"
"9213","POUCH","6976351753145","540","1"
"2931","Pc","1079753","520","1"
"9817","Pc","6297000442020","820","1"
"9817","Pc","5014697027900","820","1"
"9817","Pc","6297000669502","820","1"
"9817","Pc","5014697027948","820","1"
"9817","Pc","5014697027962","820","1"
"13565","Pc","135651","470","1"
"9642","Pc","754604755803","940","1"
"7817","POUCH","8961014249064","150","1"
"13566","Pkt","1202151","130","1"
"7900","SACHET","9556001004666","60","1"
"8214","POUCH","47641","1040","1"
"3358","Bag","8966000028319","1500","1"
"8216","Bag","555","570","1"
"8217","Box","47671","420","1"
"8220","Pc","8964000578650","170","1"
"8227","1kg","47771","150","1"
"8228","Pkt","8965310045276","140","1"
"8229","Pkt","8965310045252","150","1"
"8231","Pc","8001841494180","730","1"
"8232","BOTTLE","8001841494487","1325","1"
"700","POUCH","8001841256726","1670","1"
"8234","POUCH","7622201423889","195","1"
"8238","Pc","7622201726966","80","1"
"8239","Pc","7622210591388","2350","1"
"8240","POUCH","7622210596741","325","1"
"8242","POUCH","7622210596864","325","1"
"8243","POUCH","7622210596833","325","1"
"8247","Pc","8964000064955","800","1"
"8248","Pc","8964000064405","610","1"
"8249","Pc","8964000064542","800","1"
"994","Box","695240209193","780","12"
"8255","Pc","705105553030","60","1"
"8258","Pc","8886467020094","540","1"
"2933","Pc","8999999598310","630","1"
"8259","Pc","8999999597856","680","1"
"8260","Pc","8901030732928","415","1"
"8261","Pc","647356754364","120","1"
"8262","Pc","647356754371","150","1"
"8263","Pc","8964000982570","440","1"
"8264","Pc","8964000982662","670","1"
"8265","Pc","8964000982563","310","1"
"8271","BOTTLE","8964000002032","1790","1"
"9136","Pc","8964000061688","150","1"
"9137","Pkt","8964000163863","535","1"
"9138","SACHET","8961014236958","20","1"
"3421","BOTTLE","8961014247985","740","1"
"882","BOTTLE","8961014247916","440","1"
"244","BOTTLE","8961014247923","440","1"
"9141","Pc","8961014246247","115","1"
"9142","Pc","8961014246254","115","1"
"3322","BOTTLE","8961014247930","440","1"
"932","Pc","858167000476","30","1"
"9146","Pc","8690742162320","160","1"
"9147","Pc","8690742162344","160","1"
"9148","Pc","8690742162337","280","1"
"8272","Pc","8961100310159","145","1"
"5237","6pc","egg6","190","6"
"2706","Box","710535717907","1180","1"
"8273","Box","745114675040","3440","1"
"8274","Box","710535717914","2320","1"
"8275","Box","710535717921","1220","1"
"8276","Box","710535717938","2370","1"
"8280","Pc","48341","100","1"
"124","Box","8964002528684","310","1"
"7696","CRATE","","620","12"
"7695","CRATE","","520","6"
"8285","Pc","89600078","250","1"
"2111","TIN","8710428016553","3070","1"
"209","Pc","8886950071947","30","1"
"503","Pc","8717163647394","770","1"
"8569","Box","8964000883471","560","1"
"8571","Pc","079400206374","820","1"
"8572","Pc","079400065148","820","1"
"8573","Pc","079400523600","820","1"
"8574","Pc","079400821904","820","1"
"7861","Pc","7640142778370","570","1"
"8588","Box","8964000941386","235","1"
"8591","Box","8964003377724","235","1"
"8203","Box","8964001084471","430","1"
"8204","Box","8964001084532","450","1"
"8205","Box","8964001084518","430","1"
"8206","Box","8964001084525","450","1"
"8207","POUCH","8964001084129","170","1"
"8208","POUCH","8964001084747","230","1"
"8209","POUCH","8964001084587","170","1"
"8210","POUCH","8964001084969","220","1"
"8211","JAR","705632492598","360","1"
"8212","POUCH","705632492581","280","1"
"630","Pc","Glass","5","1"
"8337","Pc","8710908777394","1250","1"
"2363","Pc","8961014051957","760","1"
"2929","Pc","8961014235135","510","1"
"8342","Pc","48991","95","1"
"8349","POUCH","1358946340858","45","1"
"8350","BUNDLE","2577282378847","190","1"
"8509","BOTTLE","8886950086064","885","1"
"8510","BOTTLE","8886950086095","885","1"
"8512","BOTTLE","8886950037028","330","1"
"8513","POUCH","8886950037097","465","1"
"8514","BOTTLE","8886950035079","380","1"
"197","Pc","8886950051338","70","1"
"201","Pc","8886950052182","70","1"
"8516","Pc","9556031209857","190","1"
"6981","Pc","8886950092072","70","1"
"8517","Pc","8886950092065","70","1"
"8519","Pc","8964000612569","870","1"
"8522","Box","8961005992757","700","24"
"8522","Pc","8961005612754","30","1"
"8523","BOTTLE","8961005060036","270","1"
"7982","Pc","8964002289653","290","1"
"8524","Box","665752572207","260","1"
"8526","box","665752572191","260","1"
"8530","Pc","8990333166073","315","1"
"7749","Box","8886467116629","515","1"
"172","BOTTLE","17250430","230","1"
"149","Pc","7702018489664","820","1"
"7750","Pc","7702018516032","2140","1"
"7751","Pc","7702018501144","640","1"
"7752","Pc","7702018462339","1160","1"
"7753","Pc","4987176150462","4880","1"
"7754","POUCH","8961100092802","535","1"
"7755","POUCH","8961100091430","510","1"
"7756","POUCH","8961100091478","440","1"
"7760","Pc","8961014018233","175","1"
"6599","Pkt","65991","10","1"
"792","Pkt","8961014018196","210","1"
"7761","Pkt","8961014018226","210","1"
"1251","Pkt","8961014018219","210","1"
"7762","Pc","8961014033960","50","1"
"7764","Pc","8961014019575","30","1"
"7765","Pc","8961014029970","30","1"
"7766","Pkt","8961014033861","199","1"
"7767","Pc","8961014245158","465","1"
"7768","Pc","8961014242782","150","1"
"7770","Pc","8901030827402","560","1"
"7771","BUNDLE","8961014241280","245","1"
"7772","BUNDLE","8961014263855","360","1"
"7773","BUNDLE","8961014241341","360","1"
"7774","POUCH","8961014003567","830","1"
"3322","BOTTLE","8961014246360","440","1"
"5633","Pc","80972945","390","1"
"7107","Pc","8961101230913","190","1"
"7109","BUNDLE","8961101230951","560","1"
"7110","BOTTLE","8961101231309","1600","1"
"7111","BOTTLE","8961101231156","295","1"
"7112","BOTTLE","8961101231125","2450","1"
"7116","Pc","35521","460","1"
"4921","Pc","09292","280","1"
"7122","Pkt","8964002315024","1320","1"
"7123","Pkt","8964002315130","1320","1"
"2433","Pc","8886950055299","430","1"
"828","Pc","8886950055275","385","1"
"7041","Pc","8964001025795","25","1"
"210","Pc","8886950071886","15","1"
"2049","Pc","8961101231101","970","1"
"557","BOTTLE","8964001118107","180","1"
"323","Pc","2419616662836","320","1"
"3227","Pc","723872535318","80","1"
"5737","Pc","068056599953637","440","1"
"6984","Pc","8690973050595","580","1"
"7102","Pc","8961008212883","400","1"
"7103","Pc","8961008212876","80","1"
"7103","CTN","","1800","24"
"7104","BOTTLE","8964000002063","2930","1"
"7105","Pc","8961101372156","370","1"
"7106","Pc","8961101370107","500","1"
"7131","Box","671866130318","470","1"
"201","Pc","8886950052120","70","1"
"14913","Pc","42126706","410","1"
"3287","Pc","8964000735688","290","1"
"4175","Pc","1099371","70","1"
"7143","Pc","8964000749937","470","1"
"7144","Pc","8964000749906","240","1"
"7008","Pc","8964000139172","115","1"
"1258","Pc","8964000139325","140","1"
"7154","Pc","35951","80","1"
"7156","Pkt","4904530582363","240","1"
"7157","Pc","8964000982051","350","1"
"7158","Pc","8964000982198","190","1"
"3396","Box","8961101780982","235","1"
"3445","Pc","4893055310134","260","1"
"936","Pc","6295124023392","720","1"
"936","Pc","6295124000300","720","1"
"7162","Pc","6295124000690","2940","1"
"7163","Pc","6295124001611","2950","1"
"936","Pc","6295124020711","720","1"
"936","Pc","6295124000362","720","1"
"936","Pc","6295124004803","720","1"
"936","Pc","6295124000331","720","1"
"936","Pc","6295124024580","720","1"
"936","Pc","6295124016622","720","1"
"936","Pc","6295124004797","720","1"
"936","Pc","6295124024597","720","1"
"936","Pc","6295124005121","720","1"
"936","Pc","6295124023408","720","1"
"7177","Pc","36191","190","1"
"7185","Pc","71851","295","1"
"7186","Pc","4555520102551","300","1"
"4501","Pc","45012","160","1"
"2067","Pc","4005808817405","1520","1"
"295","Pc","8961008213392","370","1"
"7190","Pc","729872453317","110","1"
"7201","Pc","8964000578049","240","1"
"7202","Pc","8964000578056","145","1"
"7207","Pc","8859178718574","550","1"
"7208","Pc","8857101110754","370","1"
"19460","Pc","194601","730","1"
"7211","Pc","8852835162475","490","1"
"3224","Pc","8964000505410","160","1"
"7218","BOTTLE","1786131070554","3000","1"
"588","Pc","8961008213415","95","1"
"7223","Pc","8901526005277","740","1"
"6442","Pc","6291107670027","490","1"
"1246","Pc","8901030693250","1160","1"
"1234","Pc","4015000982665","490","1"
"3486","Pc","4800888113474","330","1"
"7232","Pc","3014260777623","230","1"
"587","JAR","815096002988","1080","1"
"7234","Pc","3094901410003","240","1"
"1008","Pc","6053889441765","190","1"
"7237","BOTTLE","8710447224311","890","1"
"7238","BOTTLE","8964000020289","130","1"
"254","Pc","8934868058441","245","1"
"6882","BOTTLE","8993417390210","540","1"
"4611","TIN","8886451000842","6800","1"
"8099","POUCH","8961014017625","260","1"
"7797","BOTTLE","8961014246834","365","1"
"3542","Pc","8961014245431","50","1"
"1777","BOTTLE","8961014241969","790","1"
"7276","Pc","8961014241198","99","1"
"7799","Pc","8961014235180","510","1"
"898","Pc","8961014241174","125","1"
"7800","Pc","8961014245585","25","1"
"7802","Pc","8961014007619","480","1"
"7803","Pc","8961014007626","295","1"
"7804","BUNDLE","8961014241303","245","1"
"7806","Pc","8961014246926","1130","1"
"2261","BUNDLE","8961014245042","430","1"
"1436","SACHET","8961014238198","10","1"
"7809","Pc","8961014235203","510","1"
"7810","Pc","8961014235142","860","1"
"900","Pc","8961014241150","70","1"
"239","Pc","8961014241167","99","1"
"7813","BOTTLE","8961014235104","860","1"
"7814","BOTTLE","8961014235197","860","1"
"2164","BOTTLE","8961014235111","860","1"
"805","BOTTLE","8961014247848","395","1"
"7815","BOTTLE","8961014240306","425","1"
"7276","Pc","8961014234664","99","1"
"3900","Pc","9200475782871","250","1"
"7284","Box","8964002444885","235","1"
"7287","Pkt","788821062185","117","1"
"1886","Pc","620514004761","190","1"
"7291","BOTTLE","8855044015761","150","1"
"7291","BOTTLE","8855044011862","150","1"
"7291","BOTTLE","8855044012944","150","1"
"7291","BOTTLE","8855044011855","150","1"
"14573","Pc","6260259001416","50","1"
"7293","Pc","3610340025549","950","1"
"697","Pc","8961008214177","230","1"
"249","JAR","8961014241082","390","1"
"4800","BOTTLE","8961014242331","460","1"
"7299","Pc","923721556246","200","1"
"7291","BOTTLE","8855044011831","150","1"
"243","BOTTLE","8961014240955","740","1"
"882","BOTTLE","8961014240863","440","1"
"7302","Pc","7622210591517","100","1"
"7304","Pc","7622201719258","2350","1"
"7305","Pc","37591","150","1"
"4441","Pc","8961101230685","720","1"
"7311","Pc","73111","340","1"
"4780","Pc","6920269739036","180","1"
"5570","Pkt","6224007974698","440","1"
"7315","Pc","6224007974681","420","1"
"7317","Pkt","73171","780","1"
"7323","BOTTLE","6518931937127","100","1"
"7323","BOTTLE","6518931937103","100","1"
"7323","BOTTLE","6518931937141","100","1"
"7323","BOTTLE","6518931937110","100","1"
"13824","Pc","8682257128724","600","1"
"7337","Pkt","73371","245","1"
"7343","Pc","38041","640","1"
"4684","Pc","1105951","1985","1"
"7357","Pc","4891228607012","160","1"
"7359","JAR","614614357056","330","1"
"7360","Pc","8964000019900","415","1"
"7361","Pc","8964000019917","415","1"
"7364","Pc","788821013835","30","1"
"245","BOTTLE","8961014241549","470","1"
"21378","Pc","7622202306051","20","1"
"1263","POUCH","8961014241853","2430","1"
"7396","1kg","73961","310","1"
"7397","Pkt","6028104500565","100","1"
"7405","Pc","5012712003793","4950","1"
"7375","Pc","4005900036568","990","1"
"7376","Pc","8961100310500","205","1"
"7406","Pc","8712045020494","3850","1"
"7407","Pc","8850024103599","3850","1"
"1044","Pc","6053889442250","330","1"
"5647","BOTTLE","6068357302950","220","1"
"2425","JAR","6001085120946","430","1"
"2425","JAR","60019066","430","1"
"8059","Pc","45951","590","1"
"8060","BUNDLE","45961","160","1"
"8070","Pc","46081","125","1"
"270","BOTTLE","8961101301613","1820","1"
"8074","Can","8961101301200","5900","1"
"8076","Pc","8964002706150","100","1"
"8077","BUNDLE","8961100023134","390","1"
"7647","Pc","8964000102992","20","1"
"7876","Pkt","8001090921468","870","1"
"7877","Pkt","8001841231280","1140","1"
"7883","BOTTLE","8001841503073","590","1"
"7884","BOTTLE","8001841460383","785","1"
"952","BOTTLE","8001841460413","780","1"
"7885","BOTTLE","8001841460505","780","1"
"2162","BOTTLE","8001841460567","780","1"
"155","BOTTLE","8001841460710","780","1"
"953","BOTTLE","8001841460321","780","1"
"959","BOTTLE","8001841460352","1470","1"
"156","BOTTLE","8001841460741","1470","1"
"7887","BOTTLE","4084500944107","2150","1"
"7888","BOTTLE","8001090742322","970","1"
"7893","BOTTLE","8001841494128","185","1"
"956","BOTTLE","8001841494210","190","1"
"157","BOTTLE","8001841494395","185","1"
"8292","Pc","8964000612620","330","1"
"8293","POUCH","8964000611098","710","1"
"8295","POUCH","8964000612576","1700","1"
"880","BOTTLE","8961014246872","365","1"
"1370","BUNDLE","8961014245141","430","1"
"899","Pc","8961014241211","70","1"
"5736","BOTTLE","8961014246766","660","1"
"1135","Pkt","8961014012781","100","1"
"8296","Pc","8961014018202","210","1"
"8297","Pc","8961014018240","210","1"
"2304","BOTTLE","8001841460444","1480","1"
"1333","BOTTLE","8001841460628","1470","1"
"8298","POUCH","8001841694986","2210","1"
"8299","Pc","8001841721484","210","1"
"8300","BUNDLE","8001841721545","660","1"
"8301","Pc","8001841721576","200","1"
"8302","BUNDLE","8001841721637","615","1"
"8304","BOTTLE","8001090823861","1920","1"
"8303","BOTTLE","4084500943827","1920","1"
"8075","CTN","","2280","24"
"8075","Pc","8964002706167","100","1"
"2962","TIN","6261422503782","180","1"
"734","Box","8964002528639","315","1"
"8308","Box","8964003592332","230","1"
"8309","Box","8964003593148","230","1"
"8310","Pc","8961008202167","80","1"
"8311","Pc","8961008213927","450","1"
"298","Pc","8961008216256","80","1"
"8313","Pc","8964002347421","30","1"
"8314","Pc","8964000103784","20","1"
"8317","Pc","8964002347414","50","1"
"8319","TIN","1860074061449","110","1"
"8320","Box","8961102508479","235","1"
"8325","Box","769503782492","235","1"
"8357","Pc","8961014008357","963","1"
"8596","Pc","8964000876091","65","1"
"280","POUCH","8961100502790","584","1"
"8597","Pkt","8964002315048","1320","1"
"8599","Pkt","8964002315079","1320","1"
"8600","Pkt","8964002315154","1320","1"
"8601","Pc","8964000090602","20","1"
"8603","Pc","8964002347438","20","1"
"8604","Pc","8964000102718","20","1"
"8608","Pc","89600047","600","1"
"8609","Pc","95010526","500","1"
"8556","Box","7622202259715","240","24"
"8556","Pc","7622202259722","10","1"
"1915","Box","8964002526031","310","1"
"8558","Box","8964002759118","355","1"
"2284","Box","8964002526017","235","1"
"5794","PATTA","57942","230","1"
"13824","Pc","8682257128762","600","1"
"8562","Box","8965310042824","115","1"
"8566","Pc","8964000090596","20","1"
"8378","Box","8964001084419","530","1"
"8379","POUCH","8964001084716","310","1"
"8380","Box","8964001084792","340","1"
"8381","POUCH","8964001084013","220","1"
"8382","POUCH","8964001084136","170","1"
"8383","POUCH","8964001084037","200","1"
"8384","POUCH","8964001084075","170","1"
"8385","Box","8964001084549","430","1"
"8386","Box","8964001084440","630","1"
"8387","Box","8964001084181","280","1"
"7999","Pc","8964000139738","340","1"
"8395","POUCH","8964000717431","35","1"
"6303","Pc","8964000139165","95","1"
"8396","JAR","8850086214004","1670","1"
"8397","BOTTLE","6281057119233","190","1"
"8398","Pc","8961102110030","200","1"
"8399","Pkt","8961102110047","380","1"
"8400","Tub","8961102110061","970","1"
"8402","Pc","8964000103661","40","1"
"8405","Pc","633152021151","130","1"
"8406","Pc","633152015334","115","1"
"8407","Pc","8964000876022","400","1"
"8408","Pc","8964000876107","80","1"
"8412","Box","8964002410255","115","1"
"8412","Box","8964002410279","115","1"
"8412","Box","8964002410286","115","1"
"772","TIN","8961100501625","8400","1"
"8414","Can","8961100503179","5800","1"
"8415","Can","8961100504794","9200","1"
"8416","TIN","6533411394740","890","1"
"8417","BOTTLE","199628098732","1080","1"
"8418","BOTTLE","199628097742","470","1"
"1152","BOTTLE","8901030636929","880","1"
"8000","Pc","8964000139974","50","1"
"7698","Pc","671866116688","20","1"
"8422","JAR","788821104021","890","1"
"8423","BOTTLE","788821000866","180","1"
"8425","Pkt","788821150400","127","1"
"8426","Pkt","788821112095","127","1"
"8615","Pc","8964000507667","280","1"
"8617","Pkt","4618518120057","820","1"
"8618","Pkt","4618518120064","970","1"
"8619","Pkt","8966000053595","1070","1"
"8620","Pkt","4618518138755","1170","1"
"8622","Box","8961101782924","295","1"
"8625","Pc","6291100600243","75","1"
"8625","Pc","6291100600755","75","1"
"8625","Pc","6291100601073","75","1"
"8624","Pkt","6291003004773","490","1"
"8630","Box","8961003554575","230","1"
"8631","Pkt","6224009614288","2280","1"
"297","Pc","8961008216249","450","1"
"8019","CTN","1787141030569","2700","5"
"8635","Pc","8961014246797","1130","1"
"2794","Pc","0695240104948","70","1"
"778","Pkt","8961008211510","550","1"
"8640","TIN","6261422504109","70","1"
"8641","TIN","6261422503423","180","1"
"8643","Pc","8888075000864","950","1"
"8644","Pc","50219209","900","1"
"8645","Pc","8964000064788","790","1"
"8646","Pc","8964000064429","60","1"
"8646","Pc","8964000064436","60","1"
"8647","Pc","8964000064382","50","1"
"8647","Pc","8964000064375","50","1"
"8647","Pc","8964000064368","50","1"
"8647","Pc","8964000064351","50","1"
"8648","Pc","8964000064337","85","1"
"8648","Pc","8964000064320","85","1"
"7660","Pc","8964000572580","80","1"
"7661","Pc","8964000572689","180","1"
"7666","Pkt","8964000053294","230","1"
"7667","ROLL","8964000053485","95","1"
"7669","Pkt","8964000730010","270","1"
"7670","Pkt","8964000730041","320","1"
"7671","Pc","858167000100","270","1"
"7672","Pc","8961008211527","550","1"
"7673","Pc","8961008214047","740","1"
"7674","Pc","8961008214054","1500","1"
"7675","Box","8961008214061","2950","1"
"7676","Pc","8961008215297","450","1"
"7677","Pc","8961008213491","790","1"
"4059","Pkt","8961008235387","740","1"
"4486","Pkt","8961008213453","2950","1"
"4027","Pkt","8961008222066","740","1"
"3893","Pkt","8961008213446","1480","1"
"7678","SACHET","8961008211640","270","1"
"2167","POUCH","8961008215716","2450","1"
"7682","SACHET","8961008215495","30","1"
"1248","Pkt","8690742162146","2350","1"
"1187","Pkt","8690742162153","2350","1"
"4975","Pc","8961014006803","120","1"
"4975","Pc","8961014013559","120","1"
"5749","JAR","4023300850102","1470","1"
"1206","Pc","8961008211244","400","1"
"4303","Pc","8001673102369","375","1"
"8100","POUCH","8961014018462","840","1"
"4310","Pc","8999999030582","690","1"
"4311","Pc","8851932171403","1590","1"
"4312","Pc","8901030599200","120","1"
"1002","Pc","8886950056067","295","1"
"4066","Pc","40661","70","1"
"21925","Pkt","219252","460","1"
"4067","Pkt","6951992630512","490","1"
"4068","Pkt","6951992621039","940","1"
"4069","Pc","40691","95","1"
"4070","Pc","40701","380","1"
"4071","Pc","40711","340","1"
"4072","Pc","40721","330","1"
"4073","Pc","40731","490","1"
"4077","Pkt","40771","40","1"
"4078","Pc","6970570816605","660","1"
"4079","Pc","6936952017770","580","1"
"4080","Pc","40801","195","1"
"4081","Pkt","40811","280","1"
"4087","Box","40871","645","1"
"4089","Pc","40891","320","1"
"4090","Box","40901","1270","1"
"1214","Pc","8001090573490","175","1"
"1227","Pc","8001090573773","160","1"
"1995","BUNDLE","8001090794109","510","1"
"1997","BUNDLE","8001090794130","510","1"
"3160","Pc","8964000833629","300","1"
"4093","Pc","8964000833582","550","1"
"3948","Pc","3610340080128","880","1"
"3950","PATTA","695240208240","290","1"
"3960","Pc","96631","185","1"
"1152","BOTTLE","8901030541889","880","1"
"4039","JAR","4005900009371","1750","1"
"4040","Pc","8961008203775","400","1"
"5621","Pkt","8431034004078","245","1"
"5787","Pc","7979225590388","240","1"
"3585","Box","8961100280445","460","12"
"1781","Pkt","6924429853488","130","1"
"203","Pc","8886950066509","170","1"
"15","Pkt","8961014018387","190","1"
"4051","Pc","40511","50","1"
"4057","PATTA","695240208257","190","1"
"6412","Pc","8964000057360","1150","1"
"4059","Pkt","8961008223193","740","1"
"4060","Pc","1097831","240","1"
"250","Pkt","2501","210","1"
"3387","Pkt","788821005458","285","1"
"3388","Pc","1088501","410","1"
"3389","Pc","88511","380","1"
"3390","Pc","88521","430","1"
"3391","Pc","88531","310","1"
"3392","Pc","1088541","300","1"
"3393","Pc","1088551","340","1"
"3394","Pc","88561","320","1"
"3399","POUCH","8964000022184","260","1"
"2919","Pc","8850006324189","440","1"
"1112","Pc","6001087357272","780","1"
"2920","Pkt","8964000259139","250","1"
"2921","Pc","8964000258507","390","1"
"1328","BOTTLE","7051055503360","690","1"
"2923","Pc","689076783972","520","1"
"257","Pc","8961014009804","75","1"
"1263","POUCH","8961014003550","2430","1"
"2069","Pc","6281031091678","290","1"
"2069","Pc","6281031255094","290","1"
"2069","Pc","6281031091241","290","1"
"2934","BOTTLE","5012254060834","880","1"
"2934","BOTTLE","5012254067680","880","1"
"2934","BOTTLE","5012254061275","880","1"
"2079","Pc","8999999053055","770","1"
"2068","Pc","3014260228859","980","1"
"2343","BOTTLE","6001106210069","1570","1"
"2912","Pkt","788821152633","265","1"
"2924","Pkt","8964000192115","145","1"
"2925","Pkt","8964000192023","240","1"
"2927","Pkt","8964000192504","165","1"
"2936","Pc","8964000749487","720","1"
"7405","Pc","8712045038086","4950","1"
"2940","Pc","1079901","320","1"
"2942","TIN","8710428022066","4520","1"
"2943","Pc","025929126846","1770","1"
"2943","Pc","025929121605","1770","1"
"2943","Pc","025929127140","1770","1"
"2943","Pc","025929129885","1770","1"
"2943","Pc","025929121957","1770","1"
"2943","Pc","025929121506","1770","1"
"2943","Pc","025929130195","1770","1"
"2943","Pc","025929132458","1770","1"
"756","BOTTLE","6291069705348","340","1"
"594","BOTTLE","6291069705324","340","1"
"1326","Pkt","6028104400117","150","1"
"2944","BOTTLE","5010123703509","690","1"
"2944","BOTTLE","5010123721022","690","1"
"2919","Pc","8850006324172","440","1"
"2946","Pc","6297000442372","990","1"
"2946","Pc","5017101047501","990","1"
"2946","Pc","4035773126707","990","1"
"2948","JAR","3574660149548","1190","1"
"2949","BOTTLE","8717163605776","740","1"
"2949","BOTTLE","4000388177000","740","1"
"2350","Pc","1070791","170","1"
"2212","Pc","5414666013277","1850","1"
"2952","Pkt","80281","1280","1"
"2953","Pc","80311","1330","1"
"2956","Bag","29561","5190","1"
"2961","Pc","8964000259146","250","1"
"1424","Pc","8961008209883","400","1"
"2963","Pkt","5028217002353","285","1"
"234","POUCH","8961014007695","285","1"
"7406","Pc","300875124659","3850","1"
"7407","Pc","300875124628","3850","1"
"2969","Pc","8851932199179","880","1"
"1204","TIN","4800361397650","2850","1"
"249","JAR","8961014009880","390","1"
"3792","TIN","9556092105662","150","1"
"294","BOTTLE","8961008212296","300","1"
"579","500g","16792","75","0.5"
"3040","PKT","8964000192030","480","1"
"3041","PKT","1358946338992","190","1"
"1399","Pkt","1358946343798","140","1"
"3045","Pc","8964000045480","430","1"
"3046","Pc","9200475776108","340","1"
"3047","Pc","9200475733101","340","1"
"3048","Pc","9200475733057","205","1"
"1942","Pc","3600540816139","980","1"
"1716","BOTTLE","8901526102334","890","1"
"676","Pc","8964000833032","440","1"
"1047","Pkt","6932065900589","150","1"
"2972","BOTTLE","8934868058472","245","1"
"3092","Pc","6957743393118","40","1"
"2977","Pc","8964000101957","50","1"
"2977","CTN","","1100","24"
"1043","Pc","6068357302189","270","1"
"2978","Pc","6068357302172","270","1"
"2979","Pc","8691376017123","530","1"
"2980","Pc","3014260214692","585","1"
"2981","Pkt","4015400205289","820","1"
"2982","Pkt","4015400205227","820","1"
"8101","TIN","8712045038079","4950","1"
"2990","Pc","81171","120","1"
"5136","Pc","723872535110","70","1"
"2993","Pc","8964000750025","175","1"
"2996","Pc","8964000750063","350","1"
"1663","Pc","4005808837359","660","1"
"1663","Pc","4005808828869","660","1"
"3001","Pkt","788821151711","340","1"
"3002","Pc","788821003584","80","1"
"3003","Pc","81331","140","1"
"3792","TIN","9556092105655","150","1"
"2071","BOTTLE","3574660453072","780","1"
"3017","JAR","8999999056865","1220","1"
"2073","Pc","3610340030222","980","1"
"3019","BOTTLE","3574660254518","790","1"
"3020","BOTTLE","8410207115872","960","1"
"355","Pc","8991111109121","490","1"
"1030","Pc","50207466","560","1"
"3021","Pc","8999999719746","670","1"
"1234","Pc","4015000519977","490","1"
"1234","Pc","6281031256565","490","1"
"1234","Pc","4015000280235","490","1"
"623","Pc","695240102999","70","1"
"2167","POUCH","8961008209500","2450","1"
"3054","Pc","82241","100","1"
"3056","Pc","7861212201004","120","1"
"8102","Pc","300875124703","3750","1"
"8103","TIN","300875132340","3970","1"
"3059","Box","8961101786991","230","1"
"1251","PKT","8961014008449","210","1"
"792","PKT","8961014008555","210","1"
"536","PKT","8961014008432","175","1"
"563","Pkt","8961014008487","175","1"
"882","BOTTLE","8961014009330","440","1"
"215","POUCH","8886950011363","520","1"
"212","POUCH","8886950012162","565","1"
"3792","TIN","9556092105921","150","1"
"3064","Pc","82611","390","1"
"804","POUCH","8961014009972","199","1"
"8104","Pc","8712045037973","4950","1"
"8105","Pc","8964000345061","260","1"
"8108","Box","8965310043852","115","1"
"8109","Box","8965310043821","115","1"
"3792","TIN","9556092105914","150","1"
"641","Pkt","8961014186352","90","1"
"2411","POUCH","8964001525998","50","1"
"1223","Pc","8961014007794","125","1"
"935","Pc","8901248268158","410","1"
"935","Pc","8901248268059","410","1"
"935","Pc","8901248268165","410","1"
"609","Pc","6068357302370","190","1"
"1765","BOTTLE","022400393629","1480","1"
"1765","BOTTLE","022400393681","1480","1"
"1174","TIN","4902720125260","2580","1"
"3079","Pc","7702018877560","940","1"
"3080","Box","8961103502247","315","1"
"4","500g","1112","155","0.5"
"3082","Pc","695240101398","50","1"
"3083","Pkt","695240210229","230","1"
"3084","BOTTLE","8961101230593","570","1"
"3085","Pc","30851","240","1"
"1211","Pc","8961014007756","99","1"
"3086","Pc","8964001024200","60","1"
"1173","TIN","4902720124584","2710","1"
"8111","Box","8965310043180","145","1"
"8113","Box","8965310045122","145","1"
"1282","TIN","4902705127081","5120","1"
"1287","TIN","4902705127135","2370","1"
"1923","CTN","","2880","72"
"3088","Pc","8964000043189","220","1"
"3089","Pkt","620514008721","280","1"
"3090","Pc","30901","120","1"
"3093","Pc","8896666050624","30","1"
"3095","Pc","6910289044760","480","1"
"3097","Box","30971","1080","1"
"5922","Pkt","3570095726439","150","1"
"3103","Pc","8990800011196","240","1"
"8113","Box","8965310045139","145","1"
"8113","Box","8965310045146","145","1"
"3116","POUCH","83661","120","1"
"3119","Pc","1083691","380","1"
"3121","Pc","1083711","570","1"
"3128","Pc","83811","455","1"
"3131","Pc","3610340030376","980","1"
"3132","Pc","3610340030420","950","1"
"3133","Pc","3610340030475","950","1"
"3134","Pc","3600541124066","950","1"
"3135","Pc","8999999059941","1820","1"
"2707","Pc","6281006479722","430","1"
"2707","Pc","6281006479685","430","1"
"2707","Pc","6281006479487","430","1"
"2707","Pc","6281006480995","430","1"
"2827","Pc","8999999706487","495","1"
"3137","Pc","8992222050159","595","1"
"3137","pc","8992222050104","595","1"
"3137","Pc","8992222050043","595","1"
"8114","Pkt","8965310045214","140","1"
"3137","Pc","8992222053013","595","1"
"3139","Pc","5011321868175","1130","1"
"5846","Box","3570094726430","150","1"
"5847","Box","3570093726431","150","1"
"3140","SACHET","6942644316236","35","1"
"235","POUCH","8961014009941","199","1"
"313","BOTTLE","8964000103098","180","1"
"3143","Pkt","788821151681","145","1"
"3144","Pc","7702018298556","180","1"
"3145","Pc","6068357302943","130","1"
"2116","CTN","8961100501298","2750","5"
"1663","Pc","4005900035295","660","1"
"1663","Pc","4005808881918","660","1"
"1663","Pc","4005900188977","660","1"
"1374","POUCH","8964000612484","620","1"
"1374","CTN","8964000612491","3100","5"
"2821","BOTTLE","6111079002087","620","1"
"2822","BOTTLE","5201089011955","670","1"
"2823","BOTTLE","5601182015001","1350","1"
"2824","Pc","8888202000880","690","1"
"2824","Pc","8888202030221","690","1"
"2824","Pc","8888202000767","690","1"
"2824","Pc","8888202062086","690","1"
"2824","Pc","8888202060013","690","1"
"2825","Pc","8712561593335","590","1"
"5848","Pkt","1358946343354","140","1"
"5925","TIN","8961100501304","1320","1"
"2186","POUCH","8961014008104","695","1"
"2187","POUCH","8961014008098","695","1"
"351","Pc","5000207004578","790","1"
"157","BOTTLE","8001090394675","185","1"
"2442","Pc","4005900123619","430","1"
"6302","POUCH","8964000062609","330","1"
"19170","Pc","745125122663","370","1"
"2712","BOTTLE","6068357302929","150","1"
"2713","JAR","620514008868","230","1"
"2714","JAR","620514008875","230","1"
"2718","Pc","8961100310104","145","1"
"2444","Pkt","815096002155","250","1"
"2222","Pkt","8001090153388","2600","1"
"1929","PKT","8001090251473","1470","1"
"2445","PKT","8001090285270","1470","1"
"2446","PKT","8001090153531","1530","1"
"2447","Pc","689076783170","530","1"
"2453","PKT","7702018037216","2540","1"
"1663","Pc","4005900036445","660","1"
"1663","Pc","4005900036506","660","1"
"1663","Pc","4005900036476","660","1"
"2433","Pc","8850006341858","430","1"
"2434","Pc","8850006327906","390","1"
"2435","POUCH","8886950011325","610","1"
"2436","Pc","4524369870235","240","1"
"2439","Box","8964000474204","115","1"
"199","Pc","8886950050256","300","1"
"2285","Pc","1069021","280","1"
"2286","PKT","8961006040068","265","1"
"5849","BOTTLE","6291069208252","680","1"
"5850","BOTTLE","6291069208214","700","1"
"5928","POUCH","8964000822869","280","1"
"2295","Pc","8711700946766","695","1"
"2295","Pc","8717163560822","695","1"
"2295","Pc","8717163558799","695","1"
"2295","Pc","8717163041550","695","1"
"2295","Pc","8711600368736","695","1"
"2297","Pc","4005808247127","1360","1"
"2297","Pc","4005808802555","1360","1"
"2297","Pc","4005808246014","1360","1"
"2297","Pc","4005808246410","1360","1"
"2256","Pc","8888202026828","880","1"
"2724","Pc","6068357298901","580","1"
"2299","Pc","7702018291014","395","1"
"2304","BOTTLE","5011321986855","1480","1"
"959","BOTTLE","5011321362444","1470","1"
"715","Pc","8961014004175","150","1"
"7551","Pc","8857101160063","325","1"
"1081","Pc","8961014004168","170","1"
"942","BOTTLE","8001090394484","730","1"
"2305","Pc","6009679062436","210","1"
"153","BOTTLE","8001090394620","215","1"
"2306","Box","7622210367150","4650","24"
"2306","Pc","7622210367167","200","1"
"2307","Box","7622210367266","4650","24"
"2307","Pc","7622210367211","200","1"
"2308","Box","7622210187314","5300","24"
"2308","Pc","7622210182913","230","1"
"2311","Pc","8964000258828","290","1"
"2314","PKT","6943526036952","30","1"
"388","Pc","9240548109921","130","1"
"388","Pc","8964001078159","130","1"
"388","Pc","8964001078135","130","1"
"1326","PKT","602810440011","150","1"
"944","BOTTLE","5410076651948","440","1"
"158","BOTTLE","8001090394453","440","1"
"1333","BOTTLE","5011321525863","1470","1"
"5930","POUCH","8964000822135","300","1"
"950","BOTTLE","8001090394514","460","1"
"938","BOTTLE","8961014003963","470","1"
"1496","PKT","6068357303750","110","1"
"1112","Pc","8999999003685","780","1"
"2297","Pc","4005900011770","1360","1"
"2297","Pc","4005808278114","1360","1"
"2324","PC","1069991","130","1"
"2325","Pc","1070001","140","1"
"2326","Pc","1070011","220","1"
"1172","TIN","11722","2710","1"
"542","BOTTLE","6001106208622","630","1"
"214","POUCH","8886950011387","1035","1"
"5779","POUCH","8964000821077","350","1"
"1918","Pc","4673287693737","100","1"
"2329","TIN","038900591519","360","1"
"2330","PKT","3570022726433","230","1"
"2331","PKT","3570023726432","250","1"
"2332","Pc","1358946339180","190","1"
"2243","Pc","8001673102413","240","1"
"2244","Pc","8065676256344","410","1"
"5931","POUCH","8964000821091","400","1"
"2248","BOTTLE","6291069706420","710","1"
"2249","BOTTLE","6291069701074","700","1"
"2251","BOTTLE","6291069706383","410","1"
"1772","PKT","671866149976","210","1"
"1773","PKT","671866149914","210","1"
"1774","PKT","671866149969","190","1"
"1775","PKT","671866150095","210","1"
"878","BOTTLE","899916000811","100","1"
"1777","BOTTLE","8961014011289","790","1"
"6417","Pc","8964000749388","125","1"
"5851","BOTTLE","5022496103091","700","1"
"1779","Pc","8901138500467","540","1"
"1767","Pc","8964001026198","50","1"
"1785","PKT","2576677722500","145","1"
"897","Pc","8961014002911","99","1"
"1788","Pc","17881","590","1"
"6418","Pc","8964000749180","415","1"
"6419","Pc","8964000749333","415","1"
"6421","Pc","8964000749210","220","1"
"6422","BOTTLE","012000800337","180","1"
"1933","Pc","8964000919590","390","1"
"14729","Pkt","0745760107933","590","1"
"243","BOTTLE","8961014004236","740","1"
"1934","PKT","8961003011832","100","1"
"1935","Box","8961003350658","210","1"
"235","POUCH","8961014018899","199","1"
"1936","Pc","3252550115025","5140","1"
"1937","Pc","3326240816698","2650","1"
"1939","Pc","8964000462300","950","1"
"1940","Pc","8964000462270","950","1"
"1941","Pc","3600541124868","950","1"
"1942","Pc","8964000462256","980","1"
"5393","Pc","8961009187166","240","1"
"1944","Pc","8886950074498","140","1"
"1945","Pc","8886950073651","240","1"
"5932","TIN","8964000006078","1430","1"
"5791","Pc","041376707766","60","1"
"1624","Pc","8886950050102","210","1"
"1947","Pc","8886950093208","90","1"
"1912","PKT","4015400457879","820","1"
"124","BOX","8964000683491","310","1"
"1915","Box","8964000683132","310","1"
"1916","PKT","8961100360017","165","1"
"1047","PKT","6932065900961","150","1"
"5794","PATTA","899432500689089643","230","1"
"253","BOTTLE","8934868084693","240","1"
"225","POUCH","8961008208336","1150","1"
"1923","Pc","671866150057","40","1"
"1802","Pc","55761","20","1"
"1956","Pc","8964000019085","560","1"
"5017","Pc","8994430929494","190","1"
"1957","Pc","8964000019122","230","1"
"1926","PKT","8965310045238","140","1"
"2215","Pc","7622210867056","10","1"
"16531","Pc","8999999556808","620","1"
"1816","Pc","1056031","160","1"
"1929","PKT","4015400680840","1470","1"
"1932","POUCH","8964000061305","270","1"
"1948","POUCH","3572278677200","180","1"
"1790","BOTTLE","1358946343040","260","1"
"1791","BOTTLE","1358946343118","270","1"
"1803","Pc","55771","200","1"
"1809","Pc","1055861","790","1"
"1810","Pc","18101","30","1"
"1813","Pkt","1055951","180","1"
"8124","Box","8964002444960","235","1"
"1814","POUCH","1055991","240","1"
"1815","POUCH","1056011","50","1"
"1817","Pkt","8964000115770","460","1"
"1820","Box","8964000535356","430","12"
"1822","Pc","1101","60","1"
"1823","Pc","6950473600822","140","1"
"2047","BOX","8965310052151","235","1"
"2048","PKT","8964000064627","810","1"
"2256","Pc","8888202055828","880","1"
"2049","Pc","6011062086158","970","1"
"2051","Pc","6011062085922","960","1"
"2050","Pc","6011062086080","960","1"
"1218","TIN","4902720124546","5850","1"
"462","Pc","1358946340148","80","1"
"1305","1kg","37804","400","1"
"882","BOTTLE","8961014003055","440","1"
"243","BOTTLE","8961014003093","740","1"
"1765","BOTTLE","022400393667","1480","1"
"2054","POUCH","8964000061626","235","1"
"2057","Pc","62951","320","1"
"2059","Pc","62971","240","1"
"2061","Pc","8964000982365","315","1"
"2062","Pc","8999999707859","460","1"
"6423","BOTTLE","8964000101117","180","1"
"2064","Pc","8001841141329","255","1"
"2066","Pc","8999999025427","995","1"
"2066","Pc","8999999025410","995","1"
"2066","Pc","8999999025434","995","1"
"1824","Pkt","736211119766","130","1"
"5854","Pc","58541","360","1"
"2067","Pc","5025970023243","1520","1"
"2068","Pc","7702018621293","980","1"
"2069","Pc","6281031091227","290","1"
"2069","Pc","6281031091234","290","1"
"2071","BOTTLE","5601182013007","780","1"
"2072","Pc","8964000462287","950","1"
"2073","Pc","3600541091894","980","1"
"2074","Pc","3574661307053","340","1"
"2078","Pc","8999999035938","760","1"
"2079","Pc","8999999030964","770","1"
"2076","Pc","3574660182521","490","1"
"2082","Pc","8888202018175","580","1"
"1234","Pc","6281031250181","490","1"
"2083","Pc","8999999034719","680","1"
"2084","Pc","8992304009167","890","1"
"2085","Pc","20851","330","1"
"2086","Pc","1063591","110","1"
"2087","Pc","1063601","120","1"
"2088","Pc","1063611","110","1"
"2090","Pc","671866150101","140","1"
"2091","Pc","8901088062398","920","1"
"1132","Pc","8964000139264","75","1"
"351","Pc","3574660420913","790","1"
"3249","Pc","8904006306208","1120","1"
"2097","Pc","20971","230","1"
"2104","PKT","1358946338268","340","1"
"2105","PKT","1358946338572","190","1"
"1943","Pc","19431","280","1"
"304","BOTTLE","8964001195016","820","1"
"305","BOTTLE","8964001195115","630","1"
"815","BOTTLE","2336","190","1"
"5935","POUCH","8964000061442","170","1"
"2108","Pkt","8690742150747","2300","1"
"2111","TIN","8710428001511","3070","1"
"2110","TIN","8710428002310","3070","1"
"2112","TIN","8710428002907","3070","1"
"2113","TIN","8886451008053","3350","1"
"2114","TIN","8886451008039","3350","1"
"2115","TIN","8886451008060","3350","1"
"2116","POUCH","8961100501281","550","1"
"2117","PKT","6295120019894","730","1"
"2118","PKT","6295120019900","730","1"
"244","BOTTLE","8961014003109","440","1"
"2120","Pkt","8964001050049","1200","1"
"141","JAR","8961014003765","1090","1"
"1306","1kg","37813","400","1"
"1974","BOTTLE","6001106309459","2820","1"
"5059","Pkt","8964000053270","290","1"
"1979","Pc","723872535134","35","1"
"5809","500g","21231","138","0.5"
"1847","BOTTLE","6053889441123","35","1"
"1848","BOTTLE","6053889441239","50","1"
"1849","BOTTLE","6053889451245","100","1"
"1842","PKT","8992857010122","95","1"
"78","Pkt","620514000275","145","1"
"17795","Pc","0162230706330218","990","1"
"1850","Pc","8964000749401","440","1"
"5936","Pc","8964000145708","90","1"
"5936","CTN","","2100","24"
"5937","Pc","8964000144978","370","1"
"1799","Pc","742761777745","220","1"
"1854","Box","8964002758791","315","1"
"1855","Box","8964002759262","315","1"
"1856","Box","8964000685006","80","1"
"623","Pc","0695240102999","70","1"
"623","Pc","0695240102982","70","1"
"1857","Box","8964000685044","310","1"
"26","1kg","0677","150","1"
"63","PKT","8992857010627","110","1"
"5937","CTN","","4320","12"
"5938","Pc","7967713657071","260","1"
"377","Pc","7647731957079","225","1"
"1860","JAR","620514009735","330","1"
"1861","BOX","8964002759651","235","1"
"926","Pc","8964000462263","950","1"
"1862","Pc","3610340030277","950","1"
"1951","BOTTLE","817074003505","350","1"
"1952","BOTTLE","0745604691451","160","1"
"873","CTN","","5200","12"
"1224","CTN","","5300","4"
"1955","Pc","3610340030321","950","1"
"1958","Pc","8964000019405","520","1"
"1959","Pc","4987205001079","1890","1"
"1960","PKT","788821111050","80","1"
"1961","Pkt","788821151186","175","1"
"1962","Pkt","788821150684","135","1"
"1963","BOTTLE","6001106209100","350","1"
"8128","Pc","46731","90","1"
"1967","POUCH","1358946341060","195","1"
"1657","BOTTLE","8999999036546","580","1"
"1657","BOTTLE","8999999036591","580","1"
"1968","Pc","8961101232702","280","1"
"1969","Pc","6291101526016","195","1"
"1970","Pc","106019","390","1"
"15","Pkt","8961014003727","190","1"
"375","Pc","7647731951107","320","1"
"623","Pc","695240102982","70","1"
"1765","BOTTLE","022400393643","1480","1"
"1765","BOTTLE","022400393636","1480","1"
"1843","Pc","896101400672","120","1"
"216","POUCH","8886950011356","270","1"
"1989","PKT","1358946339012","190","1"
"239","Pc","8961014002904","99","1"
"588","Pc","8961008022185","95","1"
"1995","BUNDLE","4015400840060","510","1"
"6422","CRATE","","1020","6"
"6423","CRATE","","1020","6"
"6424","BOTTLE","012000800184","180","1"
"6424","CRATE","","980","6"
"2076","Pc","3574660183375","490","1"
"1997","BUNDLE","4015400840084","510","1"
"676","Pc","8964000833018","440","1"
"2156","Pc","4875774698748","90","1"
"1319","Pc","1358946341756","140","1"
"188","Pc","6001106210335","240","1"
"676","Pc","8964000834121","440","1"
"2001","PKT","6942644305209","320","1"
"2002","BOTTLE","6291069651058","580","1"
"5809","1kg","21232","275","1"
"5810","Pc","8961014239775","260","1"
"2167","POUCH","8961008212616","2450","1"
"727","SACHET","8886950011578","10","1"
"2004","JAR","8961100282340","730","1"
"2005","BOX","8964000474891","115","1"
"1219","TIN","4902720124560","5850","1"
"1112","Pc","6001087357289","780","1"
"5811","Pc","8961014239782","470","1"
"234","POUCH","8961014003512","285","1"
"2010","BOTTLE","5410076937448","440","1"
"302","BOTTLE","8964001195030","1060","1"
"2013","PKT","633152009173","240","1"
"2014","PKT","0633152009319","240","1"
"2018","PKT","8964000019047","210","1"
"2019","Pc","8691376017130","240","1"
"2023","BOTTLE","6001106209049","1570","1"
"2033","BOTTLE","6001106208554","1120","1"
"2037","TIN","8964000707173","110","1"
"2038","TIN","8964000707142","480","1"
"2039","BOTTLE","6291069715699","450","1"
"1527","Pc","8964000984062","190","1"
"2040","POUCH","8964000061268","255","1"
"209","Pc","8886950071817","30","1"
"676","Pc","8964000833094","440","1"
"2122","BOTTLE","8964000954256","810","1"
"2123","Pc","8692641011570","360","1"
"2125","BOTTLE","","550","1"
"2126","BOTTLE","","600","1"
"2129","BOTTLE","8964000954249","1570","1"
"2130","BOTTLE","6001106210076","810","1"
"2131","Pkt","788821002105","260","1"
"2134","PKT","633152009234","240","1"
"2135","PKT","633152001344","130","1"
"884","BOTTLE","8961014002959","1280","1"
"1246","Pc","8901030547485","1160","1"
"1246","Pc","8901030490477","1160","1"
"1246","Pc","8901030490484","1160","1"
"1617","PKT","021200510069","320","1"
"1617","PKT","021200510021","320","1"
"2148","PKT","8964000883327","590","1"
"2149","PKT","8964000883334","190","1"
"2150","POUCH","8964003197254","140","1"
"2152","Pc","8961014002522","99","1"
"2153","Pc","689076783873","100","1"
"327","JAR","8964000578087","260","1"
"8132","Pc","8964000578094","180","1"
"8132","Pc","8964000578926","180","1"
"8132","Pc","8964000578469","180","1"
"8135","Pc","8964000019054","30","1"
"8136","Pc","8964000019689","260","1"
"8137","Pc","81371","160","1"
"8138","POUCH","9556174802236","580","1"
"8139","1kg","46841","400","1"
"8139","500g","46842","200","0.5"
"8150","Box","8964000682579","290","1"
"8152","1kg","46971","240","1"
"8152","2Kg","46972","480","2"
"8650","Pkt","8964001049159","1520","1"
"2162","BOTTLE","05011321525955","780","1"
"2163","Pkt","4015400416869","820","1"
"2164","BOTTLE","8961014007312","860","1"
"2165","Pc","8961100283019","610","1"
"2167","POUCH","8961008209364","2450","1"
"8153","BOTTLE","9555705500375","1050","1"
"8153","BOTTLE","9555705500368","1050","1"
"8153","BOTTLE","9555705500399","1050","1"
"3588","Box","8961101783457","170","1"
"6344","Pc","886635000246","190","1"
"2168","Pc","66011","2250","1"
"2170","Pc","3355991000230","3980","1"
"2171","Pc","3610400000233","3750","1"
"1938","Pc","3700082500081","3450","1"
"2173","PKT","788821002099","280","1"
"2175","PKT","855434001655","95","1"
"2177","PKT","788821152596","88","1"
"2178","BOTTLE","9502930975362","690","1"
"2180","Pc","8886950056050","210","1"
"2181","BOTTLE","1358946342296","170","1"
"2183","Pc","4015400205258","415","1"
"2184","POUCH","3574728223005","210","1"
"2185","Pc","8964000919736","150","1"
"2187","POUCH","8961014007688","695","1"
"2186","POUCH","8961014010787","695","1"
"2197","Pc","6931905004784","50","1"
"2198","Pkt","1066541","240","1"
"264","PKT","5028217001257","220","1"
"263","PKT","5028217004661","210","1"
"1220","TIN","4902720124591","5850","1"
"1171","TIN","4902720124539","2710","1"
"949","BOTTLE","5011321357907","460","1"
"2202","Pc","7702018029655","700","1"
"225","POUCH","8961008209166","1150","1"
"1474","POUCH","7622210605542","145","1"
"2203","BOTTLE","6068357302936","280","1"
"2204","BOTTLE","6068357302837","180","1"
"2205","Pkt","1358946339746","145","1"
"938","BOTTLE","8851932300490","470","1"
"1234","Pc","4015000527224","490","1"
"2162","BOTTLE","5011321525832","780","1"
"1096","Pc","8999999719395","460","1"
"2210","Pc","8411061411919","3760","1"
"2210","Pc","8411061582350","3760","1"
"5011","Pc","1110841","280","1"
"2212","Pc","5414666002257","1850","1"
"2213","Pc","7622210499592","120","1"
"2213","BOX","7622210499608","2750","24"
"5783","Pc","6291069724813","320","1"
"2215","Pc","7622210630520","10","1"
"2217","Pc","6291101526023","310","1"
"2218","Pc","8999999053031","760","1"
"333","Pc","6111079003077","490","1"
"1543","Pkt","094922952621","250","1"
"6882","BOTTLE","8993417380228","540","1"
"2220","Pkt","620514010359","280","1"
"445","Pc","6291101520328","210","1"
"2221","Pc","8964000961070","120","1"
"2222","Pkt","4015400672906","2600","1"
"2223","PKT","4015400672869","2600","1"
"2224","PKT","4015400682882","2600","1"
"2225","PKT","4015400672647","1470","1"
"953","BOTTLE","5011321360945","780","1"
"1929","PKT","4015400682615","1470","1"
"2228","BOTTLE","8961101230463","490","1"
"2229","POUCH","8961014178289","260","1"
"5867","Pc","6979861900115","560","1"
"5874","Pc","21941","80","1"
"5875","Pc","58751","245","1"
"508","PKT","8961100022182","225","1"
"2230","POUCH","4084500599833","570","1"
"2232","BOTTLE","8964001174431","700","1"
"246","Pc","8961014007657","590","1"
"247","Pc","8961014007640","340","1"
"5877","Pc","21971","60","1"
"1537","PATTA","8964001269052","110","1"
"2597","Pc","1074652","15","1"
"1765","BOTTLE","022400393612","1480","1"
"5126","CRATE","","1050","12"
"1765","BOTTLE","022400393674","1480","1"
"303","BOTTLE","8964001195047","690","1"
"1845","BOTTLE","5022496123006","750","1"
"1866","Pc","1057121","340","1"
"5623","Pc","8901030202032","590","1"
"804","POUCH","8961014018905","199","1"
"1875","JAR","57761","45","1"
"1880","JAR","8961100310951","2300","1"
"2078","Pc","8999999058340","760","1"
"1871","Pc","8964000643914","50","1"
"1871","Pc","8964000643990","50","1"
"2962","TIN","6261422500101","180","1"
"838","Pkt","788821014177","135","1"
"5878","Pc","6931100502740","70","1"
"3587","Box","8961101783570","170","1"
"1234","Pc","4015000982641","490","1"
"1234","Pc","6281031247785","490","1"
"1234","Pc","4015000986526","490","1"
"1234","Pc","6281031243046","490","1"
"1234","Pc","4015000914673","490","1"
"1234","Pc","4015000533577","490","1"
"1234","Pc","6281031255612","490","1"
"882","BOTTLE","8961014004199","440","1"
"1887","Pkt","788821153098","142","1"
"1760","Pc","8210987651443","130","1"
"1762","BOTTLE","067990500842","1150","1"
"1704","PKT","1358946338022","240","1"
"1527","Pc","8964000984208","190","1"
"1709","PKT","4988190016703","155","1"
"1710","PATTA","695240206352","260","1"
"1711","Pc","17111","60","1"
"1712","BOTTLE","6028100044056","310","1"
"5815","BOTTLE","8901248314329","650","1"
"1716","BOTTLE","8901526101245","890","1"
"1717","PKT","9310379279008","1800","1"
"2962","TIN","6281034903930","180","1"
"1718","PKT","9310379277004","1800","1"
"1719","PKT","9310379273006","1800","1"
"1720","PKT","9310379275000","1800","1"
"1721","Pc","8964000369005","300","1"
"1722","Pc","4773195110545","360","1"
"301","BOTTLE","8964001195313","550","1"
"1726","PKT","788821002112","245","1"
"1727","BOTTLE","1358946341442","150","1"
"1694","PKT","620514013688","190","1"
"1728","PKT","1358946343453","145","1"
"1729","PKT","3577427445563","140","1"
"189","Pc","6001106309541","485","1"
"1731","Pc","8992222300353","620","1"
"2962","TIN","6261422500118","180","1"
"2962","TIN","6261422500095","180","1"
"1734","JAR","620514001746","680","1"
"1735","PKT","788821150905","147","1"
"1736","POUCH","8964000020579","220","1"
"1737","POUCH","8964000020487","210","1"
"986","PKT","4015400680789","1470","1"
"240","Pc","8961014002867","70","1"
"1738","POUCH","8964000020531","390","1"
"210","Pc","8886950071107","15","1"
"1742","Pc","1054221","160","1"
"1744","Pkt","7702018874460","4170","1"
"1745","PKT","620514013619","130","1"
"1746","PKT","788821151148","55","1"
"900","Pc","8961014002874","70","1"
"1748","Pc","9200475776504","205","1"
"1751","BOTTLE","8961005010031","365","1"
"1752","BOTTLE","8961005010055","325","1"
"1753","BOTTLE","8961005010017","485","1"
"1754","JAR","8961005030107","380","1"
"1624","Pc","8886950054025","210","1"
"1625","Pc","8886950054018","65","1"
"1062","Pc","6001106209261","130","1"
"1627","Pc","8964000043141","220","1"
"251","BOTTLE","8961014001792","395","1"
"1325","Pc","8964000019023","90","1"
"1630","Pkt","788821152626","88","1"
"1631","Pc","8964001195351","360","1"
"897","Pc","8961014001297","99","1"
"1634","PKT","8964000039571","570","1"
"1635","PKT","8964000039595","290","1"
"1636","PKT","8964000039540","520","1"
"1637","PKT","8964000039656","400","1"
"1638","PKT","8964001277811","310","1"
"1291","Pc","8850007011200","990","1"
"235","POUCH","8961014004014","199","1"
"1694","PKT","620514013657","190","1"
"71","PATTA","4051","115","1"
"1699","Pc","6291106710830","110","1"
"1645","BOTTLE","8901030203169","740","1"
"1350","Pc","8908001158312","790","1"
"1646","Pc","9647422316626","160","1"
"1647","JAR","8901548310229","1580","1"
"1648","JAR","8901548310250","1580","1"
"1650","Pc","1052141","240","1"
"1651","Pkt","6924429844882","280","1"
"5241","CRATE","","1050","12"
"1652","BOTTLE","8964000543658","320","1"
"662","SACHET","8961008207049","48","1"
"1655","Pc","4102020100473","175","1"
"1656","Pc","16561","20","1"
"1657","BOTTLE","8999999036553","580","1"
"11272","Pc","8968453188657","110","1"
"1659","BOTTLE","8901030425806","510","1"
"1660","Pc","8994993009534","790","1"
"1661","TIN","4005808269211","1790","1"
"1662","BOTTLE","8710908789380","760","1"
"1663","Pc","8999777004484","660","1"
"20138","Pc","180537150999","720","1"
"1664","Pc","8999777002954","910","1"
"1657","BOTTLE","8999999036539","580","1"
"1663","Pc","8999777004194","660","1"
"1663","Pc","8999777004613","660","1"
"1663","Pc","8999777004552","660","1"
"1661","TIN","4005808269235","1790","1"
"1570","Pc","44321","170","1"
"1681","Pc","52801","40","1"
"1685","PKT","788821151698","118","1"
"1686","Pkt","788821152640","160","1"
"733","Pc","1358946340070","140","1"
"1687","POUCH","8961014021585","450","1"
"1688","Pkt","788821150141","145","1"
"898","Pc","8961014002935","125","1"
"1689","Box","8964002528233","315","1"
"601","BOTTLE","6009689191089","270","1"
"1690","Pc","748252461452","180","1"
"1690","Pc","748252461056","180","1"
"1690","Pc","748252461155","180","1"
"1690","Pc","748252461353","180","1"
"1691","PKT","788821151292","145","1"
"6647","Pc","7622202363733","250","1"
"6648","Pkt","4988167012660","58","1"
"1047","PKT","6932065900596","150","1"
"1384","Pkt","4015400457848","415","1"
"1385","Pkt","788821151810","78","1"
"1386","Pkt","633152014481","58","1"
"1052","PKT","788821151704","340","1"
"1388","Pc","8065676256337","440","1"
"609","Pc","17622","190","1"
"1390","Pc","6068357302363","320","1"
"1391","PKT","4211134577443","410","1"
"1393","POUCH","8964000843109","220","1"
"1061","Pc","6001106209285","130","1"
"1373","CTN","8964000002254","2900","5"
"1373","POUCH","8964000002001","580","1"
"1378","JAR","815096001981","290","1"
"1379","Pc","39881","220","1"
"1380","PC","6281014440066","410","1"
"1381","Pc","6012014305020","240","1"
"1382","PKT","6415009004166","170","1"
"1395","Pc","102196013021","140","1"
"1132","Pc","8964000139257","75","1"
"20","POUCH","8961014106176","1980","1"
"1396","Pc","6068357298680","530","1"
"1258","Pc","8964000139301","140","1"
"1397","Pc","7961234156075","170","1"
"1117","Pc","8886950074658","240","1"
"1398","PKT","3572242274626","145","1"
"1400","PKT","1358946345969","150","1"
"1401","Pc","671866149921","210","1"
"1402","Pkt","5028217001035","147","1"
"1403","PKT","5028217001486","205","1"
"1404","PKT","5028217006252","215","1"
"1405","PKT","5028217005606","205","1"
"892","Pc","7501056349288","390","1"
"1047","PKT","6932065900817","150","1"
"1407","Box","8961003031717","295","1"
"1408","Box","8961003031731","295","1"
"1414","Pc","8901526103423","525","1"
"1416","BOTTLE","8901526103454","890","1"
"472","PKT","4988167012639","75","1"
"473","PKT","4988167012684","95","1"
"1419","PKT","4988167012646","64","1"
"1422","Pkt","788821005472","280","1"
"716","PKT","8961014189223","50","1"
"1423","CTN","","1800","24"
"1423","Pc","8961008209890","80","1"
"1424","Pc","8961008203768","400","1"
"1425","BOTTLE","8964000061732","430","1"
"1426","Pc","4056800868001","890","1"
"1428","PKT","7702018037186","1520","1"
"1430","Pc","8964000369159","350","1"
"1464","Pc","4201010100339","1350","1"
"1465","Pc","4201010100322","1800","1"
"1579","PKT","788821153005","430","1"
"1580","Pkt","788821152602","170","1"
"6649","POUCH","8964000008089","315","1"
"1581","BOTTLE","8886950096216","280","1"
"1584","Pc","671866150088","155","1"
"1585","Pkt","5063305006646","295","1"
"8158","Box","8961103502445","295","1"
"8159","Box","8961103500014","315","1"
"1564","Pc","8964000798539","120","1"
"1443","SACHET","8886950014166","10","1"
"16623","Pc","8961014248555","245","1"
"1449","BOX","8964002759590","235","1"
"1540","PKT","695240207250","190","10"
"70","Pc","4032","220","1"
"1474","POUCH","7622210498472","145","1"
"1526","Pkt","43451","270","1"
"1523","Pkt","43421","200","1"
"1522","Pc","15221","30","1"
"6428","BOTTLE","8964000101575","250","1"
"1490","BOX","8964000425237","230","1"
"1452","BOX","8964000683033","315","1"
"1537","PATTA","8736900072114","110","1"
"1437","PKT","14371","120","1"
"5964","Pc","4009900482806","1340","1"
"1442","PKT","3577627837205","95","1"
"1454","BOX","8964002759323","355","1"
"1520","Pkt","15201","380","1"
"1482","Box","7622202020209","700","24"
"1539","PKT","695240206833","320","10"
"1543","PKT","924219080135","250","1"
"1496","PKT","6068357303858","110","1"
"1568","PKT","6068357303506","140","1"
"1576","PC","073982206807","50","1"
"1575","Pc","15751","380","1"
"1532","Pc","15321","60","1"
"1521","Pkt","43391","60","1"
"17135","Pkt","171352","95","1"
"1438","CRATE","","1000","12"
"1363","Pc","6053889426618","520","1"
"1364","Box","8961003310652","180","1"
"1365","Box","8961003320354","110","1"
"1539","Pkt","695240206840","320","10"
"1539","Pkt","695240206857","320","10"
"1366","Box","8961003360350","140","1"
"1369","Pkt","8961003010316","90","1"
"664","BUNDLE","8961014006902","340","1"
"1370","BUNDLE","8961014006919","430","1"
"6428","CRATE","","900","4"
"5921","Pc","8964000749364","75","1"
"5969","Pc","718122102914","450","1"
"1611","Pkt","633152001306","125","1"
"8161","Pc","8717185383270","1450","1"
"8162","Pc","8719281103509","2720","1"
"1617","PKT","021200510052","320","1"
"1312","Pc","620514002606","180","1"
"1310","Pkt","8961014184525","175","1"
"1313","POUCH","788821113177","80","1"
"8163","Pc","8719281103431","2940","1"
"8166","Pc","653341107077","220","1"
"15557","SACHET","6181002002699","30","1"
"1324","BOTTLE","8961100311255","490","1"
"22","Pkt","5063305005724","590","1"
"1344","Pc","8886950092126","90","1"
"194","Pc","8886950051048","320","1"
"913","Pc","6001106209308","130","1"
"935","Pc","8901248268035","410","1"
"935","Pc","8901248268080","410","1"
"18772","Pc","6300020155754","640","1"
"935","Pc","8901248268073","410","1"
"935","Pc","8901248268066","410","1"
"676","Pc","8964000833162","440","1"
"676","Pc","8964000833131","440","1"
"676","Pc","8964000834886","440","1"
"676","Pc","8964000834848","440","1"
"676","Pc","8964000834855","440","1"
"1317","Pkt","8961103600479","380","1"
"805","BOTTLE","8961014001808","395","1"
"1353","BOTTLE","6291069704051","550","1"
"1354","BOTTLE","6291069651034","580","1"
"1355","BOTTLE","6291069715675","580","1"
"1356","Pc","8901138506377","460","1"
"1320","BOTTLE","1358946342050","95","1"
"639","1kg","6391","2000","1"
"1359","Pkt","6924429863487","150","1"
"1360","Pkt","6924429864484","110","1"
"1322","PKT","8964000064153","270","1"
"1323","PKT","8964000064214","410","1"
"1329","BOTTLE","6291069701265","400","1"
"956","BOTTLE","5013965676482","190","1"
"1330","PKT","620514004754","190","1"
"1331","PKT","620514004105","78","1"
"1332","Pc","8961014035629","195","1"
"1333","BOTTLE","4015600374907","1470","1"
"1336","Pc","3600540816115","950","1"
"925","Pc","8964000462249","950","1"
"1337","Pc","3600541124110","950","1"
"577","BOTTLE","8964000047132","270","1"
"1338","BOTTLE","5022496103008","780","1"
"1340","BOX","8964000053331","330","1"
"1342","ROLL","8961006020015","125","1"
"1253","Pkt","4800361002974","770","1"
"26","2Kg","0676","300","2"
"1145","PKT","8961003011771","90","1"
"729","CTN","8964000419748","2750","5"
"747","CANE","21321","5300","1"
"8172","Pc","8710447223468","1530","1"
"8173","Pc","8710447223413","1530","1"
"8174","Pc","8710447223352","1530","1"
"8176","Pc","8710447224342","920","1"
"6957","Pc","33831","190","1"
"5535","Pc","17911","220","1"
"277","CTN","8961100502820","2940","5"
"457","Pc","8964000945407","320","1"
"458","Pc","8964000944141","200","1"
"595","POUCH","8964000002025","580","1"
"595","CTN","8964000002247","2900","5"
"559","Pc","15881","280","1"
"621","BOTTLE","8964000543030","430","1"
"1663","Pc","4005900087973","660","1"
"1663","Pc","4005900088246","660","1"
"1663","Pc","4005900088383","660","1"
"344","Pc","8886950049021","165","1"
"343","Pc","8886950049014","105","1"
"1026","BOTTLE","16229211","1090","1"
"1012","Pc","29201","230","1"
"319","Pc","9961","230","1"
"1014","Pc","29221","230","1"
"1237","Pc","6009689191072","200","1"
"937","Pc","8964000835487","1120","1"
"467","Pc","4671","540","1"
"670","Pkt","1926","470","1"
"1212","Pc","102196013014","350","1"
"491","BOX","","600","12"
"490","Pc","899432000012","80","1"
"630","Pc","18271","5","1"
"612","BOTTLE","8964000571040","195","1"
"1208","Pc","2000000296760","230","1"
"8428","Pc","8961100001521","210","1"
"8452","Pc","84521","480","1"
"1104","Pc","4828087390229","310","1"
"5977","Pc","23111","190","1"
"1190","BOTTLE","6291069706390","410","1"
"1189","BOTTLE","6291069208207","400","1"
"1065","PKT","4211134577436","190","1"
"1299","Pc","8964000515266","320","1"
"1267","Pc","8069555555559","770","1"
"1268","Pump","8001673102918","180","1"
"705","Pc","20231","210","1"
"321","Pc","3211","350","1"
"1158","Pc","8961100040537","320","1"
"5978","Pc","59781","130","1"
"5980","Pkt","8801038123097","180","1"
"5982","Pc","8964000139097","290","1"
"773","Pc","6028104400216","150","1"
"1195","Pc","8964000047125","490","1"
"1177","Pc","33701","450","1"
"1302","BOX","8964000498958","145","1"
"752","POUCH","8886950014050","560","1"
"1118","Pc","8886950082028","140","1"
"641","PKT","8961014726352","90","1"
"664","BUNDLE","8961014239607","340","1"
"6429","BOTTLE","8964000101124","250","1"
"6429","CRATE","","920","4"
"110","Pkt","620514000282","145","1"
"994","Pc","695240105112","70","1"
"427","Pkt","620514008738","280","1"
"1273","JAR","620514008882","230","1"
"799","JAR","620514001920","340","1"
"661","SACHET","8961008207018","48","1"
"26","5Kg","0674","750","5"
"991","CTN","","1800","24"
"1206","Pc","8961008207506","400","1"
"1207","CTN","","1800","24"
"299","CTN","","1800","24"
"298","CTN","","1800","24"
"293","CRATE","","700","12"
"258","CRATE","","520","6"
"1137","Pc","8961008200569","95","1"
"1137","CTN","","2250","24"
"725","Pc","8961008206936","400","1"
"394","Pc","8964000919712","240","1"
"393","CTN","8964000346327","4260","12"
"981","CTN","8964000146620","4150","8"
"1079","Pc","8964000146651","60","1"
"1539","Pkt","695240208677","320","10"
"1539","Pkt","695240208684","320","10"
"1539","Pkt","695240208660","320","10"
"1539","Pkt","695240208691","320","10"
"558","CRATE","","1100","12"
"123","Box","8964000682005","80","1"
"1066","Box","8964002755981","310","1"
"121","Box","8964000682067","315","1"
"560","BOX","8964000683019","310","1"
"979","BOX","8964000682807","315","1"
"626","BOTTLE","012000801754","110","1"
"532","Pc","5321","100","1"
"132","CTN","","5600","12"
"133","CTN","","4860","6"
"134","CTN","","5700","4"
"651","CTN","","5300","12"
"784","CTN","","4500","6"
"1225","CTN","","5400","4"
"313","BOTTLE","012000800085","180","1"
"28","Pc","3014260316648","45","1"
"1016","PKT","4015400417491","420","1"
"700","POUCH","4015600425098","1670","1"
"656","Pc","7702018037155","450","1"
"153","BOTTLE","5013965640438","215","1"
"1178","Pc","3014260251970","820","1"
"984","PKT","4015400681021","2600","1"
"8193","Pkt","8964003094324","180","10"
"942","BOTTLE","5410076937790","730","1"
"27","Pc","1331","100","1"
"172","BOTTLE","6001106309428","230","1"
"191","Pump","6001106209070","540","1"
"634","CTN","18322","2600","5"
"837","Pkt","788821150127","135","1"
"855","Pkt","788821150837","145","1"
"285","CTN","8964000006061","2850","5"
"765","POUCH","8964000006009","564","1"
"765","CTN","8964000006016","2820","5"
"1135","PKT","8961014106299","100","1"
"447","Pc","12321","180","1"
"448","Pc","6291101520380","340","1"
"20374","Box","203741","2900","1"
"1070","JAR","8964000061855","990","1"
"8194","JAR","81941","50","1"
"8197","Box","8964001084488","470","1"
"772","TIN","21841","8400","1"
"763","CTN","8961100501335","2730","5"
"314","CRATE","","900","4"
"626","CRATE","","1200","12"
"1114","500g","32262","280","0.5"
"1114","1kg","32264","560","1"
"56","1kg","3251","290","1"
"14738","POUCH","815096000274","1750","1"
"703","SACHET","855434009675","25","1"
"703","BOX","855434009682","700","30"
"56","500g","3253","145","0.5"
"59","GROOS","3332","60","1"
"505","1kg","13581","200","1"
"785","500g","22512","165","0.5"
"633","CTN","","6400","12"
"8198","Box","8964001084433","610","1"
"8199","Box","8964001084808","520","1"
"1274","Pc","37041","290","1"
"1238","PKT","35991","145","1"
"430","Pc","95010557","500","1"
"431","Pc","95010816","250","1"
"432","Pc","95010588","220","1"
"480","CRATE","","1140","6"
"1010","CRATE","","1000","6"
"1011","CRATE","","1140","6"
"611","Box","8961102504242","235","1"
"261","PKT","5028217004654","220","1"
"1251","PKT","36361","210","1"
"232","POUCH","8961014264050","1100","1"
"6430","BOTTLE","8964000101322","250","1"
"6430","CRATE","","900","4"
"6","1kg","0291","230","1"
"1030","Pc","2965","560","1"
"1034","BOTTLE","2985","2950","1"
"1036","BOTTLE","2994","350","1"
"1045","Pc","30121","230","1"
"148","Pc","3014260265885","380","1"
"146","Pc","3014260287047","280","1"
"145","PKT","3014260316259","95","1"
"811","Pc","8964000932056","240","1"
"1103","Pc","6009679062450","680","1"
"1255","BOTTLE","325622","150","1"
"1146","Pc","8964001082019","420","1"
"935","Pc","3587925302053","410","1"
"935","Pc","3587925302060","410","1"
"935","Pc","3587925302077","410","1"
"935","Pc","3587925302084","410","1"
"935","Pc","3587925302091","410","1"
"935","Pc","3587925302107","410","1"
"935","Pc","3587925302114","410","1"
"657","Pc","3600540816061","950","1"
"925","Pc","3600540816078","950","1"
"926","Pc","3600540816085","950","1"
"790","PKT","5028217001066","215","1"
"260","PKT","5028217001080","147","1"
"262","PKT","5028217999967","215","1"
"789","PKT","5028217999974","215","1"
"465","Pc","5110000300545","210","1"
"464","Pc","5110000300552","160","1"
"1094","Pkt","5110000400092","90","1"
"471","Pc","5110000510135","110","1"
"466","Pc","5110001600095","130","1"
"391","Pc","52106354","160","1"
"163","POUCH","5410076493272","285","1"
"944","BOTTLE","5410076937530","440","1"
"157","BOTTLE","5410076937417","185","1"
"945","BOTTLE","5410076937691","440","1"
"159","BOTTLE","5410076937738","730","1"
"158","BOTTLE","5410076937769","440","1"
"6289","BOTTLE","855434000030","490","1"
"1011","BOTTLE","5449000012203","200","1"
"480","BOTTLE","5449000051981","200","1"
"1010","BOTTLE","5449000052926","180","1"
"669","Pc","5842109854123","330","1"
"1112","Pc","6001085927620","780","1"
"1112","PC","6001087011051","780","1"
"187","Pc","8964000954645","720","1"
"181","BOTTLE","6001106114619","200","1"
"180","BOTTLE","6001106114626","470","1"
"182","Pc","6001106114862","220","1"
"494","Pkt","6001106114886","280","1"
"185","Pc","6001106114930","630","1"
"186","Pc","6001106114947","430","1"
"675","PKT","6001106114978","530","1"
"183","BOTTLE","6001106114985","290","1"
"1062","Pc","6001106115098","130","1"
"1061","Pc","6001106115111","130","1"
"1185","BOTTLE","6001106209032","1570","1"
"190","BOTTLE","6001106209094","350","1"
"1063","Pc","6001106209513","150","1"
"541","BUNDLE","6001106209575","370","1"
"337","JAR","6001106209643","485","1"
"1092","BOTTLE","6001106209650","245","1"
"988","JAR","6001106209797","485","1"
"1060","JAR","6001106209803","245","1"
"171","Pc","6001106309435","480","1"
"188","Pc","6001106309497","240","1"
"192","BOTTLE","6001106309565","810","1"
"173","Pc","6001106309572","260","1"
"993","BOTTLE","6001106309589","810","1"
"174","Pc","6001106309718","290","1"
"175","Pc","6001106309725","580","1"
"177","Pc","6001106309732","320","1"
"179","Pc","6001106309749","315","1"
"176","Pc","6001106309756","630","1"
"178","Pc","6001106309763","640","1"
"749","Pc","6009679061002","340","1"
"1036","BOTTLE","6009689190013","350","1"
"1037","BOTTLE","6009689190037","390","1"
"1038","BOTTLE","6009689190044","240","1"
"1039","BOTTLE","6009689190051","75","1"
"400","BOTTLE","6009689191041","320","1"
"401","BOTTLE","6009689191034","160","1"
"460","JAR","6028104400551","220","1"
"655","PKT","6028107700115","75","1"
"1043","Pc","6068357302165","270","1"
"63","PKT","606835730350","110","1"
"5273","Pc","5795790593614","200","1"
"894","Pc","6199561995888","110","1"
"105","Pkt","620514000046","240","1"
"107","Pc","620514000060","85","1"
"1244","PKT","620514000107","180","1"
"1243","PKT","620514000114","120","1"
"643","Pkt","620514000237","145","1"
"89","Pkt","620514000343","145","1"
"91","PKT","620514000367","135","1"
"92","Pkt","620514000381","340","1"
"668","Pkt","620514000404","145","1"
"117","Pkt","620514000428","135","1"
"116","PKT","620514000459","145","1"
"81","Pkt","620514000565","145","1"
"87","PKT","620514000589","145","1"
"79","Pkt","620514000596","145","1"
"83","Pkt","620514000602","135","1"
"803","JAR","620514000688","640","1"
"435","JAR","620514000701","640","1"
"102","Pkt","620514000756","165","1"
"101","Pkt","620514000770","300","1"
"95","Pkt","620514000824","195","1"
"94","PKT","620514000831","370","1"
"93","PKT","620514000848","710","1"
"98","PKT","620514000862","165","1"
"442","PC","6930519298367","40","1"
"1047","PKT","6932065900572","150","1"
"759","TIN","6442160038846","425","1"
"1233","Pc","644216989676","110","1"
"138","Pc","1381","440","1"
"994","PC","695240104450","70","1"
"500","PC","5001","50","1"
"499","PC","4362347306679","60","1"
"493","TIN","289624520037","340","1"
"771","TIN","7051055541362","440","1"
"555","BOTTLE","7137571774368","150","1"
"969","Pc","8964002994212","1120","1"
"19171","Pc","8961102814044","540","1"
"1022","TIN","7181221002172","580","1"
"492","TIN","718122100811","820","1"
"1072","Pc","723872535172","70","1"
"928","Pc","729872535020","70","1"
"1073","Pc","729872535037","90","1"
"29","Pc","7398220000843","95","1"
"1203","TIN","4800361427425","2850","1"
"149","Pc","7702018008902","820","1"
"1179","Pc","3014260243531","1365","1"
"147","Pc","7702018840786","300","1"
"482","TIN","7860000100055","2700","1"
"833","Pkt","788821001252","280","1"
"835","PKT","788821001269","280","1"
"830","Pkt","788821001283","280","1"
"832","Pkt","788821001290","280","1"
"829","PKT","788821001306","265","1"
"1188","PKT","788821001313","280","1"
"834","Pkt","788821001320","280","1"
"831","PKT","788821001337","280","1"
"1245","PKT","788821005465","280","1"
"851","Pkt","788821150189","135","1"
"849","Pkt","788821150219","135","1"
"840","Pkt","788821150363","145","1"
"839","Pkt","788821150370","135","1"
"836","Pkt","788821150394","145","1"
"842","Pkt","788821150417","145","1"
"852","Pkt","788821150431","145","1"
"838","Pkt","788821150790","135","1"
"854","Pkt","788821150820","135","1"
"845","Pkt","788821150936","145","1"
"856","Pkt","788821150967","145","1"
"850","Pkt","788821151117","118","1"
"841","Pkt","788821151247","145","1"
"846","PKT","788821151254","145","1"
"853","PKT","788821151278","135","1"
"843","Pkt","788821151308","135","1"
"848","Pkt","788821151421","135","1"
"1196","PKT","788821151438","135","1"
"847","Pkt","788821151445","145","1"
"578","PKT","788821151629","145","1"
"844","Pkt","788821151636","145","1"
"1109","PKT","788821152657","310","1"
"828","Pc","7891024123430","385","1"
"10","POUCH","815096000175","700","1"
"587","JAR","815096000298","1080","1"
"688","JAR","815096000311","290","1"
"1055","Pkt","815096000342","250","1"
"143","Pkt","815096000373","250","1"
"722","Pkt","815096000397","250","1"
"12","Pkt","815096000465","200","1"
"13","Pkt","815096000472","380","1"
"14","POUCH","815096000496","810","1"
"24","POUCH","815096000632","880","1"
"25","POUCH","815096000694","1750","1"
"538","POUCH","815096000793","1750","1"
"496","POUCH","815096000830","880","1"
"871","Pkt","815096000885","190","1"
"554","Pkt","815096000915","980","1"
"8","Pkt","815096001141","190","1"
"742","POUCH","815096001806","1620","1"
"1059","Pkt","815096001868","380","1"
"318","Pc","8210987651436","130","1"
"132","BOTTLE","855434000016","480","1"
"133","BOTTLE","855434000665","820","1"
"134","BOTTLE","855434000733","1440","1"
"135","BOTTLE","855434000962","490","1"
"917","Pc","858167000018","280","1"
"921","Pc","858167000025","280","1"
"919","Pc","858167000032","280","1"
"712","Pc","858167000049","280","1"
"920","Pc","858167000056","280","1"
"918","Pc","858167000063","280","1"
"698","Pc","858167000070","280","1"
"320","Pc","858167000087","280","1"
"922","Pc","858167000094","280","1"
"908","Pc","858167000117","80","1"
"909","Pc","858167000124","60","1"
"813","Pc","858167000285","300","1"
"721","Pc","858167000292","210","1"
"923","Pc","858167000568","280","1"
"924","Pc","858167000575","280","1"
"997","Pkt","8690742100643","2350","1"
"1248","PKT","8690742100797","2350","1"
"996","Pkt","8690742100896","2350","1"
"1140","PKT","8690742150143","2350","1"
"1187","Pkt","8690742150709","2350","1"
"1186","Pc","8690757202509","220","1"
"13581","Pc","8886950076027","45","1"
"676","Pc","8692614100249","440","1"
"676","Pc","8692614100263","440","1"
"676","Pc","8692614100546","440","1"
"676","Pc","8692614100553","440","1"
"546","PKT","8692641007283","390","1"
"1112","PC","8711600839496","780","1"
"892","Pc","8717163616468","390","1"
"1000","Pc","8886950093369","210","1"
"1091","Pc","8850006330593","200","1"
"205","Pc","8886950092102","100","1"
"1077","Pc","8886950093376","180","1"
"355","Pc","8850007011132","490","1"
"356","PC","8850007011743","770","1"
"350","BOTTLE","8850007060321","840","1"
"335","Pc","8850007650843","290","1"
"346","Pc","8850252030049","140","1"
"968","Pc","88531472","640","1"
"1098","Pc","8853976004396","170","1"
"754","Pc","88821191","460","1"
"215","POUCH","8886950011066","520","1"
"214","POUCH","8886950011073","1035","1"
"216","POUCH","8886950011141","270","1"
"213","POUCH","8886950012148","395","1"
"212","POUCH","8886950012094","565","1"
"218","POUCH","8886950013695","50","1"
"3711","Pc","6291100760459","230","1"
"219","POUCH","8886950014319","150","1"
"207","Pc","8886950031583","148","1"
"197","Pc","8886950051017","70","1"
"195","Pc","8886950051031","220","1"
"200","Pc","8886950052038","210","1"
"199","Pc","8886950052045","300","1"
"198","Pc","8886950052069","380","1"
"203","Pc","8886950060064","170","1"
"203","PC","8886950066462","170","1"
"202","Pc","8886950066684","240","1"
"210","Pc","8886950071800","15","1"
"209","Pc","8886950071664","30","1"
"1080","Pc","8886950073491","140","1"
"211","BOTTLE","8886950096162","165","1"
"553","BOTTLE","8886950096179","255","1"
"1078","BOTTLE","8886950096193","320","1"
"423","TIN","8888011050045","1070","1"
"424","TIN","8888011050373","790","1"
"755","Pc","8888202005076","790","1"
"390","Pc","8901023000812","160","1"
"385","Pc","8901030005176","430","1"
"895","Pc","8901030026263","230","1"
"1152","BOTTLE","8901030452864","880","1"
"967","BOTTLE","4792081028283","520","1"
"1152","BOTTLE","8901030541896","880","1"
"631","BOTTLE","8901088021081","210","1"
"696","BOTTLE","8901088021098","780","1"
"632","BOTTLE","8901088021135","125","1"
"1254","Pc","8901088062381","540","1"
"1006","Pc","8901138818777","300","1"
"331","Pc","8901177100505","380","1"
"888","BOTTLE","8901207040986","390","1"
"972","Pc","8901248104036","580","1"
"1058","Pc","5060068528545","280","1"
"1240","Pc","5060068528552","440","1"
"1241","Pc","8901248295031","345","1"
"962","BOTTLE","8901526101238","510","1"
"706","BOTTLE","8901526101498","510","1"
"1192","BOTTLE","8901526101504","890","1"
"964","BOTTLE","8901526102327","480","1"
"805","BOTTLE","8934868059486","395","1"
"252","BOTTLE","8934868084662","395","1"
"905","Pkt","8961003010118","90","1"
"511","PKT","8961003010217","90","1"
"986","Pkt","8006540787151","1470","1"
"509","PKT","8961003010521","90","1"
"512","PKT","8961003011016","90","1"
"904","PKT","8961003011733","90","1"
"510","PKT","8961003011849","100","1"
"907","PKT","8961003014017","90","1"
"976","Box","8961003515217","295","1"
"514","Box","8961003525674","315","1"
"513","Box","8961003030529","295","1"
"515","Box","8961003031021","235","1"
"1110","Box","8961003562358","315","1"
"517","Box","8961003523496","290","1"
"518","BOX","8961003544323","235","1"
"975","Box","8961003524370","290","1"
"978","Box","8961003544149","235","1"
"872","BOTTLE","8961005010048","390","1"
"1170","PC","8961005030039","360","1"
"547","Box","8964002758807","315","1"
"405","BOX","8961006010016","350","1"
"406","Box","8961006010023","390","1"
"403","BOX","8961006010054","360","1"
"409","ROLL","8961006020084","98","1"
"410","ROLL","8961006020046","58","1"
"408","ROLL","8961006040020","310","1"
"404","BOX","8961006040044","240","1"
"407","PKT","8961006040051","240","1"
"588","Pc","8961008206851","95","1"
"588","CTN","","2430","27"
"225","POUCH","8961008013060","1150","1"
"299","Pc","8961008201252","80","1"
"991","Pc","8961008202129","80","1"
"298","Pc","8961008202136","80","1"
"220","PKT","8961008207001","860","1"
"221","Pkt","8961008206998","450","1"
"222","PKT","8961008207032","860","1"
"223","Pkt","8961008207025","450","1"
"620","Pkt","8961008207056","450","1"
"808","PKT","8961008236766","550","1"
"227","Pkt","8961008206905","1110","1"
"294","BOTTLE","8961008203614","300","1"
"730","Pc","8961008203720","400","1"
"297","Pc","8961008203744","450","1"
"296","Pc","8961008203782","400","1"
"258","BOTTLE","8961008205113","100","1"
"293","BOTTLE","8961008205137","65","1"
"295","Pc","8961008206400","370","1"
"226","POUCH","8961008206738","540","1"
"642","Pc","8961008206806","250","1"
"1035","Pkt","8961008206912","2650","1"
"778","Pkt","8961008207100","550","1"
"236","POUCH","8961014011586","395","1"
"237","POUCH","8961014261684","195","1"
"1262","POUCH","8961014011647","1610","1"
"234","POUCH","8961014011036","285","1"
"244","BOTTLE","8961014011081","440","1"
"243","BOTTLE","8961014011098","740","1"
"804","POUCH","8961014004007","199","1"
"614","POUCH","8961014022131","80","1"
"6431","BOTTLE","8964000101087","110","1"
"882","BOTTLE","8961014011135","440","1"
"938","BOTTLE","8961014027891","470","1"
"884","BOTTLE","8961014028225","1280","1"
"880","BOTTLE","8961014028362","365","1"
"1271","Pc","8961014022230","75","1"
"245","BOTTLE","8961014028997","470","1"
"6432","BOTTLE","8964000101094","110","1"
"6433","BOTTLE","8964000101605","110","1"
"6431","CRATE","","1200","12"
"6432","CRATE","","1170","12"
"6433","BOTTLE","8964000102435","110","1"
"6434","TIN","012000022784","100","1"
"6434","CRATE","","1050","12"
"6435","TIN","8964000101582","100","1"
"6435","CRATE","","1050","12"
"249","JAR","8961014035858","390","1"
"247","Pc","8961014036466","340","1"
"246","Pc","8961014036473","590","1"
"20","POUCH","8961014105797","1980","1"
"21","Pkt","8720608619382","1180","1"
"17","Pkt","8961014106220","200","1"
"18","Pkt","5063305008749","400","1"
"19","JAR","8961014106244","1490","1"
"23","POUCH","8720608619290","1040","1"
"141","JAR","8961014120516","1090","1"
"15","Pkt","8961014120554","190","1"
"144","Pkt","5063305008787","360","1"
"257","Pc","8961014178456","75","1"
"256","Pc","8961014178463","75","1"
"1017","POUCH","8961014178296","460","1"
"6436","TIN","8964000101513","100","1"
"6437","TIN","8964000101506","100","1"
"716","PKT","8961014180527","50","1"
"536","PKT","8961014184471","175","1"
"563","PKT","8961014184495","175","1"
"792","PKT","8961014184532","210","1"
"792","PKT","8961014184556","210","1"
"647","PKT","8961014184655","175","1"
"679","Pc","8961014186444","280","1"
"680","Pc","8961014186079","90","1"
"640","PKT","8961014186369","280","1"
"680","Pc","8961014186451","90","1"
"1081","Pc","8961014189162","170","1"
"715","Pc","8961014189179","150","1"
"508","PKT","8961100021598","225","1"
"1217","POUCH","8961100285334","290","1"
"701","BOX","8961100286478","115","1"
"775","JAR","8961100310654","1200","1"
"776","JAR","8961100311156","730","1"
"743","Tin","8961100360376","1080","1"
"6436","CRATE","","1050","12"
"281","TIN","8961100500000","1510","1"
"279","TIN","8961100500017","2880","1"
"389","Pc","8964000578001","140","1"
"730","Pc","8961008211220","400","1"
"1260","Pc","8964000578520","130","1"
"126","Box","8964002756513","80","1"
"291","Box","8964002757251","80","1"
"122","Box","8964000681473","235","1"
"903","PKT","8964000682173","90","1"
"125","Box","8964002759309","315","1"
"635","Pkt","8964000682289","100","1"
"902","Pkt","8964000682470","90","1"
"547","Box","8964000682494","315","1"
"690","Box","8964000682784","80","1"
"973","BOX","8964000682821","310","1"
"636","Box","8964000683415","80","1"
"124","BOX","8964000683439","310","1"
"734","BOX","8964000683453","315","1"
"128","Box","8964002526819","230","1"
"1149","Pc","8964000749067","340","1"
"676","Pc","8964000833001","440","1"
"676","Pc","8964000833025","440","1"
"676","Pc","8964000833049","440","1"
"676","Pc","8964000833056","440","1"
"676","Pc","8964000833063","440","1"
"676","Pc","8964000833070","440","1"
"676","Pc","8964000833087","440","1"
"676","Pc","8964000833100","440","1"
"676","Pc","8964000833117","440","1"
"676","Pc","8964000833124","440","1"
"676","Pc","8964000833155","440","1"
"1191","PC","8964000843147","230","1"
"697","PC","8961008206530","230","1"
"329","Pc","8964000932025","160","1"
"1264","Pkt","8964001050032","1100","1"
"600","Pc","8964001082002","340","1"
"391","PC","8964001082026","160","1"
"873","BOTTLE","8966000005204","450","1"
"913","Pc","8993560024178","130","1"
"491","Pc","899432000005","50","1"
"557","BOTTLE","899916000316","180","1"
"878","CRATE","899916000613","1100","12"
"1096","Pc","8999999003074","460","1"
"1096","PC","8999999003081","460","1"
"1096","PC","8999999020354","460","1"
"1194","Pc","8999999706180","430","1"
"1182","Pc","8999999706449","130","1"
"1096","PC","8999999715045","460","1"
"1032","Pc","9200475720705","370","1"
"379","Pc","9200475721009","485","1"
"821","Pc","9200475730704","290","1"
"380","Pc","9200475731008","390","1"
"823","Pc","9200475760503","205","1"
"381","Pc","9200475761005","390","1"
"820","Pc","9200475780709","255","1"
"818","Pc","9200475781003","390","1"
"1175","Pc","9221501286811","70","1"
"324","Pc","9240548109914","330","1"
"388","Pc","8964001078142","130","1"
"555","BOTTLE","92420212","150","1"
"484","BOTTLE","9261335010503","130","1"
"497","PKT","13381","40","1"
"351","Pc","9556006000212","790","1"
"1030","PC","9556006000304","560","1"
"1030","PC","9556006001660","560","1"
"352","Pc","9556006014547","350","1"
"1031","PC","9556006060193","390","1"
"333","Pc","9556006060537","490","1"
"376","Pc","9647589257077","260","1"
"375","Pc","9647731951105","320","1"
"377","Pc","9647731957077","225","1"
"461","PKT","6281014441162","200","1"
"740","Pc","151973298090","320","1"
"3850","Pc","8999777000042","620","1"
"6437","CRATE","","1050","12"
"1275","Pc","8964000578612","210","1"
"1276","POUCH","8964000061121","650","1"
"1071","Pc","723872535202","90","1"
"1277","Pc","8964001024071","90","1"
"1279","POUCH","8961014002430","199","1"
"1286","TIN","4902705112070","2370","1"
"1282","TIN","4902705117259","5120","1"
"1281","TIN","4902705114746","5120","1"
"1284","TIN","4902705114739","2370","1"
"1285","TIN","4902705111998","2060","1"
"22115","Pump","3574661427737","1630","1"
"1287","TIN","4902705112551","2370","1"
"1288","TIN","4902705119048","2370","1"
"1283","TIN","4902705114654","2370","1"
"1280","TIN","4902705114722","5120","1"
"358","Pc","6291101525668","380","1"
"6411","Pc","678015070","2870","1"
"130","Box","8964002759361","310","1"
"1291","Pc","8850007011163","990","1"
"1143","Pc","11431","110","1"
"323","Pc","010219977888","320","1"
"314","BOTTLE","012000004070","250","1"
"461","PKT","014680100509","200","1"
"803","JAR","054529001055","640","1"
"443","Pc","8964000768938","70","1"
"345","Pc","10511","210","1"
"4","1kg","1111","310","1"
"169","Pc","11238300","300","1"
"1064","BOX","8964000938034","115","1"
"1042","Pc","121016801952","95","1"
"5","1kg","1211","300","1"
"462","Pc","8964000762974","80","1"
"477","PKT","8964001024941","430","1"
"485","BOTTLE","1320","135","1"
"459","PKT","1358946337964","210","1"
"507","PKT","1358946338404","190","1"
"570","Pc","1358946339876","100","1"
"1105","PKT","1358946343668","140","1"
"531","PC","6415008004167","160","1"
"544","1kg","14951","1000","1"
"740","Pc","1519739029897","320","1"
"579","1Kg","16791","150","1"
"583","BOTTLE","16844","290","1"
"1025","Pc","17000048","480","1"
"615","Pc","17821","580","1"
"616","Pc","17831","390","1"
"268","POUCH","1786111100653","540","1"
"282","BOTTLE","1786131070356","1850","1"
"591","BOTTLE","182039000111","280","1"
"592","BOTTLE","182039000203","170","1"
"634","POUCH","SHB1kg9271580001","520","1"
"557","CRATE","","960","6"
"659","Pc","6591","175","1"
"660","Pc","8961100002931","240","1"
"683","Pc","19678","170","1"
"693","POUCH","","480","1"
"708","Pc","6009679062443","410","1"
"1209","BOTTLE","21010729","2000","1"
"303","BOTTLE","21162534","690","1"
"1027","BOTTLE","21540714","490","1"
"1028","Pc","21540721","470","1"
"1074","Pc","4657223649989","75","1"
"980","BOX","8964000938041","115","1"
"933","Pc","8964000984017","590","1"
"555","BOTTLE","2500123845727","150","1"
"785","1kg","22511","330","1"
"32","TIN","8964002619177","1400","1"
"34","TIN","8964002619184","2750","1"
"1234","Pc","4015000280259","490","1"
"1234","Pc","4015000519953","490","1"
"168","Pc","4015400214496","415","1"
"165","PKT","4015400682578","1470","1"
"986","PKT","4015400682547","1470","1"
"165","PKT","4015400680819","1470","1"
"959","BOTTLE","4015600374778","1470","1"
"156","BOTTLE","4015600374808","1470","1"
"1106","Pc","4084500201248","175","1"
"1214","Pc","4084500201279","175","1"
"1227","Pc","4084500201347","160","1"
"164","POUCH","4084500377585","570","1"
"780","Pc","4102020100541","100","1"
"470","Pc","4205010100023","170","1"
"1097","Pc","42164104","560","1"
"1033","PKT","1000972005590","280","1"
"418","BOTTLE","8902656702685","990","1"
"1086","PKT","4800361002851","790","1"
"20554","TIN","9555419201759","1820","1"
"1131","PKT","4800361291446","1450","1"
"1130","PKT","4800361339360","380","1"
"1204","TIN","4800361385794","2850","1"
"1205","TIN","4800361427524","2850","1"
"355","Pc","4801010105206","490","1"
"336","Pc","4801010560500","220","1"
"204","Pc","4808888200033","120","1"
"1218","TIN","4902720087513","5850","1"
"1219","TIN","4902720087520","5850","1"
"1171","TIN","4902720087681","2710","1"
"1172","TIN","4902720087698","2710","1"
"1174","TIN","4902720090025","2580","1"
"1220","TIN","4902720101769","5850","1"
"1173","TIN","4902720101776","2710","1"
"927","PC","4987205000140","1890","1"
"950","BOTTLE","5011321360709","460","1"
"155","BOTTLE","5011321361195","780","1"
"949","BOTTLE","5011321390676","460","1"
"953","BOTTLE","5011321391284","780","1"
"951","BOTTLE","5011321525924","460","1"
"154","BOTTLE","5013965640476","460","1"
"952","BOTTLE","5013965919251","780","1"
"890","BOTTLE","5022496001946","390","1"
"877","JAR","5022496100113","730","1"
"809","BOTTLE","5022496100120","395","1"
"1049","Pc","5022496102001","570","1"
"876","Pc","6224000851859","730","1"
"572","BOTTLE","5022496103428","160","1"
"714","Pc","5022496103534","620","1"
"571","BOTTLE","5022496105002","310","1"
"265","PKT","5028217001288","215","1"
"1089","PKT","5028217000991","147","1"
"97","PKT","620514000879","330","1"
"104","Pc","620514000909","330","1"
"103","Pc","620514000930","75","1"
"100","Pkt","620514000978","135","1"
"99","Pkt","620514000985","265","1"
"77","Pkt","620514001029","115","1"
"76","PKT","620514001036","180","1"
"108","Pkt","620514001098","160","1"
"561","Pkt","620514001104","310","1"
"857","POUCH","620514001142","70","1"
"109","Pc","620514001166","60","1"
"86","Pkt","620514001500","135","1"
"106","PKT","620514001692","165","1"
"90","PKT","620514001753","145","1"
"416","PC","620514001807","180","1"
"428","BOTTLE","620514001814","190","1"
"800","JAR","620514001937","340","1"
"802","JAR","620514001944","520","1"
"801","JAR","620514001951","430","1"
"434","JAR","620514001975","340","1"
"1168","PKT","620514002637","180","1"
"1169","PKT","620514002651","180","1"
"414","BOTTLE","620514002712","230","1"
"415","BOTTLE","620514002729","130","1"
"85","Pkt","620514004044","145","1"
"603","Pkt","620514004082","135","1"
"88","PKT","620514004181","135","1"
"96","Pkt","620514004747","100","1"
"439","POUCH","620514006130","240","1"
"1166","PKT","620514006147","130","1"
"1167","PKT","620514006154","130","1"
"2807","POUCH","620514005836","390","1"
"1165","PKT","620514006161","130","1"
"796","POUCH","620514008530","240","1"
"1242","PKT","620514008691","120","1"
"111","Pkt","620514008745","280","1"
"119","PKT","620514008752","280","1"
"115","PKT","620514008776","280","1"
"113","PKT","620514008783","280","1"
"114","Pkt","620514008790","280","1"
"112","Pkt","620514008806","280","1"
"770","POUCH","620514008981","390","1"
"441","POUCH","620514009476","130","1"
"797","POUCH","620514009490","130","1"
"437","JAR","620514009728","320","1"
"535","Pkt","620514009766","145","1"
"118","Pkt","620514009773","145","1"
"84","PKT","620514009810","135","1"
"80","Pkt","620514009872","145","1"
"858","PKT","620514009889","280","1"
"1112","PC","6281006406322","780","1"
"1234","Pc","6281031246689","490","1"
"794","PKT","8901548310274","770","1"
"504","PKT","8901548310281","770","1"
"594","BOTTLE","6291069005226","340","1"
"875","JAR","6291069655117","730","1"
"889","BOTTLE","6291069208221","390","1"
"891","BOTTLE","6291069208245","410","1"
"757","BOTTLE","6291069651072","620","1"
"887","BOTTLE","6291069701067","380","1"
"756","BOTTLE","6291069709704","340","1"
"20277","Pc","7860458332541","670","1"
"735","BOTTLE","6291069709773","320","1"
"736","BOTTLE","6291069709780","510","1"
"1230","BOTTLE","6291069712117","410","1"
"362","Pc","6291101520106","105","1"
"360","Pc","6291101520137","275","1"
"359","Pc","6291101520151","300","1"
"449","Pc","6291101520373","155","1"
"568","Pc","6291101520397","150","1"
"445","Pc","6291101520458","210","1"
"9654","Pc","5010724506776","730","1"
"646","BOTTLE","6291101520526","130","1"
"779","BOTTLE","6291101520533","190","1"
"1213","BOTTLE","6291101520540","290","1"
"739","Pc","6291101520595","340","1"
"569","Pc","6291101522360","120","1"
"322","Pc","6291101522605","240","1"
"357","PC","6291101522636","355","1"
"446","Pc","6291101522728","195","1"
"1015","Pc","6291101522780","340","1"
"999","Pc","6291101522858","310","1"
"454","Pc","6291101522889","195","1"
"453","PC","6291101522896","340","1"
"270","BOTTLE","6297000027029","1820","1"
"271","TIN","6297000027081","1370","1"
"269","TIN","6297000027098","2950","1"
"274","TIN","6297000027234","1520","1"
"273","TIN","6297000027241","2950","1"
"272","POUCH","6297000027043","580","1"
"275","POUCH","6297000027197","568","1"
"1128","BOTTLE","6297000137100","290","1"
"869","PKT","633152001221","140","1"
"864","Pkt","633152001382","130","1"
"867","Pkt","633152014313","125","1"
"1107","PKT","633152014450","87","1"
"1113","JAR","633152014528","460","1"
"1119","JAR","633152014535","490","1"
"1120","PKT","633152015457","930","1"
"1122","PKT","633152015464","930","1"
"1121","PKT","633152015471","930","1"
"1234","Pc","6661031246689","490","1"
"916","PKT","671866149754","230","1"
"915","PKT","671866149839","210","1"
"570","PC","671866149990","100","1"
"1087","TIN","6890767821734","315","1"
"1023","BOTTLE","6890767829754","970","1"
"1197","BOTTLE","689076783279","690","1"
"645","Pc","689076783378","430","1"
"1210","JAR","6890767864786","690","1"
"1207","Pc","8961008207520","80","1"
"295","CTN","8961008008417","4260","12"
"239","Pc","8961014001266","99","1"
"897","Pc","8961014000672","99","1"
"240","Pc","8961014001228","70","1"
"900","Pc","8961014001259","70","1"
"898","Pc","8961014007787","125","1"
"1211","Pc","8961014001518","99","1"
"1223","Pc","8961014001525","125","1"
"1843","Pc","8961014015355","120","1"
"901","Pc","8961014006834","120","1"
"251","BOTTLE","8961014010688","395","1"
"1263","POUCH","8961014011067","2430","1"
"276","TIN","8961100500093","2960","1"
"278","BOTTLE","8961100500147","1830","1"
"886","BOTTLE","8961100500154","2730","1"
"762","TIN","8961100501311","2770","1"
"763","POUCH","8961100501328","546","1"
"761","TIN","8961100501359","2770","1"
"288","TIN","8964000006023","1480","1"
"287","TIN","8964000006030","2700","1"
"284","TIN","8964000006085","2850","1"
"286","BOTTLE","8964000006115","1800","1"
"289","BOTTLE","8964000006122","2950","1"
"726","CANE","8964000006139","5750","1"
"309","POUCH","8964000008003","1770","1"
"310","POUCH","8964000008027","880","1"
"311","PKT","8964000008102","380","1"
"312","PKT","8964000008119","135","1"
"1042","PC","8964000019009","95","1"
"720","PC","8964000019030","55","1"
"488","2Pc","8964000019115","130","1"
"629","Pc","8964000019221","470","1"
"487","Pc","8964000019320","110","1"
"487","Pc","8964000019337","110","1"
"1257","BOTTLE","8964000020180","170","1"
"1019","BOTTLE","8964000020296","200","1"
"1256","POUCH","8964000020340","130","1"
"798","POUCH","8964000020357","210","1"
"436","POUCH","8964000020364","390","1"
"1018","Balty","8964000020432","550","1"
"1057","BUNDLE","8964000021576","395","1"
"363","Pc","8964000024003","290","1"
"364","Pc","8964000024010","220","1"
"365","Pc","8964000024027","175","1"
"758","Pc","8964000024133","310","1"
"1003","Pc","8964000024157","310","1"
"817","Pc","8964000024164","365","1"
"1162","PKT","8964000039519","540","1"
"713","Pc","8964000043455","430","1"
"1100","Pc","8964000045459","310","1"
"339","JAR","8964000045466","200","1"
"338","JAR","8964000045473","320","1"
"14913","Pc","42131946","410","1"
"1040","JAR","8964000057025","165","1"
"682","JAR","8964000057032","500","1"
"426","JAR","8964000057124","1200","1"
"1144","BOTTLE","8964000057315","275","1"
"674","Pc","8964000057353","630","1"
"425","JAR","8964000057919","760","1"
"549","POUCH","8964000061107","170","1"
"550","POUCH","8964000061114","360","1"
"552","POUCH","8964000061534","310","1"
"551","POUCH","8964000061541","710","1"
"1020","JAR","8964000061701","690","1"
"1067","JAR","8964000061831","370","1"
"1068","BOTTLE","8964000061848","580","1"
"769","PKT","8964000064054","910","1"
"768","PKT","8964000064061","620","1"
"229","PKT","8964000064092","400","1"
"230","PKT","8964000064160","200","1"
"231","PKT","8964000064221","270","1"
"502","BOTTLE","8964000101704","120","1"
"581","BOTTLE","8964000121023","120","1"
"651","BOTTLE","8964000122105","450","1"
"784","BOTTLE","8964000122112","760","1"
"1225","BOTTLE","8964000122129","1360","1"
"929","Pc","8964000139202","190","1"
"931","Pc","8964000139226","190","1"
"1132","Pc","8964000139240","75","1"
"1259","Pc","8964000139288","95","1"
"981","Pc","8964000346334","540","1"
"719","JAR","8964000192009","590","1"
"351","PC","8964000220177","790","1"
"461","PKT","8964000237403","200","1"
"815","BOTTLE","8964000257104","190","1"
"814","Pc","8964000258804","390","1"
"558","Pc","8964000263174","100","1"
"442","PC","8964000279304","40","1"
"393","Pc","8964000346679","370","1"
"396","Pc","8964000346846","70","1"
"395","Pc","8964000346853","310","1"
"972","Pc","8964000381045","580","1"
"728","BOTTLE","8964000419618","2580","1"
"806","BOTTLE","8964000419632","1600","1"
"729","POUCH","8964000419731","550","1"
"1224","BOTTLE","8964000455210","1370","1"
"657","Pc","8964000462232","950","1"
"750","BOX","8964000498132","145","1"
"374","Pc","8964000515006","85","1"
"816","Pc","8964000515013","180","1"
"373","Pc","8964000515020","230","1"
"372","Pc","8964000515037","240","1"
"371","Pc","8964000515051","270","1"
"827","Pc","8964000515068","125","1"
"383","Pc","8964000515075","165","1"
"723","Pc","8964000515242","200","1"
"367","1Pc","8964000570173","175","1"
"826","Pc","8964000570180","155","1"
"366","1Pc","8964000570197","285","1"
"628","Pc","8964000571002","210","1"
"613","BOTTLE","8964000571033","125","1"
"1249","BOTTLE","8964000571057","340","1"
"1294","Pc","6028104400568","170","1"
"1295","Pc","6820406410616","155","1"
"1298","Pkt","788821002082","280","1"
"707","Pc","8964000983003","260","1"
"861","Pkt","788821152671","205","1"
"272","CTN","6297000027975","2900","5"
"275","CTN","6297000027982","2840","5"
"1235","Pc","8961100364916","130","1"
"1246","Pc","8901030490507","1160","1"
"1265","Pc","4987205000126","1890","1"
"1266","Pc","4987205000164","1890","1"
"1292","Pkt","8964001050025","1000","1"
"1293","Pkt","8964001050018","850","1"
"268","CTN","1786111030554","2700","5"
"1278","Pc","8964001026211","120","1"
"285","POUCH","8964000006054","570","1"
"1757","TIN","8961005100480","620","1"
"1047","PKT","6932065900954","150","1"
"1888","PKT","6415009004463","90","1"
"1890","POUCH","8886950012155","395","1"
"244","BOTTLE","8961014004267","440","1"
"1764","Pc","54731","280","1"
"1765","BOTTLE","022400393711","1480","1"
"1279","POUCH","8961014004021","199","1"
"1766","PKT","54761","390","1"
"1826","Pc","18261","380","1"
"1830","Pc","1056201","340","1"
"1831","Pc","10021","100","1"
"1832","Pc","10121","40","1"
"1833","Pc","10521","60","1"
"1834","1Pc","56261","360","1"
"1835","Pc","56271","220","1"
"1843","Pc","8961014006728","120","1"
"3318","Pc","6910289043640","130","1"
"1905","Pc","8964000024553","340","1"
"2238","Box","8961003564840","235","1"
"2239","BOTTLE","8906014765961","1030","1"
"2240","BOTTLE","8906014765947","210","1"
"2255","Pkt","8690742100780","2350","1"
"1527","Pc","8964000984161","190","1"
"2256","Pc","8888202035196","880","1"
"2256","Pc","8888202000675","880","1"
"2256","Pc","8888202054517","880","1"
"410","Pkt","","580","10"
"2258","Pc","8964000932254","160","1"
"2162","BOTTLE","5011321525955","780","1"
"1763","Pc","8964000043714","440","1"
"1262","POUCH","8961014236484","1610","1"
"953","BOTTLE","4015400992806","780","1"
"2261","BUNDLE","8961014007473","430","1"
"2264","BOTTLE","6291069715682","250","1"
"2266","Pc","4010202010529","120","1"
"2267","Pc","5110000296015","85","1"
"1047","PKT","6932065900893","150","1"
"1209","BOTTLE","8964001195023","2000","1"
"2271","BOTTLE","5011321360259","460","1"
"951","BOTTLE","5011321525801","460","1"
"154","BOTTLE","5011321986718","460","1"
"2273","Pc","5110000291324","80","1"
"2276","Pc","5110000271012","70","1"
"2277","Pc","5110000250017","60","1"
"2278","Pc","4102020100565","140","1"
"2279","Pc","8964000515198","180","1"
"2281","BOTTLE","8850006494899","685","1"
"1710","PATTA","695240204396","260","1"
"1710","PATTA","695240204402","260","1"
"2333","Pkt","620514020297","440","1"
"409","Pkt","","980","10"
"2215","Box","7622201748432","350","36"
"2297","Pc","4005808636723","1360","1"
"2082","Pc","8888202026859","580","1"
"2082","Pc","8888202035172","580","1"
"2336","Pc","8001673102406","240","1"
"2297","Pc","4005900296351","1360","1"
"2297","Pc","4005900326102","1360","1"
"155","BOTTLE","8001090394569","780","1"
"156","BOTTLE","8001090394590","1470","1"
"2342","Pc","7702018037896","1970","1"
"2343","BOTTLE","6001106298272","1570","1"
"2344","Pc","7702018516063","3180","1"
"2346","PKT","788821001276","280","1"
"186","Pc","6001106208424","430","1"
"187","Pc","8964000954515","720","1"
"2348","Pc","8717185380880","450","1"
"2351","Pc","107081","240","1"
"2256","Pc","8888202000682","880","1"
"2256","Pc","8888202045744","880","1"
"2069","Pc","6281031091708","290","1"
"2355","Pc","4201010100285","750","1"
"2356","Pc","4201010100292","950","1"
"2358","Pc","9310379400006","1800","1"
"2359","Pc","9310379420004","1800","1"
"2360","Pc","9310379440002","1800","1"
"2363","Pc","8999999053048","760","1"
"2366","Pc","3574660453157","940","1"
"2369","PKT","8001090153579","2600","1"
"2377","Pc","71251","210","1"
"2394","Pc","71431","675","1"
"2396","Pc","71451","310","1"
"1246","Pc","8901030693236","1160","1"
"2409","PKT","8001090251503","2600","1"
"2225","PKT","8001090154057","1470","1"
"2410","PKT","8001090153340","1530","1"
"2224","PKT","8001090154132","2600","1"
"355","Pc","3574660028096","490","1"
"2412","Pc","8992304015298","890","1"
"352","Pc","6223000650103","350","1"
"1765","BOTTLE","022400393650","1480","1"
"1271","Pc","8961014001976","75","1"
"2297","Pc","4005808282456","1360","1"
"1246","Pc","8901030547461","1160","1"
"1246","Pc","8901030547478","1160","1"
"2420","Pc","8964001076018","95","1"
"2421","Pc","5845542212222","170","1"
"2422","Pc","7979226082448","300","1"
"2424","JAR","60014399","280","1"
"2425","JAR","6001085121028","430","1"
"17424","Pc","174242","1960","1"
"2425","JAR","60018915","430","1"
"2295","Pc","8711600398382","695","1"
"2295","Pc","8711700806916","695","1"
"1071","Pc","0723872535202","90","1"
"2431","BOTTLE","8850006494752","390","1"
"2464","Pc","1073021","410","1"
"2465","Pc","24651","640","1"
"2466","Pc","24661","560","1"
"2480","Pc","73201","170","1"
"2481","Pc","73211","150","1"
"2482","Pc","73221","140","1"
"1291","Pc","3574660026955","990","1"
"2504","Pc","6971492671495","490","1"
"2512","Pc","73581","380","1"
"2523","Pc","73691","280","1"
"2526","Pc","73721","335","1"
"2527","Pc","25271","1470","1"
"2531","Box","25311","850","1"
"2536","Pc","1073821","260","1"
"2540","Pc","73861","490","1"
"2548","Pc","73941","1890","1"
"2545","Pc","1073911","360","1"
"2571","Pc","620514017396","380","1"
"2572","Pc","8802017220394","620","1"
"2573","Pc","25731","230","1"
"6458","BOTTLE","8964000749852","210","1"
"19171","Pc","8961102814068","540","1"
"2592","Pc","25921","330","1"
"2593","Pc","614614357148","70","1"
"2596","Pc","0736211117267","60","1"
"2611","Pc","74851","40","1"
"2616","Pc","74921","860","1"
"2213","Box","7622210730275","2750","24"
"2690","Pc","6907698016167","145","1"
"2700","BOTTLE","8901526102358","525","1"
"2702","BOTTLE","8901526103409","510","1"
"2704","BOTTLE","6291069709711","320","1"
"2706","Box","4902720125543","1180","1"
"2707","Pc","6281006479647","430","1"
"2707","Pc","6281006479760","430","1"
"2707","Pc","6281006479562","430","1"
"2707","Pc","6281006479524","430","1"
"2297","Pc","4005808919031","1360","1"
"1539","Pc","Pointer","35","1"
"6766","Box","8964001141136","135","1"
"2722","BOTTLE","8964000020098","280","1"
"2723","BOTTLE","8964000020197","300","1"
"324","Pc","8964001078586","330","1"
"1186","Pc","6923289308183","220","1"
"277","POUCH","8961100502813","588","1"
"17853","Pc","9555617300155","250","1"
"2728","Pc","8964000932155","340","1"
"1583","Box","671866149884","160","1"
"2734","Pc","671866150071","125","1"
"2746","Pc","6924429879129","110","1"
"2761","Pc","27611","625","1"
"2765","Pc","27651","680","1"
"2766","Pc","1076841","480","1"
"2767","Pc","8964000640203","430","1"
"2771","Pc","76891","480","1"
"2774","Pc","76921","330","1"
"2778","Pc","76961","370","1"
"2793","Pc","1077161","150","1"
"994","Pc","695240104443","70","1"
"2805","Pkt","8964000043660","620","1"
"2804","Pkt","8964000043653","620","1"
"2803","PKT","8964000043813","320","1"
"2802","PKT","8964000043806","320","1"
"1152","BOTTLE","8901030573484","880","1"
"614","POUCH","8961014011616","80","1"
"2773","Pc","1076911","90","1"
"253","BOTTLE","8961014005004","240","1"
"2808","BOTTLE","8850006494783","680","1"
"1286","TIN","4902705127074","2370","1"
"1283","TIN","4902705126954","2370","1"
"1280","TIN","4902705126961","5120","1"
"2815","Pc","8961100023370","40","1"
"2223","PKT","8001090154170","2600","1"
"2817","Pkt","788821152770","150","1"
"2818","Pkt","788821150387","137","1"
"2825","Pc","8712561610438","590","1"
"2829","Pc","8999999710866","260","1"
"2831","Pc","8999777867249","730","1"
"2069","Pc","6281031245460","290","1"
"2833","Pc","8065223432559","660","1"
"2834","Pc","8992222054539","720","1"
"2834","Pc","8992222054553","720","1"
"2834","Pc","8992222054591","720","1"
"2834","Pc","8992222054515","720","1"
"2835","Pc","8999999053079","770","1"
"2836","Pc","8999999053062","760","1"
"2837","Pc","8888202024558","350","1"
"2837","Pc","8888202024633","350","1"
"2838","Pc","8999999001988","690","1"
"1234","Pc","6281031243534","490","1"
"1234","Pc","4015000280211","490","1"
"2844","Pc","8992304019524","760","1"
"2846","Pc","067238891190","390","1"
"2069","Pc","6281031256848","290","1"
"2069","Pc","6281031247747","290","1"
"2082","Pc","8992856896789","580","1"
"2082","Pc","8992856896772","580","1"
"2082","Pc","8992856896765","580","1"
"2825","Pc","8712561645256","590","1"
"2825","Pc","8712561652445","590","1"
"2825","Pc","8712561630764","590","1"
"2825","Pc","8710908463204","590","1"
"1336","Pc","8964000462294","950","1"
"2850","Pkt","1358946349912","145","1"
"2851","TIN","8852849142579","570","1"
"2854","TIN","6954563422325","310","1"
"2857","JAR","107860","180","1"
"2858","Pc","28581","160","1"
"2859","Pc","28591","200","1"
"2860","Pc","107863","190","1"
"2861","Pc","107864","170","1"
"2864","Pc","1078691","330","1"
"2866","Pc","78711","440","1"
"2899","Pc","4101010100370","80","1"
"2901","Pc","4202010100107","460","1"
"2902","Pc","8692641007276","695","1"
"2903","Pc","1079241","1390","1"
"3148","Pc","2000000296722","160","1"
"471","Pc","4203010100111","110","1"
"244","BOTTLE","8961014009354","440","1"
"225","POUCH","8961008209517","1150","1"
"243","BOTTLE","8961014009361","740","1"
"3155","Pc","021200510038","290","1"
"647","Pkt","8961014008395","175","1"
"3160","Pc","8964000833612","300","1"
"3160","Pc","8964000834756","300","1"
"3160","Pc","8964000833605","300","1"
"3173","Pc","1084661","1260","1"
"3179","Pc","31791","720","1"
"3186","Pc","6921211105268","160","1"
"3186","Pc","8990800000015","160","1"
"3186","Pc","8990800000992","160","1"
"3203","Pc","84981","330","1"
"3220","Pc","85171","930","1"
"3221","Pc","8964000932179","140","1"
"3221","Pc","8964000371817","140","1"
"3222","BOTTLE","8934868084686","395","1"
"3223","Pc","8964000505434","160","1"
"3225","Pc","8964000258514","230","1"
"3227","Pc","0723872535318","80","1"
"751","Pc","7512","230","1"
"2067","Pc","5025970023236","1520","1"
"3237","Pc","8991102024150","160","1"
"3239","Pc","6931428200304","160","1"
"226","POUCH","8961008209609","540","1"
"880","BOTTLE","8961014003215","365","1"
"3245","Pc","8964000816622","110","1"
"2919","Pc","6001067020714","440","1"
"1234","Pc","6281031256589","490","1"
"1234","Pc","6281031246702","490","1"
"1234","Pc","4015000995139","490","1"
"1234","Pc","4015000536745","490","1"
"1234","Pc","6281031256527","490","1"
"1663","Pc","4005900249463","660","1"
"1663","Pc","4005900371584","660","1"
"1663","Pc","4005808307067","660","1"
"1663","Pc","42236474","660","1"
"1663","Pc","4005900242174","660","1"
"2067","Pc","5025970023250","1520","1"
"3235","Pc","9556006012093","690","1"
"3236","Pc","9556006012086","390","1"
"194","Pc","8886950051178","320","1"
"214","POUCH","8886950011400","1035","1"
"222","PKT","8961008210537","860","1"
"348","Pc","8961100022533","140","1"
"1997","BUNDLE","8001090508027","510","1"
"3249","Pc","8904006305584","1120","1"
"3249","Pc","8904006305621","1120","1"
"3249","Pc","8904006305607","1120","1"
"3249","Pc","8904006305638","1120","1"
"900","Pc","8961014007718","70","1"
"240","Pc","8961014007701","70","1"
"3250","Pc","671866150064","65","1"
"3251","Pc","32511","1370","1"
"3252","Pc","32521","680","1"
"1995","BUNDLE","8001090507990","510","1"
"3257","CRATE","","1300","12"
"1745","Pkt","620514006178","130","1"
"239","Pc","8961014007749","99","1"
"897","Pc","8961014007763","99","1"
"3264","Pc","1086341","70","1"
"3267","BOTTLE","8961014004991","240","1"
"3268","TIN","8961006583831","290","1"
"3269","Pc","8964000749463","220","1"
"6308","Box","63081","760","1"
"6440","Pc","4902430648356","390","1"
"3273","Pc","32731","1130","1"
"3277","Pc","8964000954454","240","1"
"3278","POUCH","815096002278","870","1"
"3281","Pc","7891024124826","680","1"
"3282","POUCH","8964000061169","80","1"
"3283","JAR","8961005060173","470","1"
"3284","JAR","8961005060197","440","1"
"3285","JAR","8961005060180","470","1"
"6442","Pc","6291107670010","490","1"
"3286","Pc","4987205931215","1890","1"
"3288","TIN","8964000577066","760","1"
"3296","Pc","8964000736234","165","1"
"3307","Pc","5907747205963","530","1"
"3307","Pc","5907747205949","530","1"
"3307","Pc","5907747205932","530","1"
"3308","Pkt","3575253739467","150","1"
"3309","Pc","87071","590","1"
"369","Pc","8964000572542","150","1"
"3317","Pc","1087251","30","1"
"3322","BOTTLE","8961014009415","440","1"
"3324","Pc","8901030827396","320","1"
"3325","Pkt","671866149938","140","1"
"3328","Pc","87441","40","1"
"3329","Pc","33291","190","1"
"3334","Pc","87531","150","1"
"3339","BOTTLE","3610340204395","510","1"
"3340","BOTTLE","3610340204449","890","1"
"1881","Pc","8964001174776","920","1"
"3342","Pc","1087641","290","1"
"195","Pc","8886950051161","220","1"
"3359","Bag","8966000028302","755","1"
"1377","Pkt","8964000730027","220","1"
"3364","Pkt","671866149891","155","1"
"1390","Pc","6068357302356","320","1"
"256","Pc","8961014009811","75","1"
"1310","Pkt","8961014008425","175","1"
"3267","BOTTLE","8934868084679","240","1"
"3369","Box","8961003011740","90","1"
"1279","POUCH","8961014009910","199","1"
"1625","Pc","8886950050119","65","1"
"1624","Pc","8886950054049","210","1"
"3371","BOTTLE","8961102067068","260","1"
"1284","TIN","4902705127050","2370","1"
"1281","TIN","4902705127067","5120","1"
"1285","TIN","4902705127142","2060","1"
"1657","BOTTLE","8999999036584","580","1"
"1657","BOTTLE","8999999043698","580","1"
"3355","Pc","6931428233128","160","1"
"2707","Pc","6281006480933","430","1"
"3357","BOTTLE","8964000932148","300","1"
"279","TIN","8961100503100","2880","1"
"1663","Pc","4005808532452","660","1"
"1663","Pc","4005808816118","660","1"
"6442","Pc","6291107670041","490","1"
"6442","Pc","6291107670102","490","1"
"1302","Box","8964000976623","145","1"
"3412","Pc","1088891","340","1"
"583","BOTTLE","6164003394017","290","1"
"1645","BOTTLE","8901030025297","740","1"
"1096","Pc","8999999045562","460","1"
"1112","Pc","8999999020293","780","1"
"1112","Pc","8999999003050","780","1"
"1112","Pc","8999999003098","780","1"
"2934","BOTTLE","5012254060735","880","1"
"2934","BOTTLE","5012254061190","880","1"
"1152","BOTTLE","8901030601934","880","1"
"3423","Pkt","815096000908","250","1"
"3424","POUCH","620514013220","595","1"
"3425","POUCH","620514013213","340","1"
"3426","POUCH","620514013206","185","1"
"3428","Pkt","8964003197315","185","1"
"3418","Pc","8961005716452","49","1"
"3420","BOTTLE","8961014009439","395","1"
"3421","BOTTLE","8961014009422","740","1"
"221","Pkt","8961008210490","450","1"
"350","BOTTLE","8410207100052","840","1"
"2943","Pc","025929202410","1770","1"
"2943","Pc","025929121407","1770","1"
"2943","Pc","025929129403","1770","1"
"3434","POUCH","8964000021934","130","1"
"3437","Pc","3610340222399","860","1"
"3439","Pc","3600540816108","980","1"
"3440","BOTTLE","3610340204494","525","1"
"3454","Pkt","695240211851","280","1"
"1288","TIN","4902705127104","2370","1"
"2423","Pc","3700082500395","695","1"
"1540","Pc","43742","20","1"
"3471","Pc","3600540961495","950","1"
"3472","Pc","614514140017","2140","1"
"3490","Pc","8886950072487","90","1"
"3491","POUCH","8964000885475","190","1"
"3493","Pc","8964000919934","95","1"
"3493","CTN","","2430","27"
"3500","Pc","8964000024560","175","1"
"3502","Pc","35021","220","1"
"3503","Pc","6910289202184","345","1"
"2297","Pc","4005900022639","1360","1"
"3509","Pc","1090481","2270","1"
"1246","Pc","8901030490491","1160","1"
"3474","Pc","90001","580","1"
"3484","Pc","8886467049521","1020","1"
"3485","Pc","859581006747","1430","1"
"6041","TIN","8961100503117","1450","1"
"3510","Pc","1090491","1620","1"
"3511","Pc","1090561","1370","1"
"3512","Box","35121","790","1"
"3515","Pc","90751","620","1"
"3517","Box","90771","790","1"
"220","Pkt","8961008210506","860","1"
"223","Pkt","8961008210520","450","1"
"2936","Pc","8964000749500","720","1"
"3542","Pc","8961014003505","50","1"
"3544","Pc","35441","670","1"
"2295","Pc","8717163411216","695","1"
"2295","Pc","8712561387002","695","1"
"3545","Pc","6001087357043","1530","1"
"3545","Pc","6001087357050","1530","1"
"3545","Pc","6001087357067","1530","1"
"2297","Pc","4005808701476","1360","1"
"2297","Pc","4005808247165","1360","1"
"3547","Pc","8934839122485","445","1"
"3548","Pc","6001087005654","940","1"
"3548","Pc","6001087005647","940","1"
"612","BOTTLE","8964000572511","195","1"
"3551","POUCH","8964003197339","130","1"
"3552","POUCH","8964003197292","130","1"
"3553","POUCH","8964003197155","130","1"
"3554","Pc","48031837","310","1"
"3554","Pc","48038355","310","1"
"3555","Pc","8964000578858","230","1"
"3556","Pc","8964000578865","130","1"
"2297","Pc","4005808278268","1360","1"
"3565","Pc","4005808166190","1170","1"
"3566","Pc","009200475502","215","1"
"3567","Pc","9204757321000","460","1"
"623","Pc","695240103002","70","1"
"3569","Pc","695240209926","90","1"
"3578","JAR","42333364","680","1"
"3580","POUCH","8964000822159","280","1"
"3581","POUCH","8964000822029","400","1"
"3583","POUCH","8964000822111","280","1"
"3584","POUCH","8964000822005","280","1"
"3585","Box","8961100280421","460","12"
"3585","Pc","8961100283774","40","1"
"3586","Box","769503781365","170","1"
"3587","Box","8961100284610","170","1"
"3588","Box","8961100286294","170","1"
"3591","Pc","8992730002992","100","1"
"3592","Pc","8901058001600","110","1"
"3594","Pc","91831","770","1"
"3596","Pc","91851","870","1"
"5779","POUCH","8964000822074","350","1"
"5780","POUCH","8964000822012","360","1"
"3609","Pc","92011","175","1"
"3616","Pc","92081","110","1"
"3642","Box","36421","380","1"
"3654","Pc","92471","750","1"
"3655","Pc","92481","220","1"
"3658","Pc","8964000640746","280","1"
"3661","Pc","1092541","980","1"
"3669","Pc","36691","990","1"
"3670","Pc","36701","790","1"
"2297","Pc","4005808093069","1360","1"
"3681","Pc","92761","480","1"
"3728","Pc","8964000258620","270","1"
"3729","Pkt","5028217002742","147","1"
"670","Pkt","8964000345078","470","1"
"3731","Pc","93441","410","1"
"3732","Pc","5907747206359","380","1"
"3734","Pkt","788821150929","145","1"
"3736","Pc","37361","820","1"
"3741","Pc","37411","590","1"
"235","POUCH","8961014013726","199","1"
"1663","Pc","42299837","660","1"
"1234","Pc","4015000537605","490","1"
"3761","Pc","9884747841475","290","1"
"1098","Pc","8853976004358","170","1"
"3763","Pc","6941057402383","1470","1"
"3764","Pc","1093871","190","1"
"3765","Pc","6945442200943","110","1"
"1006","Pc","8964001764021","300","1"
"278","BOTTLE","8961100503131","1830","1"
"3709","Pc","93041","330","1"
"30","JAR","9556001249128","900","1"
"3714","Pc","3610340017926","950","1"
"3276","Pc","6001106309534","240","1"
"3277","Pc","6001106309510","240","1"
"3717","Pc","6001106309503","485","1"
"3718","Pc","6001106309527","485","1"
"6044","Pc","6297000713687","340","1"
"5982","Pc","8964000139080","290","1"
"3722","JAR","8964000735138","570","1"
"195","Pc","8886950051239","220","1"
"3792","TIN","9556092109288","150","1"
"6442","Pc","6291107670072","490","1"
"3798","Pc","6009679062467","1060","1"
"3800","Pc","3014260821234","180","1"
"804","POUCH","8961014013740","199","1"
"1056","Pc","4828087390274","70","1"
"3809","Pc","0736211117069","40","1"
"3813","JAR","788821001177","560","1"
"3814","JAR","788821001160","590","1"
"3815","JAR","788821001184","540","1"
"3816","Pkt","788821062192","225","1"
"3819","Pc","8964000043158","220","1"
"3820","Pc","8964000043677","290","1"
"3821","Pc","8964000043899","415","1"
"3823","TIN","4800361398565","5700","1"
"3307","Pc","5907747205970","530","1"
"3307","Pc","5907747205956","530","1"
"2919","Pc","6001067025122","440","1"
"2919","Pc","6001067003366","440","1"
"3548","Pc","6001087005661","940","1"
"3851","Pc","8992304034534","1390","1"
"3851","Pc","8992304032431","1390","1"
"3852","JAR","6028195001354","350","1"
"1279","POUCH","8961014013733","199","1"
"3855","POUCH","8961100420155","700","1"
"1106","Pc","8001090573162","175","1"
"3857","Pc","8964000749128","385","1"
"3858","Pc","8964000749425","330","1"
"3859","Pc","8964000749449","225","1"
"3363","JAR","8961005030435","220","1"
"3864","Pc","38641","210","1"
"6442","Pc","6291107670126","490","1"
"3872","Pc","8964000024119","200","1"
"3876","Pc","95551","380","1"
"1128","BOTTLE","6297000137124","290","1"
"1128","BOTTLE","6297000137117","290","1"
"1128","BOTTLE","6291106710632","290","1"
"1128","BOTTLE","6291106710625","290","1"
"1128","BOTTLE","6291106710618","290","1"
"510","Pkt","8961003581007","100","1"
"2356","Pc","8964001492269","950","1"
"465","Pc","8964001492177","210","1"
"3893","Pkt","8961008210155","1480","1"
"3894","Pc","95901","130","1"
"3896","BOTTLE","95941","50","1"
"838","Pkt","788821012418","135","1"
"840","Pkt","788821012388","145","1"
"836","Pkt","788821012425","145","1"
"851","Pkt","788821012401","135","1"
"303","BOTTLE","8964002809172","690","1"
"837","Pkt","788821012395","135","1"
"3900","Pc","6903379000531","250","1"
"3916","Pc","6291007500844","270","1"
"3916","Pc","6291007500332","270","1"
"3917","Pc","6291007500547","165","1"
"3917","Pc","6291007500387","165","1"
"4016","POUCH","8964003197322","130","1"
"2718","Pc","8961100310005","145","1"
"638","Pkt","043297013285","160","1"
"4018","Pc","1097241","130","1"
"4023","Pc","8964000961131","220","1"
"4024","Pc","8964000961155","220","1"
"4027","Pkt","8961008235424","740","1"
"4028","Pkt","8961008223230","1480","1"
"4031","BOTTLE","8961014037296","1140","1"
"4032","BOTTLE","8961014011937","2380","1"
"31","JAR","9556001249142","1750","1"
"2942","TIN","8710428022073","4520","1"
"4095","JAR","8901233026626","1250","1"
"4096","JAR","7622201423155","2120","1"
"1332","Pc","8961014012507","195","1"
"4106","Pc","9310379460000","1800","1"
"4329","BOTTLE","8961008210759","50","1"
"1716","BOTTLE","3610340184611","890","1"
"2946","Pc","4035773135402","990","1"
"2946","Pc","5017101051447","990","1"
"6442","Pc","6291107670065","490","1"
"6442","Pc","6291107670096","490","1"
"4111","Pc","5414666002288","1880","1"
"2366","Pc","3574660421149","940","1"
"4112","Pc","8999777000059","1070","1"
"2944","BOTTLE","3574661343297","690","1"
"2944","BOTTLE","3574661276496","690","1"
"5781","POUCH","8964000822142","340","1"
"5782","POUCH","8964000825365","120","1"
"4114","JAR","305210014008","1480","1"
"4115","JAR","40883007","1390","1"
"2943","Pc","025929120967","1770","1"
"2943","Pc","025929129700","1770","1"
"2943","Pc","025929121704","1770","1"
"4119","Pc","8964001492160","200","1"
"1917","Pc","8961100360024","40","1"
"4123","Box","41231","645","1"
"4229","Pc","99971","145","1"
"4246","Pc","8964000019436","200","1"
"4250","Pc","8964000019559","295","1"
"4251","Box","00211","560","1"
"4252","pcd","00231","465","1"
"4262","Pc","00361","500","1"
"4267","Pc","00411","440","1"
"4268","Pc","00421","160","1"
"4178","Pc","9940","120","1"
"4277","Pkt","8964001050957","180","1"
"4278","Pc","8964000639023","370","1"
"4295","Pc","42951","590","1"
"4296","Pkt","42961","480","1"
"1416","BOTTLE","3610340184536","890","1"
"964","BOTTLE","3610340184598","480","1"
"8145","Pc","8964001276975","240","1"
"4301","Pc","723872535219","65","1"
"3585","Pc","8961100283804","40","1"
"4316","Pc","3574661104041","590","1"
"1234","Pc","4015000280372","490","1"
"4157","Box","99191","350","1"
"4177","Pc","41771","240","1"
"4335","Pc","8964000505861","390","1"
"750","Box","8964000976777","145","1"
"281","TIN","8961100503094","1510","1"
"197","Pc","8886950051208","70","1"
"886","BOTTLE","8961100503148","2730","1"
"276","TIN","8961100503124","2960","1"
"4289","Bag","4902430508339","840","1"
"4290","Pc","6931078931528","200","1"
"1867","JAR","8850086211003","890","1"
"4291","POUCH","8992696418936","320","1"
"4294","Box","42941","490","1"
"4247","Pc","8964000019061","170","1"
"2053","Pc","8964000019412","170","1"
"4319","Pkt","3570018726430","270","1"
"4320","Pkt","135894634540","550","1"
"4321","Pkt","135894634243","175","1"
"4322","Pkt","3577875121101","140","1"
"4323","SACHET","2019050786114","80","1"
"4324","Pc","6028104406126","120","1"
"468","Pc","8964001492191","270","1"
"464","Pc","8964001492207","160","1"
"4325","Pkt","8964001050346","1300","1"
"4326","Pc","8964000749098","345","1"
"4327","BOTTLE","6068357303834","470","1"
"4329","BOTTLE","8961008210766","50","1"
"4329","BOTTLE","8961008212265","50","1"
"4331","TIN","8886451008077","6800","1"
"4332","Pc","8906014765251","1640","1"
"4333","Pc","8901248257329","490","1"
"4334","Pc","1346452376652","20","1"
"2704","BOTTLE","6291069705355","320","1"
"2901","Pc","8964001492375","460","1"
"1302","Box","8964000976784","145","1"
"2702","BOTTLE","3610340184512","510","1"
"280","CTN","8961100502806","2920","5"
"4353","Pc","01661","340","1"
"4364","JAR","6901118920638","520","1"
"4364","JAR","6901118920645","520","1"
"4365","JAR","42092698","830","1"
"4366","JAR","4023300850201","2590","1"
"4372","Pc","01971","170","1"
"4373","Pc","01981","140","1"
"4388","Pc","02131","270","1"
"4389","Pc","02141","370","1"
"4391","Pc","02161","410","1"
"4392","Pc","02181","225","1"
"4397","Pc","02231","160","1"
"4398","Pc","02241","120","1"
"4402","Pc","02291","290","1"
"4404","Pc","1102311","415","1"
"4414","Pc","44141","1730","1"
"4451","Pc","614514480137","2950","1"
"706","BOTTLE","3610340184550","510","1"
"4454","Pkt","788821151261","145","1"
"4455","Pkt","3577875120463","100","1"
"282","BOTTLE","1786121070359","1850","1"
"4456","TIN","8961014003604","4750","1"
"3855","POUCH","7622210844323","700","1"
"4458","Pkt","5028217001950","147","1"
"1633","BOTTLE","041167620212","390","1"
"4460","Pc","02981","790","1"
"4461","Pc","6291069724820","320","1"
"4462","Pkt","8961008237695","2950","1"
"1277","Pc","8964001025603","90","1"
"1540","Pkt","695240208448","190","10"
"1112","Pc","6001087357265","780","1"
"4800","BOTTLE","8961014012743","460","1"
"4806","Pc","07631","260","1"
"4817","Pc","07741","1690","1"
"22210","POUCH","8961103503701","630","1"
"4464","Pkt","1358946345716","190","1"
"6442","Pc","6291107670089","490","1"
"4465","Pc","6291069208238","700","1"
"4466","Pc","5022496103466","670","1"
"4467","Pc","6291069701272","700","1"
"19511","Pc","5011417588574","770","1"
"2943","Pc","025929129434","1770","1"
"1423","Pc","8961008202150","80","1"
"4471","Box","8961003583001","175","1"
"4473","Pc","9647452325049","320","1"
"4474","Box","8961100289325","290","12"
"4474","Pc","8961100289318","25","1"
"4477","Pc","03241","940","1"
"1659","BOTTLE","8901030025280","510","1"
"1867","JAR","8850086111006","890","1"
"447","Pc","8961100001408","180","1"
"1482","Pc","7622202020216","30","1"
"20104","Pc","8717185380903","450","1"
"4478","Pkt","6928394905128","130","1"
"4478","Pkt","6924429874483","130","1"
"1355","BOTTLE","6291069704037","580","1"
"1262","POUCH","8961014003543","1610","1"
"4481","Pc","44811","1090","1"
"4483","Box","8961003582004","290","1"
"4484","Pkt","8961008211015","2350","1"
"2298","SACHET","8961008203058","80","1"
"1710","PATTA","695240208028","260","1"
"4486","Pkt","8961008210162","2950","1"
"4500","POUCH","03631","190","1"
"1710","PATTA","695240207991","260","1"
"1710","PATTA","695240208004","260","1"
"1710","PATTA","695240208011","260","1"
"6442","Pc","6291107670058","490","1"
"4508","Pc","3610340080081","880","1"
"2768","Pc","8964000640579","560","1"
"4510","Pc","8964000640197","480","1"
"4511","Pc","8964000640760","530","1"
"4512","Pc","8964000639795","460","1"
"4518","Pc","1103841","1230","1"
"4519","Pc","1103851","1440","1"
"4520","Pc","1103861","340","1"
"4521","Pc","45211","1430","1"
"4522","Pc","8964000640883","490","1"
"4523","Pkt","8964000639689","385","1"
"4524","Pc","8964000639351","270","1"
"2759","Pc","1076772","1780","1"
"4525","Pc","8964000640517","210","1"
"4526","Pc","45261","440","1"
"1710","PATTA","695240208271","260","1"
"4528","Pc","1103941","280","1"
"4529","Pc","8964000640784","360","1"
"4535","Pc","1104011","485","1"
"2384","Pc","23842","530","1"
"4541","Pc","8964000638019","520","1"
"661","SACHET","8961008210513","48","1"
"662","SACHET","8961008210544","48","1"
"4544","POUCH","45441","870","1"
"4545","Pc","45451","890","1"
"4546","Pc","45461","960","1"
"4547","Pc","45471","1540","1"
"4556","Pc","5000159439480","580","1"
"4557","Box","038000245534","980","1"
"4558","Pc","04411","1595","1"
"4559","Pc","04421","1795","1"
"4561","Pc","04491","465","1"
"4562","Pc","04501","375","1"
"4565","Pkt","8964000021583","230","1"
"2946","Pc","5014697027665","990","1"
"4566","Pkt","04601","350","1"
"4567","Pc","8964000257005","220","1"
"4581","Pc","04821","140","1"
"2167","POUCH","8961008210810","2450","1"
"4610","TIN","8886451008602","6800","1"
"4611","TIN","8886451008619","6800","1"
"2834","Pc","8992222055093","720","1"
"2069","Pc","6281031255186","290","1"
"2069","Pc","6281031091210","290","1"
"4647","Pc","05571","1160","1"
"4648","Pc","49592290","100","1"
"4291","POUCH","8992696417250","320","1"
"4654","Pc","05641","290","1"
"4655","Pc","05651","295","1"
"4677","Pc","1105881","1320","1"
"4678","Pc","46781","1540","1"
"4680","Pc","46801","1820","1"
"4682","Pc","46821","1580","1"
"4683","Pc","46831","1860","1"
"4688","Pc","46881","270","1"
"4689","Pc","46891","360","1"
"4693","Pc","8961006010115","570","1"
"4694","Pc","9562147259013","240","1"
"4694","Pc","9562147259020","240","1"
"225","POUCH","8961008210827","1150","1"
"664","BUNDLE","8961014013467","340","1"
"4068","Pkt","40682","940","1"
"4696","Pc","46961","490","1"
"3947","Pkt","8964000901694","695","1"
"4706","Pc","6951850402107","190","1"
"4707","Pc","6900005882172","670","1"
"4710","Pkt","8963920320318","230","1"
"4713","Box","742761776953","120","1"
"4714","Pc","47141","530","1"
"6252","Box","8964000064641","940","1"
"4715","Pkt","47151","60","1"
"4719","Pc","6957125001051","530","1"
"1785","Pkt","3576677722509","145","1"
"4721","Pc","8964001492450","290","1"
"226","POUCH","8961008211633","540","1"
"466","Pc","8964001492429","130","1"
"471","Pc","8964001492382","110","1"
"470","Pc","8964001492443","170","1"
"792","Pkt","8961014009828","210","1"
"725","Pc","8961008211275","400","1"
"676","Pc","8964000834978","440","1"
"676","Pc","8964000833490","440","1"
"676","Pc","8964000834985","440","1"
"4724","Pc","8886950057026","345","1"
"4725","Pc","8886950057064","345","1"
"4726","Pc","8886950057071","485","1"
"1137","Pc","8961008211282","95","1"
"3249","Pc","8904006306192","1120","1"
"3249","Pc","8904006306215","1120","1"
"1025","Pc","37000066","480","1"
"4730","Pc","8964001195122","330","1"
"4749","ROLL","6261178017076","110","1"
"2099","Pc","63914","140","1"
"18772","Pc","6390902033362","640","1"
"4754","Pc","06811","425","1"
"3258","Pc","elfy","30","1"
"3186","Pc","87108538","160","1"
"4788","Pc","07311","925","1"
"1195","Pc","8964000047200","490","1"
"4792","Bag","","900","1"
"4793","Bag","Qadria","1200","1"
"1017","POUCH","8961014014846","460","1"
"4827","Pc","48271","830","1"
"1192","BOTTLE","3610340184574","890","1"
"4831","BOTTLE","3610340184413","890","1"
"4832","Pc","3610340030529","980","1"
"2834","Pc","8992222054577","720","1"
"4844","Pc","08021","130","1"
"4845","POUCH","08031","200","1"
"3900","Pc","9200475782864","250","1"
"2082","Pc","8888202018182","580","1"
"4855","Pc","8888202067371","225","1"
"352","Pc","8991111102603","350","1"
"4856","Pc","4800888113566","215","1"
"1614","BOTTLE","041167603307","710","1"
"4858","Pc","079400649492","1090","1"
"2824","Pc","8888202061249","690","1"
"4860","Pc","8886467071003","170","1"
"4863","BOTTLE","041167603208","390","1"
"4864","BOTTLE","041167602201","710","1"
"4872","Pc","8964000057407","150","1"
"4885","POUCH","8964000097755","650","1"
"4885","CTN","8964000097762","3250","5"
"4894","Box","8965310053141","235","1"
"4895","TIN","8961014003598","2950","1"
"4897","Pc","8964000749791","370","1"
"898","Pc","8961014013078","125","1"
"4899","Pc","8964000019177","85","1"
"4901","Pc","4607065001490","590","1"
"4902","Pc","50173686","220","1"
"6555","POUCH","4891228430122","1440","1"
"4910","Pc","09181","200","1"
"515","Box","8961003542015","235","1"
"4921","Pc","8964000640555","280","1"
"4923","Pc","1109311","190","1"
"4924","Pc","1109321","160","1"
"4925","Pc","09331","730","1"
"4926","Pc","09341","750","1"
"4937","Pc","8964002547081","490","1"
"4938","Pc","8964002547456","590","1"
"4955","Pc","9647457925046","320","1"
"4959","POUCH","8964000241400","130","1"
"4961","JAR","5760466738088","740","1"
"701","Box","8961101780135","115","1"
"4963","Pc","3572457722509","140","1"
"3082","Pc","695240101381","50","1"
"3082","Pc","695240101404","50","1"
"2946","Pc","4035773100608","990","1"
"2946","Pc","4035773100400","990","1"
"4966","Pc","6297000669335","690","1"
"4966","Pc","6297000669373","690","1"
"4966","Pc","6297000442181","690","1"
"4966","Pc","6297000669281","690","1"
"4074","Pkt","40741","680","1"
"4966","Pc","6297000442174","690","1"
"4966","Pc","6297000669236","690","1"
"19648","Pc","3360377022928","18500","1"
"4966","Pc","6297000669342","690","1"
"4966","Pc","6297000669359","690","1"
"4966","Pc","6297000669366","690","1"
"4966","Pc","6297000442167","690","1"
"4966","Pc","6297000669298","690","1"
"4966","Pc","6297000669229","690","1"
"4969","Pc","6985230619519","510","1"
"1211","Pc","8961014013139","99","1"
"4974","Pc","8961014015362","150","1"
"4975","Pc","8961014015317","120","1"
"4976","Pc","8961014015324","150","1"
"4977","Pc","8961014015348","150","1"
"4978","Pc","8961014015294","120","1"
"4979","Pc","8961014015300","150","1"
"4981","BOTTLE","49811","570","1"
"935","Pc","8901248268042","410","1"
"5002","Pc","10691","260","1"
"5008","Pc","10811","85","1"
"5017","Pc","8994430929470","190","1"
"1094","Pkt","8964001492351","90","1"
"4484","Pkt","8961008211923","2350","1"
"355","Pc","8991111101514","490","1"
"1234","Pc","6281031255421","490","1"
"1234","Pc","6281031259344","490","1"
"1663","Pc","42299943","660","1"
"1663","Pc","42332749","660","1"
"1663","Pc","42299936","660","1"
"1663","Pc","42299868","660","1"
"1663","Pc","42332725","660","1"
"1663","Pc","42299851","660","1"
"5019","JAR","8992304013126","3970","1"
"5043","Pc","11301","890","1"
"1663","Pc","42299912","660","1"
"2919","Pc","8850006343012","440","1"
"564","JAR","8886950049113","120","1"
"746","JAR","8886950049137","210","1"
"3437","Pc","610340222399","860","1"
"1414","Pc","3610340180415","525","1"
"2210","Pc","8411061923221","3760","1"
"1663","Pc","42299929","660","1"
"5019","JAR","8991380221074","3970","1"
"5114","Pc","12201","220","1"
"25","POUCH","815096002780","1750","1"
"444","Pc","12262","570","1"
"239","Pc","8961014013122","99","1"
"3917","Pc","6291007500370","165","1"
"3917","Pc","6291007500417","165","1"
"5123","TIN","8710428016614","6100","1"
"2115","TIN","8886451000835","3350","1"
"2113","TIN","8886451000804","3350","1"
"2114","TIN","8886451000774","3350","1"
"738","Pc","6953432664248","1230","1"
"452","Pc","8961100040087","210","1"
"5126","TIN","8964000101476","100","1"
"5087","Pc","11881","280","1"
"5088","Pc","11891","220","1"
"5092","Pc","11941","360","1"
"227","Pkt","8961008211909","1110","1"
"5103","Pc","12061","290","1"
"4895","TIN","8961014004946","2950","1"
"623","Pc","695240103019","70","1"
"5066","Pc","8964000019849","170","1"
"5067","Pc","6921211103547","180","1"
"5067","Pc","6921211105008","180","1"
"5067","Pc","6921211104766","180","1"
"5067","Pc","87108422","180","1"
"5127","CRATE","","1300","12"
"3148","Pc","8964001492467","160","1"
"1208","Pc","8964001492474","230","1"
"5145","Pkt","8964000639658","345","1"
"5151","Pc","8964000019535","520","1"
"1282","TIN","4902705005877","5120","1"
"1694","Pkt","620514004723","190","1"
"5153","Pc","9648533157825","75","1"
"10","POUCH","815096002728","700","1"
"676","Pc","8964000834114","440","1"
"4332","Pc","8906014765978","1640","1"
"1277","Pc","8964001025597","90","1"
"3585","Box","8961100281770","460","12"
"24","POUCH","815096002773","880","1"
"3071","Pc","82835","220","1"
"4902","Pc","40099361","220","1"
"244","BOTTLE","8961014015768","440","1"
"2944","BOTTLE","5010123730215","690","1"
"2944","BOTTLE","3574660649802","690","1"
"5171","Pc","8901030596285","690","1"
"5171","Pc","6281006486058","690","1"
"5171","Pc","6281006486027","690","1"
"1663","Pc","42299844","660","1"
"1663","Pc","42299554","660","1"
"13585","Pc","8886950031750","118","1"
"1663","Pc","42299875","660","1"
"1234","Pc","6281031265857","490","1"
"5173","Pc","6068357304268","230","1"
"5173","Pc","6068357303261","230","1"
"5174","Pc","8888202000620","620","1"
"5174","Pc","8888202000613","620","1"
"2943","Pc","025929203288","1770","1"
"2943","Pc","025929129342","1770","1"
"3322","BOTTLE","8961014015720","440","1"
"5181","Pc","13251","45","1"
"5187","Pc","671866277716","50","1"
"5187","Pc","671866277709","50","1"
"5187","Pc","671866277723","50","1"
"5187","Pc","671866277730","50","1"
"444","Pc","8961100001439","570","1"
"2946","Pc","4035773010839","990","1"
"5190","Pc","752590041047","2780","1"
"5193","Pc","4005900281203","620","1"
"5193","Pc","4005900401434","620","1"
"4726","Pc","8850006325636","485","1"
"243","BOTTLE","8961014015836","740","1"
"1928","Pc","752590071044","2780","1"
"882","BOTTLE","8961014015775","440","1"
"157","BOTTLE","8001090843432","185","1"
"153","BOTTLE","8001090846600","215","1"
"2261","BUNDLE","8961014013481","430","1"
"4897","Pc","8964000750018","370","1"
"676","Pc","8964000834299","440","1"
"235","POUCH","8961014235029","199","1"
"1370","BUNDLE","8961014015386","430","1"
"897","Pc","8961014013054","99","1"
"642","Pc","8961008209845","250","1"
"239","Pc","8961014013153","99","1"
"5211","Bag","8886950013183","1135","1"
"792","Pkt","8961014015928","210","1"
"5218","Pc","13891","315","1"
"5221","TIN","012000034220","110","1"
"5221","CRATE","","1200","12"
"1223","Pc","8961014013092","125","1"
"5354","Pkt","633152010889","125","1"
"5355","Pc","8901248295048","610","1"
"2943","Pc","025929121032","1770","1"
"2943","Pc","025929203493","1770","1"
"2824","Pc","8888202061577","690","1"
"5376","Box","15911","720","1"
"5379","Pkt","4987157918036","120","1"
"5387","Box","6224008817222","280","1"
"897","Pc","8961014234688","99","1"
"901","Pc","8961014015331","120","1"
"2934","BOTTLE","8710908694936","880","1"
"18662","Pc","186621","650","1"
"5230","Pc","14051","845","1"
"5231","Pc","14091","475","1"
"3894","Pc","7979226089751","130","1"
"5257","Box","5053990101597","980","1"
"1035","Pkt","8961008211893","2650","1"
"5234","TIN","90162602","490","1"
"5237","Doz","egg12","380","12"
"1328","BOTTLE","6890767851748","690","1"
"5241","TIN","012000801914","100","1"
"1251","Pkt","8961014015911","210","1"
"3421","BOTTLE","8961014015812","740","1"
"5244","JAR","5760466738095","1140","1"
"5247","Pc","8069485223542","450","1"
"5251","BUNDLE","8961101230937","560","1"
"5066","Pc","8964000019603","170","1"
"2700","BOTTLE","3610340180422","525","1"
"1238","Pkt","1358946343286","145","1"
"5258","Pc","3572247722504","145","1"
"5259","Pc","1358946338886","190","1"
"5262","Pc","14591","190","1"
"5263","Pc","14601","250","1"
"5264","Pc","14611","220","1"
"5017","Pc","8994430929227","190","1"
"5017","Pc","8994430928862","190","1"
"5270","Pc","14681","365","1"
"5271","Pc","14691","395","1"
"5273","Pc","5795790592327","200","1"
"4819","Pc","6941057459240","1970","1"
"8","Pkt","815096002704","190","1"
"5287","Pc","6953440503515","230","1"
"5292","Pc","8964000043998","340","1"
"3917","Pc","6291007500424","165","1"
"676","Pc","8964000833452","440","1"
"1211","Pc","8961014234695","99","1"
"124","Box","8964000681732","310","1"
"3732","Pc","5907747206335","380","1"
"3732","Pc","5907747206342","380","1"
"3732","Pc","5907747206328","380","1"
"469","Pc","8964001492184","260","1"
"1279","POUCH","8961014235005","199","1"
"4610","TIN","8886451000811","6800","1"
"7645","Pc","8964000090275","30","1"
"1782","Pkt","6924429854485","110","1"
"8019","POUCH","1787141100163","540","1"
"840","Pkt","788821014207","145","1"
"8022","Pc","45581","470","1"
"8031","Pkt","45671","160","1"
"8034","Pc","45701","1100","1"
"8051","Pc","45871","275","1"
"8080","Pkt","8961006010368","58","1"
"8081","Pkt","8961006010085","170","1"
"8082","Pkt","8961006010139","410","1"
"8084","Pc","6224009136124","220","1"
"8085","Pc","6937372212882","2640","1"
"5315","Pc","8964001078296","170","1"
"5318","Pkt","633152014399","185","1"
"5319","Pkt","633152014320","105","1"
"5322","Pkt","633152014436","135","1"
"2014","Pkt","633152009319","240","1"
"5323","Pkt","633152009159","240","1"
"5324","Pkt","633152001481","170","1"
"5328","Pkt","633152001351","140","1"
"5187","Box","671866278713","870","18"
"5338","Pkt","633152014443","125","1"
"804","POUCH","8961014235012","199","1"
"5339","POUCH","8964000843567","360","1"
"4566","Pkt","6942644305216","350","1"
"2934","BOTTLE","8712561680721","880","1"
"5344","Pc","8964000982044","190","1"
"5390","Pc","53901","60","1"
"3437","Pc","03610340222399","860","1"
"780","Pc","8964001492672","100","1"
"4291","POUCH","8992696418967","320","1"
"4291","POUCH","8992696422513","320","1"
"5397","Pc","6261149033142","50","1"
"5398","Pc","8964001506287","280","1"
"5399","Pc","8964001506102","460","1"
"5402","Pc","6261149033760","100","1"
"5406","Pc","9783332133394","120","1"
"239","Pc","8961014234671","99","1"
"3249","Pc","8904006302514","1120","1"
"3249","Pc","8904006302521","1120","1"
"209","Pc","8886950071855","30","1"
"898","Pc","8961014234718","125","1"
"2261","BUNDLE","8961014015393","430","1"
"664","BUNDLE","8961014015379","340","1"
"5417","TIN","8996001303764","560","1"
"5418","Pkt","8996001303702","460","1"
"5419","Pkt","8996001303634","590","1"
"5420","Pkt","8996001320136","410","1"
"5428","PC","54281","75","1"
"5435","Pc","614514430118","2630","1"
"609","Pc","6068357302387","190","1"
"1663","Pc","8999777004354","660","1"
"5447","Pc","8934839122461","380","1"
"1234","Pc","6281031265604","490","1"
"1234","Pc","6281031265635","490","1"
"1234","Pc","6281031254745","490","1"
"5466","Pc","54661","1980","1"
"5498","Pc","17451","390","1"
"5505","Box","17521","390","1"
"5506","Box","17531","620","1"
"4331","TIN","8886451000781","6800","1"
"5512","Pkt","6924429873486","150","1"
"1030","Pc","3574660453119","560","1"
"5516","BOTTLE","8961101230999","590","1"
"15539","JAR","3433649270126","250","1"
"5517","BUNDLE","8961101230944","560","1"
"5518","Pc","8961101230906","190","1"
"5519","BOTTLE","3610340180439","525","1"
"5522","Pc","8999999720094","690","1"
"355","Pc","8991111101415","490","1"
"5523","Pc","4005808166206","1580","1"
"355","Pc","8991111109107","490","1"
"5525","Pc","695240102333","180","1"
"5526","Pc","695240102432","260","1"
"5531","Pc","17871","365","1"
"5541","Pkt","633152001412","105","1"
"5542","Pkt","633152014719","95","1"
"5543","Pkt","633152007469","95","1"
"5544","Pkt","633152001252","115","1"
"5549","Pc","6068357297683","460","1"
"1424","Pc","8961008211190","400","1"
"747","CANE","8964000419687","5300","1"
"5550","Pkt","8964000064603","530","1"
"218","POUCH","8886950013213","50","1"
"1223","Pc","8961014234732","125","1"
"1655","Pc","8964001492665","175","1"
"5232","Pc","14102","385","1"
"2936","Pc","8964000749524","720","1"
"296","Pc","8961008211183","400","1"
"1271","Pc","8961014015256","75","1"
"1407","Box","8961003021787","295","1"
"1407","Box","8961003562044","295","1"
"2273","Pc","8964001492696","80","1"
"676","Pc","8964000833148","440","1"
"1690","Pc","653341105776","180","1"
"1690","Pc","653341106070","180","1"
"1690","Pc","653341104670","180","1"
"1056","Pc","4828087390205","70","1"
"5596","Box","8961003504358","315","1"
"5598","Box","8961003504938","295","1"
"5601","Pc","18712","160","1"
"5606","Pc","6941458327094","410","1"
"240","Pc","8961014234633","70","1"
"5622","Pc","047400145009","530","1"
"3249","Pc","8904006302507","1120","1"
"5623","Pc","6281006486119","590","1"
"5623","Pc","8901030596292","590","1"
"5633","Pc","80768258","390","1"
"5634","POUCH","9609398602967","430","1"
"2425","JAR","60018960","430","1"
"2424","JAR","60018939","280","1"
"5633","Pc","80974482","390","1"
"5187","Box","671866278706","870","18"
"5187","Box","671866278737","870","18"
"297","Pc","8961008211237","450","1"
"1279","POUCH","8961014235708","199","1"
"2266","Pc","8964001492641","120","1"
"5681","Pc","6261715250607","35","1"
"5683","JAR","8935001716563","920","1"
"508","Pkt","8961100022694","225","1"
"1663","Pc","42269656","660","1"
"804","POUCH","8961014235692","199","1"
"1690","Pc","653341104472","180","1"
"1690","Pc","653341105974","180","1"
"235","POUCH","8961014235685","199","1"
"5687","Pc","8964000057414","250","1"
"5683","JAR","8935001715511","920","1"
"1690","Pc","653341105370","180","1"
"1690","Pc","748252461254","180","1"
"5696","Pc","19891","240","1"
"5697","Pc","19901","120","1"
"2277","Pc","8964001492719","60","1"
"5700","Box","769503781327","170","1"
"5703","TIN","5000108478119","1160","1"
"5704","JAR","80177173","1920","1"
"2229","POUCH","8961014014815","260","1"
"5342","Pc","3326240043582","770","1"
"5713","TIN","8964001506133","1120","1"
"5273","Pc","4866396620460","200","1"
"258","BOTTLE","8961008212289","100","1"
"5718","Pkt","8996001320051","410","1"
"5719","POUCH","8996001331156","490","1"
"5720","Pc","8996001356036","100","1"
"1690","Pc","653341105479","180","1"
"1690","Pc","653341105677","180","1"
"1690","Pc","653341105172","180","1"
"1690","Pc","653341105578","180","1"
"1690","Pc","653341104977","180","1"
"1690","Pc","748252460851","180","1"
"1690","Pc","653341106179","180","1"
"1690","Pc","653341105271","180","1"
"1690","Pc","653341105875","180","1"
"1690","Pc","653341104878","180","1"
"1690","Pc","653341104779","180","1"
"1690","Pc","748252460752","180","1"
"1690","Pc","748252460950","180","1"
"5722","Pc","8961100311200","150","1"
"498","Pc","4981","540","1"
"5731","BOTTLE","8964000572566","165","1"
"5273","Pc","5795790595021","200","1"
"5736","BOTTLE","8961014235067","660","1"
"5737","Pc","6805699953637","440","1"
"5739","Pkt","8964001050001","820","1"
"2424","JAR","60018885","280","1"
"3548","Pc","6001087351270","940","1"
"5741","Pc","8886467020131","890","1"
"5742","Pc","6291106810394","440","1"
"5742","Pc","6291106810318","440","1"
"5742","Pc","6291106810356","440","1"
"5742","Pc","6291106810370","440","1"
"5742","Pc","6291106810332","440","1"
"5742","Pc","6291106810363","440","1"
"5759","JAR","8999777890544","595","1"
"5760","Pc","20711","1150","1"
"5762","JAR","8966000013926","540","1"
"4040","Pc","8961008211206","400","1"
"5764","POUCH","620514013244","470","1"
"676","Pc","8964000833445","440","1"
"1434","Pc","6281031091180","240","1"
"5776","Pc","6294003532956","160","1"
"5777","Pc","80907886","280","1"
"2298","SACHET","8961008213033","80","1"
"1993","Box","8964000823248","290","1"
"3579","Box","8964000821435","240","1"
"1112","Pc","6001087357258","780","1"
"5785","Pc","8901138509231","230","1"
"1259","Pc","8964000139271","95","1"
"1259","Pc","8964000139295","95","1"
"1004","Pc","8964000139110","240","1"
"931","Pc","8964000139219","190","1"
"931","Pc","8964000139233","190","1"
"5916","POUCH","8964002797356","75","1"
"5918","Pc","8961100318001","140","1"
"5919","Pc","580706398088","310","1"
"1286","TIN","4902705005884","2370","1"
"6049","POUCH","8964000145807","2200","1"
"6061","Pc","24011","30","1"
"6063","JAR","80177425","1320","1"
"1255","BOTTLE","8964000020081","150","1"
"6067","BOTTLE","894559000280","180","1"
"6067","CRATE","","1000","6"
"6069","Pc","8964001220435","290","1"
"2278","Pc","8964001492689","140","1"
"6070","Pc","6291069705331","320","1"
"3137","Pc","8992222055246","595","1"
"4112","Pc","8999777000318","1070","1"
"4112","Pc","8999777009564","1070","1"
"4112","Pc","8999777000011","1070","1"
"851","Pkt","788821014160","135","1"
"837","Pkt","788821014214","135","1"
"836","Pkt","788821014245","145","1"
"838","Pkt","788821014238","135","1"
"1962","Pkt","788821014191","135","1"
"840","Pkt","788821014146","145","1"
"6071","Pc","1358946338190","155","1"
"6072","Pc","8964000932063","440","1"
"6073","JAR","8964000062388","880","1"
"6074","JAR","8964000062395","790","1"
"1713","Pkt","8964001195450","670","1"
"6101","JAR","6223000655313","640","1"
"6102","JAR","6223000655320","1090","1"
"6104","Pc","9556126604796","1680","1"
"2295","Pc","8711700807258","695","1"
"2295","Pc","8711700887922","695","1"
"2295","Pc","8710908777110","695","1"
"2295","Pc","8710908779558","695","1"
"2295","Pc","8710908777004","695","1"
"2295","Pc","8711600456877","695","1"
"6109","Pc","8964000932070","95","1"
"3732","Pc","8964001507154","380","1"
"3732","Pc","8964001507222","380","1"
"3732","Pc","8964001507239","380","1"
"6115","Pc","8964001507666","790","1"
"6117","Pc","8961101370084","95","1"
"6117","CTN","","2450","27"
"697","Pc","8961008212975","230","1"
"6118","Pkt","4800361409599","1250","1"
"6119","BOTTLE","6291049155002","425","1"
"6119","BOTTLE","6291049145003","425","1"
"6119","BOTTLE","6291049135004","425","1"
"20368","Pc","203681","4570","1"
"3580","POUCH","8964000823125","280","1"
"6127","POUCH","8964000822104","120","1"
"6128","POUCH","8964000822166","280","1"
"6129","Pkt","8964000825204","280","1"
"6130","POUCH","8964000822128","400","1"
"6132","Pc","8961100310708","80","1"
"376","Pc","7647589257079","260","1"
"2596","Pc","736211117267","60","1"
"6147","SACHET","8992770060099","60","1"
"6154","Pc","25101","180","1"
"6155","Pc","6928835585704","130","1"
"6161","Pc","245215465446","15","1"
"6163","Pc","25191","140","1"
"6166","PATTA","6931443909718","230","1"
"6168","Pc","25241","90","1"
"6169","Pc","25261","365","1"
"6170","PATTA","61701","150","1"
"6166","PATTA","6931443909725","230","1"
"6183","Pc","25411","220","1"
"6127","POUCH","8964000823101","120","1"
"6379","Pc","4584623656562","320","1"
"6381","Pc","8901177200250","170","1"
"6382","Pkt","4015400566120","375","1"
"6383","Pkt","4015400566182","375","1"
"6390","Pc","27691","1190","1"
"6395","Pc","8964000982327","930","1"
"1508","Pc","606835729878","140","1"
"2902","Pc","8692641007375","695","1"
"6250","Box","8964000064863","720","1"
"6251","Box","8964000064924","470","1"
"6268","Pc","8969217200752","30","1"
"5982","Pc","8964000139103","290","1"
"2175","Pkt","855434009729","95","1"
"1246","Pc","8901030693229","1160","1"
"6347","SACHET","886635000529","120","1"
"6364","Pc","63641","90","1"
"6365","JAR","6970025800012","700","60"
"6373","Pc","27471","230","1"
"6374","Pc","63741","190","1"
"6406","Pc","27851","650","1"
"6444","Pc","6958239351131","390","1"
"6444","Pc","6958239351155","390","1"
"6444","Pc","6958239351162","390","1"
"6444","Pc","6958239351148","390","1"
"6448","Pc","8999999706173","310","1"
"4312","Pc","8901030599187","120","1"
"4312","Pc","8901030599217","120","1"
"1246","Pc","8901030563201","1160","1"
"1246","Pc","8901030693243","1160","1"
"2295","Pc","8710908778322","695","1"
"2256","Pc","8888202062666","880","1"
"1663","Pc","8999777007355","660","1"
"1663","Pc","8999777006259","660","1"
"6451","BUNDLE","8961100023257","390","1"
"6433","CRATE","","1200","12"
"313","CRATE","","1020","6"
"293","BOTTLE","8961008212272","65","1"
"6456","Pkt","3570115726432","360","1"
"6461","BOTTLE","8964000750070","185","1"
"6462","BUNDLE","8961100023172","390","1"
"1856","Box","8964000683309","80","1"
"1857","Box","8964000683361","310","1"
"2284","Box","8964000683156","235","1"
"6465","Pc","8901177100253","150","1"
"6466","Pc","8901248701105","210","1"
"6467","Pc","8901248701129","210","1"
"2276","Pc","8964001492634","70","1"
"2434","Pc","8886950055282","390","1"
"2824","Pc","8888202060327","690","1"
"2824","Pc","8888202066244","690","1"
"3307","Pc","8697428816959","530","1"
"1029","Pc","8961100040292","170","1"
"851","Pkt","788821014221","135","1"
"6474","Pkt","8964000716199","180","1"
"6475","Pkt","8964000716182","180","1"
"6476","Pkt","8964000716083","425","1"
"6477","Pkt","8964000716205","160","1"
"6478","Pkt","8964000716113","250","1"
"6479","Pkt","8964000716496","270","1"
"6480","Pkt","8964000716489","270","1"
"6481","Pkt","8964000716106","450","1"
"6481","Pkt","8964000716007","450","1"
"6481","Pkt","8964000716021","450","1"
"6482","Pc","8964000716250","260","1"
"6486","Pc","6260134406244","90","1"
"6487","Pc","6261149054154","35","1"
"6488","Pc","6261178043044","15","1"
"6489","Pc","6261178046205","15","1"
"6490","Pc","6261178043082","15","1"
"979","Box","8964000682142","315","1"
"6495","BUNDLE","8961100023158","390","1"
"6440","Pc","4902430648394","390","1"
"328","Pc","8964000932032","250","1"
"209","Pc","8886950071909","30","1"
"6312","Pc","5000101910708","320","1"
"1946","Pc","8886950092089","80","1"
"6517","Box","8961102508974","295","1"
"1543","Pkt","924219080134","250","1"
"6538","Pc","8886950093185","110","1"
"6540","Pc","8964000024041","290","1"
"6541","POUCH","8964000061206","200","1"
"1068","BOTTLE","8964000061749","580","1"
"1070","JAR","8964000061756","990","1"
"8098","Pc","8961014246773","365","1"
"6556","POUCH","4891228430139","1590","1"
"6558","Pc","9647434306622","200","1"
"956","BOTTLE","8001090843401","190","1"
"6586","Pkt","8964003062040","1320","1"
"6587","JAR","8961005040304","230","1"
"1825","Pc","18253","160","1"
"6602","Pc","30001","330","1"
"6606","Pc","66061","220","1"
"6608","Pc","30061","490","1"
"6609","Pc","30071","340","1"
"6616","Pc","30141","560","1"
"6624","Pc","4005808817009","1490","1"
"6624","Pc","4005808817207","1490","1"
"6625","JAR","4005808890590","880","1"
"6626","JAR","4005900008442","1190","1"
"5759","JAR","42207269","595","1"
"6630","Pc","7622210844354","120","1"
"6631","Pc","7622210187024","500","1"
"2306","Pc","7622210844231","200","1"
"2307","Pc","7622210844279","200","1"
"1452","Box","8964000682999","315","1"
"560","Box","8964000681510","310","1"
"345","Pc","8961100001019","210","1"
"4065","Pc","40651","830","1"
"6638","Pkt","8964001358299","50","1"
"6639","Box","6009679061811","160","1"
"6640","SACHET","6009679064485","40","1"
"6642","Pc","8964001753773","110","1"
"6652","CTN","48964000611401","1830","6"
"6652","POUCH","8964000611418","320","1"
"6653","Box","886635000031","550","1"
"5878","Pc","6931100501392","70","1"
"6161","Pc","93851","15","1"
"2169","Pc","3610400000301","750","1"
"1873","Pc","5060068526763","360","1"
"2950","Pc","5414666008839","680","1"
"3137","Pc","4902806000313","595","1"
"3137","Pc","4902806008944","595","1"
"3137","Pc","4902806000276","595","1"
"6655","Pc","4902806001518","530","1"
"6655","Pc","4902806005509","530","1"
"2425","JAR","60022127","430","1"
"5021","Pc","9556006283127","740","1"
"2082","Pc","8888202045690","580","1"
"5742","Pc","6291106810349","440","1"
"5742","Pc","6291106810301","440","1"
"5742","Pc","6291106810387","440","1"
"5742","Pc","6291106810325","440","1"
"5742","Pc","6291106810400","440","1"
"3020","BOTTLE","3574660057706","960","1"
"336","Pc","4801010562108","220","1"
"6656","Pc","8991380700609","760","1"
"6658","Box","870572008205","175","1"
"6658","Box","870572008090","175","1"
"6660","BOTTLE","8710908695414","960","1"
"6660","BOTTLE","5012254061206","960","1"
"6660","BOTTLE","5012254060841","960","1"
"6660","BOTTLE","5012254060742","960","1"
"5020","Pc","3574661312828","925","1"
"6661","Pc","6221155018939","130","1"
"6661","Pc","6221155019165","130","1"
"6662","Pc","8901248257374","880","1"
"2267","Pc","8964001492658","85","1"
"6672","Pc","1531236361041","340","1"
"6676","CTN","8964000006153","2500","5"
"6676","POUCH","8964000006146","500","1"
"6677","BOTTLE","8964000002070","2930","1"
"6679","BOTTLE","8964000002056","1790","1"
"6689","Pc","6820406410517","100","1"
"6694","Pc","6009679062726","95","1"
"6695","Pc","6009679062719","170","1"
"19286","Pc","192861","20","1"
"6702","Pc","3571700297313","350","1"
"6707","POUCH","31151","200","1"
"234","POUCH","8961014236453","285","1"
"2327","Pump","23271","1070","1"
"2055","Pc","8961014263374","440","1"
"6728","Box","8964000053393","140","1"
"9468","Pkt","36391790","115","1"
"6729","Pkt","31401","220","1"
"6733","Pc","8964000578889","385","1"
"6743","Pc","6937266703427","350","1"
"6744","Pc","31581","280","1"
"6745","POUCH","0870572008366","50","1"
"3323","Pc","5000207007425","730","1"
"2366","Pc","5000207004585","940","1"
"6748","BOTTLE","855434000054","490","1"
"2794","Pc","0695240104436","70","1"
"6749","Pkt","8964000053263","250","1"
"6750","ROLL","8964000053195","310","1"
"6754","Pkt","8964000053225","240","1"
"6755","Pkt","8964000053287","250","1"
"4747","Pc","8904238300371","1390","1"
"6757","SACHET","4800361328463","70","1"
"6772","BOTTLE","6068357308242","320","1"
"6773","Pc","8964000982600","360","1"
"6774","BOTTLE","8964000982488","700","1"
"6775","BOTTLE","8964000982679","660","1"
"6821","Pc","68211","390","1"
"6844","1kg","32631","280","1"
"6844","500g","32632","140","0.5"
"6846","PATTA","7873742232892","110","1"
"6847","PATTA","7873742223289","110","1"
"6850","Pc","6915460820371","580","1"
"5022","Pc","8908001158022","520","1"
"1818","PATTA","18181","270","1"
"6745","POUCH","870572007994","50","1"
"962","BOTTLE","3610340184390","510","1"
"6631","Pc","7622210627896","500","1"
"2308","Pc","7622210627759","230","1"
"6908","Pc","653341119872","440","1"
"6908","Pc","653341119773","440","1"
"6908","Pc","653341120373","440","1"
"6908","Pc","653341120076","440","1"
"6908","Pc","653341119971","440","1"
"6910","Pc","010900100878","290","1"
"2596","Pc","1074633","60","1"
"2213","Pc","7622210730251","120","1"
"6928","Pc","3574660680638","630","1"
"6937","Pc","33621","880","1"
"6938","Pc","33631","110","1"
"6939","Pc","33641","120","1"
"6119","BOTTLE","6291049125005","425","1"
"6945","Pkt","33711","120","1"
"6950","POUCH","33761","240","1"
"6951","POUCH","33771","290","1"
"6953","Pkt","8964000021545","730","1"
"6954","Pump","8851932231329","1920","1"
"6962","Pc","8964000716342","130","1"
"6964","Pc","8964000716052","90","1"
"6965","Pkt","8964000716069","135","1"
"6966","Pc","8964000716335","60","1"
"6967","Pc","8964000716410","100","1"
"3281","Pc","8714789930848","680","1"
"6660","BOTTLE","8710447267097","960","1"
"6978","Pc","5021156120072","410","1"
"6980","BOTTLE","8901207019005","470","1"
"6982","Pc","8850006331866","190","1"
"2665","Pc","26651","290","1"
"2424","JAR","60014429","280","1"
"6984","Pc","8690973375216","580","1"
"6984","Pc","8690973051059","580","1"
"2209","Pc","5000386008466","1740","1"
"6986","Pc","5414666008822","680","1"
"6986","Pc","3326240047382","680","1"
"6987","Pc","5011321830356","2780","1"
"5342","Pc","3326240043544","770","1"
"5342","Pc","3326240043568","770","1"
"5342","Pc","3326240047061","770","1"
"5342","Pc","3326240043575","770","1"
"5342","Pc","3326240043551","770","1"
"6984","Pc","8690973051141","580","1"
"3186","Pc","87108040","160","1"
"3186","Pc","7895144611471","160","1"
"6177","Pc","1125342","170","1"
"6698","Pc","1131062","260","1"
"2477","Pc","73152","90","1"
"7000","BOTTLE","855434000047","490","1"
"792","Pkt","8961014017236","210","1"
"7002","Pc","34291","95","1"
"6647","Box","7622202363726","3000","12"
"7008","Pc","8964000139196","115","1"
"6303","Pc","8964000139141","95","1"
"19568","Pc","8886950092096","80","1"
"7011","Pc","8901030196119","85","1"
"7013","Pc","761828224060","330","1"
"7013","Pc","761828001036","330","1"
"7013","Pc","761828003368","330","1"
"7017","Pc","8908001158381","390","1"
"7022","Pc","70221","120","1"
"7034","Pc","6922240286010","290","1"
"7036","Box","8964001188971","115","1"
"2930","Pump","8851932355216","1640","1"
"7039","Pc","34681","840","1"
"7041","Pc","8964001025801","25","1"
"7041","Pc","8964001024795","25","1"
"7044","Pc","8964000257029","150","1"
"7045","Pc","8964000505427","160","1"
"7050","Pc","34791","620","1"
"3792","TIN","9556092108519","150","1"
"3792","TIN","9556092109165","150","1"
"7082","BOTTLE","6291069712186","710","1"
"1744","Pkt","7702018877591","4170","1"
"7083","Pkt","8964001048329","1200","1"
"2071","BOTTLE","5201089010699","780","1"
"3547","Pc","8999999507435","445","1"
"7086","Pc","6963581281111","640","1"
"7087","Pc","6979861900023","830","1"
"7088","Pc","6963587550228","780","1"
"7089","Pc","6960182889234","480","1"
"7090","Pc","6985571628539","430","1"
"1352","Pc","7702018951376","1180","1"
"7423","Pkt","6948619501959","95","1"
"7425","Pc","8901207000324","430","1"
"2944","BOTTLE","3574660634174","690","1"
"7429","Pc","8993417372216","490","1"
"7429","Pc","8993417372230","490","1"
"7429","Pc","8993417372223","490","1"
"7430","Pc","6291069712179","410","1"
"1464","Pc","8964002137152","1350","1"
"7433","Pc","8964001492276","260","1"
"7434","Pc","8964001492283","280","1"
"7438","Pc","39111","245","1"
"7439","Pc","8964003096533","10","1"
"2944","BOTTLE","8850339103239","690","1"
"7448","Pc","1139211","340","1"
"7449","Pc","1139221","395","1"
"7450","Pc","1139231","485","1"
"7451","Pc","74511","520","1"
"2957","PATTA","6927966905689","215","1"
"7458","Pc","39311","95","1"
"5342","Pc","3326240043537","770","1"
"4965","Pc","5014697027641","790","1"
"4965","Pc","4035773149904","790","1"
"4965","Pc","6297000442594","790","1"
"4965","Pc","6297000226880","790","1"
"4965","Pc","6297000669328","790","1"
"1223","Pc","8961014241259","125","1"
"2239","BOTTLE","8906014765244","1030","1"
"2240","BOTTLE","8906014765237","210","1"
"7466","Pc","8964000961377","430","1"
"124","Box","8964000683606","310","1"
"7468","Pc","39421","480","1"
"1043","Pc","6068357302059","270","1"
"2978","Pc","6068357302158","270","1"
"1915","Box","8964000682975","310","1"
"454","Pc","6291101522964","195","1"
"496","POUCH","815096003152","880","1"
"7480","Pc","8901248240277","450","1"
"6882","BOTTLE","8993417380211","540","1"
"244","BOTTLE","8961014240948","440","1"
"1017","POUCH","8961014017281","460","1"
"3322","BOTTLE","8961014240986","440","1"
"804","POUCH","8961014242621","199","1"
"1279","POUCH","8961014242645","199","1"
"1211","Pc","8961014241242","99","1"
"3732","Pc","8964001507147","380","1"
"5737","Pc","6805699953613","440","1"
"7364","Pc","788821013859","30","1"
"7492","Pkt","788821151452","145","1"
"7494","Pkt","8964000682609","95","1"
"5198","Pc","1346452376690","20","1"
"7502","Pc","75021","100","1"
"7511","BOTTLE","5449000025173","240","1"
"7511","CRATE","","1320","6"
"7512","BOTTLE","5449000034137","200","1"
"7512","CRATE","","1140","6"
"7513","BOTTLE","5449000034113","250","1"
"7513","CRATE","","1440","6"
"7516","Pkt","8964002315055","2280","1"
"7517","Pkt","8964002315611","2280","1"
"1474","POUCH","7622210657275","145","1"
"7519","POUCH","8964000061312","605","1"
"914","JAR","7622210596932","770","1"
"7522","POUCH","8964000511213","650","1"
"7522","CTN","8964000511169","3250","5"
"7524","BOTTLE","8964000097748","2050","1"
"7525","BOTTLE","8964000097717","1970","1"
"7527","Pc","8964000020609","130","1"
"6289","BOTTLE","855434009262","490","1"
"538","POUCH","815096003169","1750","1"
"1332","Pc","8961014241099","195","1"
"6303","Pc","8964000139158","95","1"
"7541","Pkt","671866150118","130","1"
"6166","PATTA","6933078850052","230","1"
"6166","PATTA","6933078893103","230","1"
"2808","BOTTLE","8886950035109","680","1"
"2281","BOTTLE","8886950035123","685","1"
"629","Pc","8964000019856","470","1"
"20","POUCH","8961014016024","1980","1"
"7548","Pc","788364955029","50","1"
"979","Box","8964000683989","315","1"
"7550","BUNDLE","8964001024231","320","1"
"5017","Pc","8992952951054","190","1"
"5017","Pc","8992952924461","190","1"
"5017","Pc","8992952924669","190","1"
"7552","Pc","8964000982143","280","1"
"6117","Pc","8961101372064","95","1"
"871","Pkt","815096003138","190","1"
"7555","BOTTLE","3610340180385","525","1"
"7560","Pc","75601","1450","1"
"3732","Pc","8964001507130","380","1"
"5136","Pc","0729872535110","70","1"
"9338","Pc","4005900804389","820","1"
"7604","Pc","40992","520","1"
"3542","Pc","8961014235661","50","1"
"7610","Pkt","6001106114893","210","1"
"7613","JAR","788821020260","390","1"
"7614","JAR","788821010025","640","1"
"7364","Pc","788821013811","30","1"
"4965","Pc","6297000226873","790","1"
"7620","Pc","3607342735347","690","1"
"7620","Pc","3607345888996","690","1"
"7620","Pc","3607345888798","690","1"
"7620","Pc","3607345888590","690","1"
"7621","Pc","3607341046888","325","1"
"7622","Pc","3607341047137","530","1"
"7622","Pc","3607341044624","530","1"
"7622","Pc","3614224332907","530","1"
"1004","Pc","8964000139127","240","1"
"3587","Box","8961101780395","170","1"
"7623","Pc","8961008215655","60","1"
"7624","Pc","8961008215662","60","1"
"642","Pc","8961008213866","250","1"
"7625","Pc","8961008215433","100","1"
"296","Pc","8961008213880","400","1"
"299","Pc","8961008213897","80","1"
"7627","POUCH","8886950014289","50","1"
"7628","BOTTLE","8886950086088","540","1"
"7629","BOTTLE","8886950086057","540","1"
"7630","BOTTLE","8886950086026","540","1"
"7631","Pc","8886950072500","160","1"
"7632","Pc","8886950071961","80","1"
"7633","Pc","8886950071954","50","1"
"7636","POUCH","8886950083124","160","1"
"7637","Pc","8886950031736","118","1"
"7638","Pc","8886950035116","680","1"
"2431","BOTTLE","8886950035055","390","1"
"7639","BOTTLE","8886950035062","390","1"
"7640","BOTTLE","8886950035048","390","1"
"1452","Box","8964002528936","315","1"
"1364","Box","964000684320","180","1"
"1365","Box","8964000684337","110","1"
"1366","Box","8964000682678","140","1"
"1935","Box","8964000682661","210","1"
"1364","Box","8964000684320","180","1"
"121","Box","8964002528530","315","1"
"120","Box","8964002528516","235","1"
"7643","Box","8964003591540","310","1"
"7648","Pc","8964000090558","60","1"
"7642","Pc","8886950093260","180","1"
"973","Box","8964002528738","310","1"
"979","Box","8964002528783","315","1"
"7651","Pc","8964001353904","65","1"
"7651","Pc","8964001353911","65","1"
"7651","Pc","8964001353898","65","1"
"7651","Pc","8964001353928","65","1"
"7657","Pc","8964000570418","200","1"
"7659","Pc","8964000572603","125","1"
"7659","Pc","8964000572139","125","1"
"7685","Pkt","20620514015655","170","1"
"7689","Pkt","620514016016","70","1"
"7690","Pkt","620514015507","135","1"
"7693","POUCH","620514015392","110","1"
"7694","Box","8961101784256","235","1"
"7695","BOTTLE","012000002090","100","1"
"7696","BOTTLE","012000014338","60","1"
"7697","Pc","671866117579","50","1"
"7697","Pc","671866117593","50","1"
"7697","Pc","671866117586","50","1"
"7698","Pc","671866117500","20","1"
"7698","Pc","671866116664","20","1"
"7698","Pc","671866116671","20","1"
"7699","Pc","671866117562","30","1"
"7699","Pc","671866117548","30","1"
"19171","Pc","8961102814082","540","1"
"7699","Pc","671866117555","30","1"
"7701","cup","671866277464","160","1"
"7701","cup","671866277488","160","1"
"7704","Box","8961003594236","295","1"
"7710","Box","8961003552557","310","1"
"187","Pc","8961101231415","720","1"
"7712","Pc","8961101231439","590","1"
"7713","Pc","8961101231453","670","1"
"7714","Pc","8966000041325","530","1"
"7716","Pc","8964000954713","1160","1"
"7717","Pc","6001106114633","840","1"
"7718","Pc","8961101231057","270","1"
"7719","Pc","6001106309817","540","1"
"7720","Pc","6001106309831","1150","1"
"7722","Pc","8961101231316","130","1"
"185","Pc","8966000041349","630","1"
"6748","BOTTLE","855434009255","490","1"
"7000","BOTTLE","855434009248","490","1"
"7728","Pc","3610340631276","870","1"
"7730","Pc","3610340639746","510","1"
"7731","Pc","3610340639791","890","1"
"16034","Pc","8991111153063","350","1"
"7732","Pc","8992304047435","890","1"
"7734","Pc","8961103601155","260","1"
"496","POUCH","815096003381","880","1"
"7738","Pkt","633152001399","105","1"
"19263","Pc","192631","320","1"
"7741","Box","5053827183857","870","1"
"7744","Box","8886467116575","515","1"
"7745","Box","5053990107292","450","1"
"7746","Box","5053990107353","450","1"
"7747","Box","8886467116599","515","1"
"22011","Pc","220111","830","1"
"7748","Box","038000138638","980","1"
"7779","Pc","8961014242348","540","1"
"7780","Pc","8961014256406","1570","1"
"235","POUCH","8961014247039","199","1"
"804","POUCH","8961014247046","199","1"
"1279","POUCH","8961014247053","199","1"
"7782","Pc","8961014245202","440","1"
"7784","Pc","8961014243475","910","1"
"7786","Pc","8961014243482","540","1"
"7787","POUCH","8961014245721","440","1"
"7788","POUCH","8961014245745","440","1"
"7794","Pc","8961014235173","510","1"
"240","Pc","8961014241181","70","1"
"897","Pc","8961014241228","99","1"
"244","BOTTLE","8961014246407","440","1"
"7795","BOTTLE","8961014246353","440","1"
"882","BOTTLE","8961014246377","440","1"
"2230","POUCH","8001841256818","570","1"
"949","BOTTLE","8001841299150","460","1"
"153","BOTTLE","8001841460291","215","1"
"2271","BOTTLE","8001841299181","460","1"
"7834","BOTTLE","8001841299273","460","1"
"7835","BOTTLE","8001841460536","215","1"
"7836","BOTTLE","8001841460680","215","1"
"950","BOTTLE","8001841299365","460","1"
"154","BOTTLE","8001841299211","460","1"
"951","BOTTLE","8001841299303","460","1"
"7837","BOTTLE","8001841502991","590","1"
"7839","Pc","614514071052","2770","1"
"7842","Pc","5414666014090","1540","1"
"7843","Pc","5414666009461","1640","1"
"7844","Pc","7640130661479","1700","1"
"7845","Pc","3610400035402","730","1"
"7846","Pc","3610400035372","730","1"
"7847","Pc","3574660583168","1060","1"
"7848","Pc","3574660583861","1230","1"
"7849","JAR","5017007601289","1940","1"
"6979","JAR","5017007601333","1280","1"
"7850","Pc","4902430360906","545","1"
"7852","BOTTLE","3574661384580","920","1"
"7853","BOTTLE","3574661384627","920","1"
"7856","Pc","8991111101316","370","1"
"2944","BOTTLE","3574661177144","690","1"
"2944","BOTTLE","3574661177120","690","1"
"7857","Pump","3574661069432","1830","1"
"351","Pc","3574669909624","790","1"
"2366","Pc","3574669908092","940","1"
"7858","Pc","4800888113672","470","1"
"2944","BOTTLE","3574661397641","690","1"
"2944","BOTTLE","3574660666144","690","1"
"2944","BOTTLE","3574661197326","690","1"
"7861","Pc","7640129895823","570","1"
"7862","Pc","7640129895021","1050","1"
"7862","Pc","7640129895007","1050","1"
"7862","Pc","7640129895014","1050","1"
"7863","Pc","6297000842226","790","1"
"7864","Pc","8904238300142","2550","1"
"7865","Pc","8904238300074","2350","1"
"7866","Pc","8904238300166","2350","1"
"7867","Pc","8904238300173","2350","1"
"7868","Pc","8904238300081","2350","1"
"7869","Pc","8904238300180","2350","1"
"7871","Pc","4800888113481","215","1"
"7872","Pc","4891228410049","690","1"
"6382","Pkt","8001090921345","375","1"
"7875","Pkt","8001090921383","760","1"
"6383","Pkt","8001090921420","375","1"
"7186","Pc","5555520102550","300","1"
"7904","Pc","8964000982617","480","1"
"7907","Pc","8964003015107","240","1"
"7909","Pc","8964003015121","430","1"
"7910","Pc","8964001078074","160","1"
"7915","Pc","44501","430","1"
"7919","Pc","44541","170","1"
"7941","Pc","44761","525","1"
"7948","Pc","6068357301670","125","1"
"7949","Pc","8964000043844","360","1"
"7950","Pc","8964000043479","430","1"
"7965","Pc","6533411409758","520","1"
"1026","Pc","5000204120172","1090","1"
"7972","Pc","6291101522322","310","1"
"7973","Pc","6291101522315","130","1"
"7816","BOTTLE","8961014240313","425","1"
"614","POUCH","8961014242713","80","1"
"7817","POUCH","8961014242737","150","1"
"7818","BOTTLE","8961014246827","660","1"
"7819","Pc","7685300157857","120","1"
"7820","Pc","9211212181529","140","1"
"7822","Pc","676979100708","270","1"
"7824","Pc","","270","1"
"7825","Pc","","270","1"
"7826","Pc","","270","1"
"7827","Pc","","270","1"
"7828","Pc","","270","1"
"7829","Pc","676979101996","460","1"
"7830","SACHET","8001841669038","20","1"
"163","POUCH","8001841256665","285","1"
"164","POUCH","8001841256788","570","1"
"7831","POUCH","8001841431338","50","1"
"562","POUCH","8001841256696","1140","1"
"2231","POUCH","8001841256757","285","1"
"7854","BOTTLE","3574661384665","920","1"
"159","BOTTLE","8001841494272","730","1"
"7896","BOTTLE","8001841494456","730","1"
"158","BOTTLE","8001841494067","440","1"
"944","BOTTLE","8001841494159","440","1"
"945","BOTTLE","8001841494241","440","1"
"2010","BOTTLE","8001841494425","440","1"
"942","BOTTLE","8001841792750","730","1"
"1106","Pc","8001841420677","175","1"
"1227","Pc","8001841420554","160","1"
"1214","Pc","8001841420615","175","1"
"1996","BUNDLE","8001841429038","510","1"
"1997","BUNDLE","8001841428970","510","1"
"1995","BUNDLE","8001841429007","510","1"
"7898","Pc","8001841396538","225","1"
"7899","BUNDLE","8001841400402","660","1"
"1204","TIN","4800361412407","2850","1"
"7901","POUCH","8961008214818","1230","1"
"6652","POUCH","8964000419137","320","1"
"6652","CTN","8964000419144","1830","6"
"7975","Pc","6291101520304","170","1"
"361","Pc","6291101520120","240","1"
"580","Pc","6291101520113","210","1"
"7982","Pc","8964002289646","290","1"
"7986","Pc","4512346988523","10","1"
"7988","Pc","925100009206","190","1"
"7989","Pc","019962817076","240","1"
"7989","Pc","653341107473","240","1"
"7989","Pc","748252469052","240","1"
"7989","Pc","748252468857","240","1"
"7989","Pc","653341107176","240","1"
"6908","Pc","653341120274","440","1"
"6908","Pc","653341120175","440","1"
"6908","Pc","653341119674","440","1"
"7992","Pc","5010232953994","550","1"
"7993","Box","8964000192016","330","1"
"6044","Pc","8964001764069","340","1"
"1782","Pkt","6924429853495","110","1"
"7996","Pc","4211134577429","320","1"
"7999","Pc","8964000139752","340","1"
"8000","Pc","8964000139998","50","1"
"8002","Pc","8961100001552","270","1"
"444","Pc","8961100001460","570","1"
"8003","Pc","8964000982532","170","1"
"8004","Pc","8964000982631","530","1"
"8005","Pc","4878611125094","260","1"
"8006","Pc","8964000045879","380","1"
"8007","Pc","8964000047439","330","1"
"8007","Pc","8964000047446","330","1"
"8008","Pc","8964000045985","490","1"
"8011","Pc","8964000045442","150","1"
"8651","Pkt","8964001049173","1520","1"
"8652","Pkt","8964001049135","1520","1"
"8653","Pkt","8964001049630","360","1"
"8671","Pc","52411","890","1"
"8675","Pc","52451","190","1"
"8681","POUCH","8964000145739","1120","1"
"1659","BOTTLE","8901030203152","510","1"
"6","500g","0293","115","0.5"
"2972","BOTTLE","8961014247015","245","1"
"8682","POUCH","3014260287030","630","1"
"8690","Pc","9200743710469","340","1"
"8691","Pc","9200100078201","170","1"
"8692","Pc","9200773410063","390","1"
"8694","Pc","6291106065114","1700","1"
"8695","Pc","3587925249303","670","1"
"8699","Pc","86991","1680","1"
"8700","Pc","8964000102626","20","1"
"9132","Pc","1157371","530","1"
"9149","Pc","8690742162351","280","1"
"1724","Box","671866279000","175","1"
"9150","Box","671866130103","175","1"
"9153","Pc","729875565284","300","1"
"9154","POUCH","7622210681546","760","1"
"2308","Box","7622210719423","5300","24"
"6631","Box","7622210187017","11500","24"
"2306","Box","7622210844248","4650","24"
"2307","Box","7622210844286","4650","24"
"8238","Box","7622201726959","1860","24"
"9155","Box","7622201422998","700","24"
"9155","Pc","7622201423001","30","1"
"7900","SACHET","8961008216027","60","1"
"9157","Box","8964000064917","750","1"
"9160","Pc","894559000600","220","1"
"9161","Pc","7702018494200","300","1"
"5017","Pc","8992952953898","190","1"
"5017","Pc","8992952924645","190","1"
"8531","Pc","8961552388225","60","1"
"538","POUCH","815096003374","1750","1"
"8534","Pkt","8960299248748","110","1"
"8535","Pc","3610340639845","525","1"
"4859","Pc","3610340652080","380","1"
"8539","Pc","8964000090282","30","1"
"8542","Pc","8964000102985","20","1"
"8544","Pc","8964000090619","20","1"
"8548","Pc","8901088062480","270","1"
"8548","Pc","8901088062503","270","1"
"8552","Pc","8964000570401","65","1"
"8706","POUCH","8961102501753","100","1"
"6688","POUCH","8961102500909","100","1"
"8707","BOTTLE","718122104116","290","1"
"1271","Pc","8961014242775","75","1"
"8497","Pc","8964001171591","630","1"
"8498","Pc","8966000017573","540","1"
"8499","Pc","8966000017535","550","1"
"7764","Pc","8961014020373","30","1"
"8500","Pkt","8964002527052","140","1"
"8501","Box","8964002528486","315","1"
"8502","Box","8964003593421","310","1"
"8504","Box","8964002527762","230","1"
"8505","POUCH","7622210596789","325","1"
"8496","POUCH","501047864445","100","1"
"7823","Pc","","270","1"
"8000","Pc","8964000139981","50","1"
"8718","Pc","8964002701032","50","1"
"8719","Pc","9856321456788","60","1"
"8720","Pc","894559000532","130","1"
"8721","Pc","894559000525","170","1"
"8722","Pc","894559000556","130","1"
"5237","Pc","egg1","32","1"
"8723","Box","8886467116605","515","1"
"8724","Box","8886467116582","515","1"
"8725","Pc","8966000012462","140","1"
"8737","Pc","894559000587","170","1"
"8738","Pc","8964000578667","170","1"
"8739","POUCH","8886950011424","1090","1"
"7633","Pc","8886950072036","50","1"
"8741","POUCH","8886950096186","200","1"
"8742","Pc","8886950037042","540","1"
"8743","Pc","8886950037059","540","1"
"8745","Box","8961101784201","170","1"
"8746","Box","8961100282784","235","1"
"8747","Box","769503782478","235","1"
"8750","POUCH","620514015750","125","1"
"8751","Pc","9200743730467","75","1"
"8755","Pc","5028217001059","147","1"
"8756","Pc","5028217001042","147","1"
"8076","CTN","","2280","24"
"8757","Pc","894559000822","170","1"
"8760","TIN","8964002347148","465","1"
"8762","Pkt","8964000684283","85","1"
"8769","Pc","8966000017566","650","1"
"8770","Pkt","8964000163221","1230","1"
"8771","Pkt","8964000163191","1310","1"
"8772","Pkt","8964000163030","1380","1"
"8773","Pkt","8964000163139","1220","1"
"8774","Pkt","8964000163214","535","1"
"8775","Pkt","8964000164211","515","1"
"8776","Pkt","8964000163023","520","1"
"8777","Pkt","8964000163122","540","1"
"7625","CTN","","2350","24"
"7623","CTN","","1320","24"
"7102","CTN","","4650","12"
"1424","CTN","","4650","12"
"1206","CTN","","4650","12"
"296","CTN","","4650","12"
"8782","Pc","53681","950","1"
"8783","Pc","53691","590","1"
"8788","Pkt","788821152664","108","1"
"664","BUNDLE","8961014246957","340","1"
"8801","Pc","8961014247671","180","1"
"8803","Pkt","633152016744","125","1"
"1474","POUCH","7622201444242","145","1"
"8814","POUCH","4794236282007","280","1"
"8815","BOTTLE","717273600072","740","1"
"8816","Box","88161","220","1"
"8817","JAR","6455280033509","110","1"
"8819","TIN","4794236284001","750","1"
"8820","TIN","6954567753227","320","1"
"8821","POUCH","8964000241776","160","1"
"8822","POUCH","8964000241417","200","1"
"8823","Box","8964000241929","190","1"
"8824","POUCH","8964000241196","40","1"
"8825","POUCH","8850477002357","990","1"
"8826","POUCH","8850477002074","990","1"
"8827","POUCH","6936363902986","990","1"
"8828","POUCH","8850477002036","990","1"
"8829","POUCH","8850477002388","990","1"
"8824","POUCH","8964000241219","40","1"
"8837","Pc","54231","210","1"
"8840","Pc","8908001158350","790","1"
"8841","pc","8908001158961","790","1"
"8842","Pc","8908001158480","790","1"
"8843","Pc","8908001158305","790","1"
"8844","Pc","8908001158497","790","1"
"8845","Pc","8908001158244","790","1"
"8846","Pc","8908001158954","790","1"
"8847","Pc","3725768451648","690","1"
"8848","Pc","3725768451631","690","1"
"8849","Pc","3725768451624","690","1"
"8850","Pc","3725768451617","690","1"
"8851","Pc","8904238301392","790","1"
"8852","Pc","8904238301422","790","1"
"8853","Pc","8904238301408","790","1"
"8854","Pc","8904238301415","790","1"
"8855","1kg","54432","300","1"
"8855","2Kg","54433","600","2"
"8855","5Kg","54434","1500","5"
"696","BOTTLE","8901200100045","780","1"
"8861","TIN","9557366999666","780","1"
"8862","TIN","9557366999659","325","1"
"1246","Pc","8901030693212","1160","1"
"8863","Pc","8961101782368","385","1"
"5171","Pc","6281006485334","690","1"
"1246","Pc","8901030693267","1160","1"
"7862","Pc","7640142778837","1050","1"
"8864","Pc","8901103110264","490","1"
"1291","Pc","8850007012511","990","1"
"1112","Pc","8712561485548","780","1"
"1112","Pc","8712561483094","780","1"
"1112","Pc","8712561479806","780","1"
"8867","Pc","8999999534844","720","1"
"8874","Pc","1154651","340","1"
"8877","Box","769503781341","170","1"
"8879","Pc","8961014248548","245","1"
"254","Pc","8961014246988","245","1"
"8885","TIN","709081980026","490","1"
"8886","POUCH","8669221012364","85","1"
"8887","Pc","754604755230","890","1"
"8888","Pc","754604503121","890","1"
"8889","Pc","754604760333","890","1"
"8893","Pc","8964000982587","230","1"
"7905","Pc","8964000982853","240","1"
"8894","Pc","8964000982068","460","1"
"8895","Pc","8964000982150","360","1"
"8896","Pc","8964000982471","500","1"
"8897","Pc","8964000982495","390","1"
"8898","Pc","8964000982525","170","1"
"8900","Pc","8964000982433","480","1"
"6776","Pc","8964000982426","680","1"
"8901","Pc","8964000982419","820","1"
"8902","Pc","8964000982297","450","1"
"8904","Pc","89041","1940","1"
"8905","Pc","8964000982273","460","1"
"8906","Pc","8961102110023","100","1"
"8907","Pc","8961102110054","530","1"
"8909","Pc","6001106209506","150","1"
"8911","Pc","6291069706376","410","1"
"8921","Pc","55171","180","1"
"8922","Pc","","20","1"
"8923","Pc","8964001049715","980","1"
"8924","Pc","8964001049722","980","1"
"8925","Pc","8964001049708","980","1"
"8926","Pc","8964001048282","1200","1"
"8927","Pc","8964001048299","1200","1"
"8928","Pc","8964001048312","1200","1"
"8929","Pkt","8964001048305","1200","1"
"8930","Box","8964000666838","115","1"
"8931","Box","8964000666845","115","1"
"8932","Box","8964000666807","115","1"
"8933","Box","8964000666609","115","1"
"8934","Box","8964002075096","115","1"
"8934","Box","8964000666777","115","1"
"8934","Box","8964002075034","115","1"
"8936","Box","8964001141013","100","1"
"8940","TIN","8964000660928","130","1"
"8941","POUCH","8964003197049","140","1"
"8942","POUCH","8964000884409","220","1"
"8944","BOTTLE","8001841494302","1320","1"
"8945","Pc","8001841397993","1140","1"
"8946","BOTTLE","8964000024140","440","1"
"8947","BOTTLE","8964000024126","440","1"
"8950","POUCH","8964001525981","30","1"
"9162","Pc","7702018486250","130","1"
"8951","Pc","3014260279547","210","1"
"8952","Pc","754604755278","890","1"
"8953","Pc","754604755261","890","1"
"8954","Pc","754604755292","890","1"
"8956","Pc","754604755018","890","1"
"8957","Pc","754604755254","890","1"
"8958","Pc","754604755339","890","1"
"8965","CTN","55641","2800","5"
"8965","Pc","55642","560","1"
"24","POUCH","815096003824","880","1"
"8966","Box","815096003213","490","1"
"3278","POUCH","815096003312","870","1"
"1663","Pc","4005900244833","660","1"
"8971","Pc","6954938660116","340","1"
"8972","Pc","745110025504","60","1"
"8982","Pc","896546000341","50","1"
"8983","Pkt","8961008216041","630","1"
"8984","Pc","8961008215938","630","1"
"8985","Pc","8961008235165","630","1"
"8988","Pc","4616139793162","50","1"
"8987","Pc","4616139793179","50","1"
"8994","Pc","8886950057057","120","1"
"8998","POUCH","8961014003574","830","1"
"9001","Box","6291003006678","1140","1"
"9002","Pc","6291100606450","100","1"
"9002","Pc","6291100605378","100","1"
"9004","Pc","8964002522194","165","1"
"9005","Pc","8964002522170","260","1"
"9006","Pc","8964002522132","410","1"
"9007","Pc","8964002522125","240","1"
"9008","Pc","8964002522026","730","1"
"9009","Pc","8964002522200","440","1"
"9010","Pc","*100187*","650","1"
"8506","Box","8964000666869","115","1"
"9012","BOTTLE","1860076001030","100","1"
"9016","Pc","8945590000677","130","1"
"9018","Pc","671866150132","160","1"
"9021","Pc","8992304008702","295","1"
"9022","Pc","8992304008801","295","1"
"9023","Pc","3610340650987","560","1"
"1416","BOTTLE","3610340653544","890","1"
"9024","Box","870572004986","235","1"
"6745","POUCH","870572008366","50","1"
"8646","Pc","8964000064443","60","1"
"8646","Pc","8964000064467","60","1"
"8648","Pc","8964000064306","85","1"
"8648","Pc","8964000064313","85","1"
"9033","BOTTLE","6068357302912","140","1"
"9034","Pc","6068357303049","170","1"
"9035","Pc","6068357303155","270","1"
"9036","Pc","7070606050207","430","1"
"9036","Pc","7070606050108","430","1"
"9037","Pc","8964000043721","340","1"
"9038","Pc","8964000043974","310","1"
"1418","Pkt","4988167012691","45","1"
"9043","Pc","56441","190","1"
"9044","Pc","56451","245","1"
"9057","Pc","8964002346851","50","1"
"9058","Pc","8964000090428","100","1"
"9061","TIN","8961005100015","330","1"
"9067","Pc","8961008206752","120","1"
"9076","BOTTLE","6533411506778","390","1"
"9080","Pc","4616139793186","50","1"
"6586","Pkt","8964002315109","1320","1"
"13","Pkt","815096003817","380","1"
"10","POUCH","815096003800","700","1"
"9091","POUCH","8964001085133","170","1"
"9095","Box","8964001084501","500","1"
"9096","Box","8964001084174","700","1"
"9097","Box","8964001084495","450","1"
"3591","Pc","8992730995492","100","1"
"9098","TIN","8992952924850","930","1"
"9099","TIN","8992952924843","930","1"
"9100","JAR","8992952924348","400","1"
"9101","JAR","8992952924331","400","1"
"9108","Box","870572004979","235","1"
"9111","JAR","46204837","1440","1"
"9112","POUCH","8850477051508","1050","1"
"9113","POUCH","8850477002463","990","1"
"9114","POUCH","8850477002081","1050","1"
"9123","Pc","633152013668","30","1"
"9165","Pkt","6928738109007","580","1"
"9166","Pkt","6928738108024","1000","1"
"9167","Pkt","6928738108031","1100","1"
"9168","Pkt","6928738108048","1200","1"
"9169","POUCH","8886950012223","195","1"
"218","POUCH","8886950013312","50","1"
"9170","POUCH","8886950083162","80","1"
"9185","Pc","9783332133554","60","1"
"9186","Pc","6549798708964","430","1"
"9190","Box","671866278928","115","1"
"388","Pc","8964001078173","130","1"
"388","Pc","8964001078166","130","1"
"388","Pc","8964001078180","130","1"
"9198","BOTTLE","8961100310753","190","1"
"9199","Pc","8964000515235","115","1"
"9205","Box","8964002755905","315","1"
"2114","TIN","8886451004574","3350","1"
"2115","TIN","8886451004512","3350","1"
"2942","TIN","8710428016515","4520","1"
"2112","TIN","8710428016492","3070","1"
"9211","Pc","8964000019016","95","1"
"9213","POUCH","6976351753183","540","1"
"9214","POUCH","6876351753155","290","1"
"9215","Pc","8904238301484","790","1"
"9216","Pc","8904238301460","790","1"
"9217","Pc","8904238301477","790","1"
"9218","Pc","8904238301453","790","1"
"9219","BOTTLE","8001841876122","1060","1"
"9220","Bag","8961100091485","1780","1"
"9221","Bag","8961100092642","2650","1"
"9222","Bag","8961100091447","2580","1"
"9223","Bag","8961100091522","1960","1"
"9232","Pc","8964003820046","680","1"
"7364","Pc","788821016133","30","1"
"7364","Pc","788821016126","30","1"
"9246","Box","6291003012112","490","1"
"9247","Pc","6291003203527","210","1"
"9248","Box","6291003004742","490","1"
"9249","Box","6291003004759","490","1"
"9250","Box","6291003004766","530","1"
"9252","POUCH","8640001112399","240","1"
"9253","Pc","1860074013608","90","1"
"9254","TIN","1860071012215","110","1"
"1332","Pc","8961014236828","195","1"
"243","BOTTLE","8961014248029","740","1"
"234","POUCH","8961014236668","285","1"
"9256","Box","8965310043531","115","1"
"9257","Pc","3610340645945","830","1"
"2702","BOTTLE","3610340653551","510","1"
"9258","SACHET","3610340652202","190","1"
"9259","SACHET","3610340652165","190","1"
"9262","Pc","4260093464028","150","1"
"9263","Pc","88006703","180","1"
"9265","Pkt","620514017389","340","1"
"9269","SACHET","ors","30","1"
"121","Box","8964002528547","315","1"
"19171","Pc","8961102814020","540","1"
"8404","Pc","8964002347292","40","1"
"9279","Pc","8964001436409","30","1"
"9280","Pc","870572008250","20","1"
"9281","Pc","870572005143","30","1"
"9282","Pc","870572006133","50","1"
"9283","Pc","870572006126","50","1"
"9289","Pkt","5126511533457","130","1"
"249","JAR","8961014236774","390","1"
"905","Pkt","8961003012068","90","1"
"9299","Pc","8964001220497","200","1"
"3358","Bag","8966000040311","1500","1"
"9308","Pc","59281","285","1"
"9310","Pc","59301","220","1"
"2113","TIN","8886451004543","3350","1"
"9315","Pkt","8964000064726","550","1"
"9316","Pkt","8964000064702","550","1"
"9317","Pc","8886950066455","150","1"
"9318","Pc","8886950031613","175","1"
"9319","Pc","8886950031620","175","1"
"9322","Pc","620514015699","415","1"
"9323","Pkt","59431","130","1"
"9324","POUCH","3570071726439","130","1"
"9325","POUCH","3570072726438","220","1"
"588","Pc","8961008213989","95","1"
"295","Pc","8961008213972","370","1"
"1438","Pc","8964000101551","90","1"
"9330","BOTTLE","6028100043059","430","1"
"9333","Pc","1159532","130","1"
"9335","JAR","9745823420914","330","1"
"9338","Pc","4005900124821","820","1"
"9339","Pc","6297000226835","570","1"
"9339","Pc","6297000226743","570","1"
"2825","Pc","8712561609364","590","1"
"9348","CTN","","5850","12"
"9348","Pc","8961008216263","500","1"
"297","CTN","","5250","12"
"8311","CTN","","5250","12"
"7986","Box","4512346788895","600","60"
"8530","Pc","8990333160170","315","1"
"9353","POUCH","6234000013171","1130","1"
"9355","Pkt","788821019820","215","1"
"7763","Pc","8961014033953","50","1"
"15","Pkt","8961014020557","190","1"
"20","POUCH","8961014020588","1980","1"
"7795","BOTTLE","8961014247893","440","1"
"884","BOTTLE","8961014248050","1280","1"
"9359","Pkt","8964000062913","350","1"
"9360","Pkt","8964000062906","185","1"
"9361","Pc","plate Small","5","1"
"9362","Pc","spoon large","5","1"
"9365","Pc","6261149007051","100","1"
"9366","Pc","","30","1"
"9366","Pc","","30","1"
"9367","Pc","","30","1"
"9373","Pc","6009679061910","50","1"
"9379","BUNDLE","8964001050483","1410","1"
"323","Pc","2419613982883","320","1"
"9380","Pc","8964001078043","210","1"
"9381","Pc","8964001078050","230","1"
"9384","POUCH","7622210684974","980","1"
"9385","Pc","3610340652455","930","1"
"8214","POUCH","8961008215600","1040","1"
"9387","Pc","8961101231767","190","1"
"9388","BOTTLE","8961101231002","940","1"
"9389","Pc","8961101231354","485","1"
"9392","SACHET","8886950011691","20","1"
"9393","POUCH","8886950011455","1610","1"
"9394","POUCH","8886950012230","770","1"
"2820","Pc","046688100250","1440","1"
"9395","BOTTLE","6970025800043","400","90"
"9395","Pc","","8","1"
"9396","Pc","8886950037011","330","1"
"9397","Pc","8886950037035","330","1"
"9399","Pc","6923289308206","135","1"
"9404","Pkt","8961006010283","145","1"
"9406","Box","8961101782948","295","1"
"9410","Pc","788821122056","330","1"
"9411","JAR","8901138506384","990","1"
"3359","Bag","8966000040304","755","1"
"17","Pkt","8961014020618","200","1"
"9416","Pc","2367342656455","260","1"
"9417","Pc","2367342656431","260","1"
"9421","Pc","8964000024546","230","1"
"9422","Pc","8964000024294","320","1"
"9426","Pc","8964000090657","40","1"
"9433","Pc","60591","590","1"
"9434","Pc","60601","180","1"
"9440","Pc","8886950093291","150","1"
"9442","Pc","8886950093314","180","1"
"9443","50kg","","1500","50"
"9443","1kg","60702","35","1"
"9449","Pkt","8964001084198","690","1"
"9448","Pkt","8994877010021","770","1"
"9452","BOTTLE","6028110044053","155","1"
"9453","BOTTLE","6041500010278","180","1"
"9454","Pc","6518931818716","120","1"
"9455","BOTTLE","6281653938887","240","1"
"9456","BOTTLE","6285001485009","255","1"
"9457","BOTTLE","6281066997709","210","1"
"9458","BOTTLE","6282763602323","150","1"
"9460","Pc","8964002137251","155","1"
"9461","Pc","689076784078","690","1"
"9462","Pc","689076784375","430","1"
"9463","Pc","718122103317","540","1"
"441","POUCH","620514016184","130","1"
"13567","Box","8964002488834","175","1"
"13606","Pc","1202551","90","1"
"9967","Pc","6152457053419","1260","1"
"7496","Pc","1139751","380","1"
"13609","Pc","8964000843765","230","1"
"13610","Pc","8961008217123","1170","1"
"13611","Pc","8961008217116","1170","1"
"13618","TIN","8856049004217","450","1"
"11833","Pc","343120","1490","1"
"13620","Pc","343660","1490","1"
"13622","Box","8994907000251","820","1"
"13622","Box","8994907001289","820","1"
"13343","TIN","8993083924955","1120","1"
"3581","POUCH","8964000821022","400","1"
"6128","POUCH","8964000823163","280","1"
"10200","Pc","8993564101905","160","1"
"13626","Pc","1202752","160","1"
"7049","Pc","1134781","1170","1"
"1795","Pc","1055651","670","1"
"1796","Pc","1055661","890","1"
"13627","Pc","1202761","680","1"
"13629","Pc","1202781","390","1"
"12502","Pkt","6970161891196","1100","1"
"10396","Pkt","6949832800171","190","1"
"10396","Pkt","6971123983881","190","1"
"12169","POUCH","8853301012874","390","1"
"10396","Pkt","6971123983560","190","1"
"10396","Pkt","6949832800096","190","1"
"10396","Pkt","6971123983607","190","1"
"4979","Pc","8961014237375","150","1"
"13710","POUCH","8901837417202","580","1"
"13711","Pc","6931718110368","235","1"
"13714","Pc","089686120073","65","1"
"13715","Pc","1203641","110","1"
"13721","Pc","5055810008406","475","1"
"13721","Pc","5055810008413","475","1"
"13721","Pc","5055810008383","475","1"
"13721","Pc","5055810009403","475","1"
"13721","Pc","5055810008390","475","1"
"13721","Pc","5055810009366","475","1"
"13721","Pc","5055810012403","475","1"
"13721","Pc","5055810009397","475","1"
"13722","Pc","5055810014636","490","1"
"13722","Pc","5055810014650","490","1"
"13722","Pc","5055810014643","490","1"
"13722","Pc","5055810014698","490","1"
"13722","Pc","5055810014612","490","1"
"13722","Pc","5055810014674","490","1"
"13722","Pc","5055810014629","490","1"
"13722","Pc","5055810014681","490","1"
"13807","Pc","8964000145418","350","1"
"4291","POUCH","8997212800349","320","1"
"4291","POUCH","8997212800325","320","1"
"4291","POUCH","8997212800585","320","1"
"13808","TIN","6084012090475","1030","1"
"9044","Pc","2406911523474","245","1"
"2517","Pc","1073631","280","1"
"2518","Pc","1073641","300","1"
"2560","Pc","1074111","330","1"
"4376","Pc","1102011","2120","1"
"13809","Pc","1204581","370","1"
"2513","Pc","1073591","530","1"
"13810","Pc","1204591","540","1"
"13813","Pc","8964002582334","200","1"
"13813","Pc","8964002582327","200","1"
"13814","Pc","1204631","1740","1"
"12815","CRATE","","1920","24"
"9508","Pkt","36391110","70","1"
"12222","Pc","6916790251499","520","1"
"12222","Pc","6916790251505","520","1"
"12222","Pc","6916790260651","520","1"
"12594","Pc","6916790263317","440","1"
"12594","Pc","6916790263331","440","1"
"12594","Pc","6916790263324","440","1"
"12594","Pc","6916790263348","440","1"
"2823","BOTTLE","3574661427843","1350","1"
"13815","Pc","3574661270517","520","1"
"13816","Pump","8888300193507","1030","1"
"13817","Pc","4792081014804","480","1"
"13818","Pc","4792081014828","250","1"
"13820","Pc","88821573","770","1"
"9759","Pc","4792081014811","750","1"
"7620","Pc","3607345380292","690","1"
"7620","Pc","3607345380094","690","1"
"7620","Pc","3614229477047","690","1"
"7620","Pc","3607345387321","690","1"
"7620","Pc","3607346550922","690","1"
"13821","Pc","88822433","310","1"
"9788","BOTTLE","3059943009103","1180","1"
"13819","Pc","8710447214275","560","1"
"13819","Pc","8710447493892","560","1"
"13819","Pc","8710447171363","560","1"
"13819","Pc","8710447493854","560","1"
"13819","Pc","8710447492222","560","1"
"9479","Pkt","36391707","50","1"
"12395","Pkt","36391875","100","1"
"12499","POUCH","8850477002319","6590","1"
"12497","POUCH","8850477002326","5430","1"
"13822","Pc","3073781190946","920","1"
"10539","Bag","301877402813","400","1"
"13824","Pc","8682257127741","600","1"
"13824","Pc","8682257126768","600","1"
"13824","Pc","8682257126775","600","1"
"13824","Pc","8682560992067","600","1"
"13824","Pc","8682257126829","600","1"
"13824","Pc","8682257127369","600","1"
"13824","Pc","8682257126782","600","1"
"13824","Pc","8682560992166","600","1"
"13824","Pc","8682560995143","600","1"
"13824","Pc","8682560991473","600","1"
"13826","Pc","788821017833","145","1"
"12519","Pc","6971233889172","545","1"
"13833","Pc","138331","415","1"
"13834","Pc","1204831","585","1"
"9509","Pkt","95092","140","1"
"13834","Pc","8850851700404","585","1"
"12525","Pc","6970335160844","635","1"
"13837","POUCH","8961008217512","1820","1"
"10185","Pc","8935001723769","40","1"
"13839","Pc","3040506070012","280","1"
"13840","POUCH","3570004726437","65","1"
"1118","Pc","8886950083155","140","1"
"13841","Pc","8886950076034","75","1"
"13874","BOTTLE","1860201610779","60","1"
"13734","Pc","8964002862146","10","1"
"13875","BOTTLE","8961100503919","690","1"
"7105","CTN","","4250","12"
"11091","Pc","6947446410083","160","1"
"3264","Pc","6985214769032","70","1"
"6361","Pc","1127351","50","1"
"6148","Pc","1125041","50","1"
"13882","Pkt","1205311","140","1"
"13884","Pc","1205331","140","1"
"1820","Pc","1056072","40","1"
"13886","Pc","1205351","230","1"
"13887","Pc","1205361","70","1"
"2962","CRATE","","4150","24"
"11248","Pc","4902430359719","3230","1"
"5652","Pc","1119341","3050","1"
"11444","POUCH","8964002582792","280","1"
"11444","POUCH","8964002582808","280","1"
"11444","POUCH","8964002582815","280","1"
"11444","POUCH","8964002582853","280","1"
"11444","POUCH","8964002582822","280","1"
"3092","Pc","1083393","40","1"
"13902","Box","8964002528011","235","1"
"13903","Pc","1205521","170","1"
"2209","Pc","5000386147745","1740","1"
"2209","Pc","5000386111838","1740","1"
"13728","Pc","614514153017","2540","1"
"13729","Pc","614514198018","2480","1"
"13732","Pc","9922200199944","620","1"
"3585","Box","8961100284245","460","12"
"3585","Pc","8961100284238","40","1"
"13734","Pc","8964002862177","10","1"
"13734","Pc","8964002862153","10","1"
"13734","Pc","8964002862160","10","1"
"13734","Pc","8964002917143","10","1"
"13734","Pc","8964002862184","10","1"
"13735","BOTTLE","8411356000019","1140","1"
"13736","BOTTLE","8411356780942","615","1"
"12494","TIN","290000041626","550","1"
"13737","BOTTLE","343180","1490","1"
"10773","Box","1235248582E","250","50"
"175","Pc","7322","580","1"
"1126","Pc","8964003015572","390","1"
"13738","Pc","3700082500074","2750","1"
"4333","Pc","8901248451024","490","1"
"13740","Pc","8964001764007","610","1"
"13741","Pc","9200222210862","320","1"
"11042","Pc","8964000139332","70","1"
"13745","Pc","8964000043424","850","1"
"13819","Pc","8717644086605","560","1"
"4978","Pc","8961014237399","120","1"
"9503","Pkt","36391585","90","1"
"13746","Pc","8964000144480","299","1"
"13747","Pc","8964000144534","240","1"
"13748","Pc","8964000145944","200","1"
"13749","Pc","8964000144398","750","1"
"10551","Pc","6294015103410","745","1"
"13751","Pc","1204001","100","1"
"13752","Pc","1204011","260","1"
"13753","Pc","1204021","220","1"
"13755","BOTTLE","1860236002020","100","1"
"13754","BOTTLE","1860076001061","100","1"
"13757","Pc","1204061","70","1"
"13756","Pc","1204051","50","1"
"13758","Pc","8006540021217","125","1"
"13759","Pc","8006540021187","125","1"
"13760","Pc","8006540021156","130","1"
"13761","BUNDLE","8006540056141","375","1"
"13763","BUNDLE","8886950039305","415","1"
"142","Bag","","850","1"
"13764","Pump","8886950035321","1120","1"
"9160","Pc","8500018460596","220","1"
"13772","BUNDLE","8961101233129","400","1"
"9787","Box","9300701701376","2580","1"
"9788","BOTTLE","8002910047788","1180","1"
"9788","BOTTLE","8002910047627","1180","1"
"13777","Pc","8850002804227","160","1"
"13777","Pc","8850002804944","160","1"
"13779","POUCH","8850002016989","1120","1"
"13780","Pc","6291107676036","390","1"
"13780","Pc","6291107676043","390","1"
"13780","Pc","6291107676111","390","1"
"13780","Pc","6291107676050","390","1"
"13780","Pc","6291107676029","390","1"
"13780","Pc","6291107676104","390","1"
"13780","Pc","6291107676098","390","1"
"13780","Pc","6291107676074","390","1"
"2812","25kg","","9250","25"
"13780","Pc","6291107676128","390","1"
"13780","Pc","6291107676135","390","1"
"9534","Pkt","36391455","85","1"
"11279","CRATE","","1050","12"
"1495","Box","42751","230","1"
"13782","Pc","8961100095032","395","1"
"13784","Pc","8853333015362","1540","1"
"13783","Pc","8853333015393","590","1"
"7291","BOTTLE","9287220256795","150","1"
"7291","BOTTLE","9287225491641","150","1"
"7291","BOTTLE","9287223359752","150","1"
"7291","BOTTLE","9287220236896","150","1"
"13786","Pkt","8964002574261","100","1"
"13785","Pkt","8964002574254","95","1"
"13791","Pkt","8964002574957","145","1"
"13819","Pc","8717163340455","560","1"
"13819","Pc","8710447492185","560","1"
"13790","pkt1","8964002574933","145","1"
"13789","Pkt","8964002574964","145","1"
"13788","Pkt","8964002574940","145","1"
"13787","Pkt","8964002574872","145","1"
"13792","Pc","1204411","170","1"
"1017","POUCH","8961014021578","460","1"
"12394","Pkt","36391332","50","1"
"13798","Pc","1204471","120","1"
"13800","TIN","8964000707258","990","1"
"257","Pc","8961014021615","75","1"
"13801","Pc","6928820043042","880","1"
"13803","Pc","8935001723707","220","1"
"13803","Pc","8935001723820","220","1"
"13803","Pc","8935001723844","220","1"
"13804","TIN","8693241677906","220","1"
"13805","TIN","9555513204885","260","1"
"13806","Pc","6290050602239","85","1"
"13842","Pc","8886950076058","210","1"
"13844","Pc","8886950076096","260","1"
"13843","Pc","8886950076089","125","1"
"13845","Pc","8964001076087","380","1"
"13846","Pc","8964001076056","425","1"
"13504","Box","62004510","180","1"
"11535","Pc","4522831953882","30","1"
"13851","Pc","8992304033872","875","1"
"13852","POUCH","8850002020856","490","1"
"13853","Pump","8850002019690","575","1"
"6649","POUCH","8964000819883","315","1"
"13854","Pkt","8964000163054","1410","1"
"13858","Pc","8964002574360","145","1"
"13859","Pc","8964002574377","145","1"
"13860","Pc","8964002574353","145","1"
"13862","POUCH","8964001207900","120","1"
"13864","SACHET","1812186283820","50","1"
"8737","Pc","850027875026","170","1"
"13821","Pc","88822426","310","1"
"13866","Pc","1205151","30","1"
"13867","Pc","1205161","140","1"
"13869","Pc","1205181","150","1"
"13870","Pc","1205191","50","1"
"13871","Pc","1205201","1130","1"
"13872","Pc","1205211","260","1"
"13873","BOTTLE","1860071012147","60","1"
"2694","Pc","1075771","15","1"
"5188","Pc","1113351","30","1"
"3470","Pc","1089931","120","1"
"13904","Pc","6956742805967","740","1"
"3656","Pc","1092491","690","1"
"3673","Pc","1092681","390","1"
"580","Pc","16813","210","1"
"13906","Pc","6926868330766","100","1"
"9606","Pkt","6948832901734","580","1"
"13908","Pkt","1205571","490","1"
"13912","JAR","8964002522231","650","1"
"6660","BOTTLE","5012254061282","960","1"
"13896","Pc","6291105540223","660","1"
"13896","Pc","6291105540209","660","1"
"13896","Pc","6291105540186","660","1"
"13896","Pc","6291105540087","660","1"
"2944","BOTTLE","3574661253350","690","1"
"9781","Pump","3574661073224","1980","1"
"9781","Pump","3574661333595","1980","1"
"13914","Pc","8904238301279","2350","1"
"13914","Pc","8904238301248","2350","1"
"13914","Pc","8904238301262","2350","1"
"13914","Pc","8904238301255","2350","1"
"13915","Pc","752590081043","2780","1"
"13917","Pc","8934839125530","480","1"
"13918","Pc","8961100091249","345","1"
"13919","Pc","4014400935387","1090","1"
"13925","POUCH","8964000825396","120","1"
"13924","POUCH","8964000825389","120","1"
"9500","Pkt","36391424","230","1"
"5780","POUCH","8964000821015","360","1"
"13926","JAR","8961005030053","380","1"
"12617","Pc","8904023008529","380","1"
"5067","Pc","87108781","180","1"
"2214","Pump","3574669908023","1630","1"
"13927","Pc","6281001305026","380","1"
"8695","Pc","3587925249358","670","1"
"8695","Pc","3587925249433","670","1"
"8695","Pc","3587925249419","670","1"
"8695","Pc","8694587568293","670","1"
"8695","Pc","3587925249327","670","1"
"8695","Pc","3587925249501","670","1"
"8695","Pc","3587925249426","670","1"
"8695","Pc","3587925249310","670","1"
"8851","Pc","6297000842516","790","1"
"4206","Pkt","1099741","340","1"
"4358","Pkt","1101711","640","1"
"2479","Pc","1073181","520","1"
"13933","Pc","1205821","260","1"
"13932","Pc","1205811","260","1"
"13929","Pc","1205781","190","1"
"13930","Pc","1205791","270","1"
"9849","Pc","9780201379723","560","1"
"10203","Pc","8992741904551","80","1"
"11740","Pkt","3415042310074","1180","1"
"11740","Pkt","1183783","1180","1"
"13635","Pc","1202841","1830","1"
"13638","Pc","1202871","1875","1"
"13640","Pc","1202891","275","1"
"13641","Box","1202901","345","1"
"13642","Pc","1202911","345","1"
"13643","Pc","1202921","320","1"
"13644","Pc","1202931","220","1"
"13644","Pc","4991203139566","220","1"
"13645","Pc","1202941","190","1"
"13646","Pc","1202951","190","1"
"13650","Pc","1202991","330","1"
"13651","Pc","1203001","185","1"
"13652","Pc","1203011","50","1"
"13653","Pc","1203021","570","1"
"13653","Pc","7945468742181","570","1"
"13654","Pc","1203031","50","1"
"13655","ROLL","1203041","395","1"
"13657","Pc","1203061","80","1"
"6166","PATTA","1125224","230","1"
"13663","Pc","1203121","240","1"
"13664","Pc","1203131","180","1"
"13665","Pc","6923289308213","130","1"
"13666","JAR","3600542045544","630","1"
"12289","Pc","5060453450758","385","1"
"3235","Pc","4801010570103","690","1"
"13667","Pc","9556006060001","790","1"
"13670","Pc","1203191","220","1"
"13671","Pc","1203201","310","1"
"13672","Pc","1203211","790","1"
"1231","Pc","309978695103","800","1"
"13674","Pc","309978695110","800","1"
"13675","Pc","309976623122","800","1"
"13676","Pc","309978695202","800","1"
"13677","Pc","309978456278","800","1"
"13678","Pc","309978695301","850","1"
"13679","Pc","309978695318","800","1"
"13680","Pc","309978695325","800","1"
"13681","Pc","309978695332","800","1"
"13682","Pc","309978695349","800","1"
"13683","Pc","309978456353","800","1"
"13684","Pc","309978456377","800","1"
"13685","Pc","309978695400","800","1"
"13686","Pc","309978695417","800","1"
"13687","Pc","309978695424","800","1"
"13688","Pc","309978695431","800","1"
"13689","Pc","309978695448","800","1"
"13690","Pc","309978695455","800","1"
"13691","Pc","309978695462","800","1"
"13692","Pc","309978695479","800","1"
"13693","Pc","309976623481","800","1"
"13694","Pc","309976623498","800","1"
"13695","Pc","309978695509","800","1"
"13696","Pc","309978695516","800","1"
"13697","Pc","309978695530","800","1"
"13698","Pc","309978695547","800","1"
"13699","Pc","309978695554","800","1"
"13700","Pc","309978456575","800","1"
"13701","Pc","309978695608","800","1"
"13702","Pc","309976623610","800","1"
"13703","Pc","309978695707","800","1"
"13704","Pc","309978695714","800","1"
"13705","Pc","309978695738","800","1"
"13706","Pc","309978695745","800","1"
"13707","Pc","309978456759","800","1"
"13724","Pc","6294015125177","770","1"
"13724","Pc","6294015125184","770","1"
"13726","Pc","7320155980310","520","1"
"13726","Pc","7320155980228","520","1"
"13726","Pc","7320155980327","520","1"
"12705","Pc","6291103661005","2480","1"
"13727","Pc","3442151006000","3940","1"
"13931","Pc","1205801","260","1"
"13937","JAR","5000183501108","1250","1"
"13938","Box","028400055109","550","1"
"13938","Box","028400055093","550","1"
"13938","Box","028400055154","550","1"
"13938","Box","028400055116","550","1"
"13939","JAR","013000006408","715","1"
"13940","Pkt","7612100062890","590","1"
"13941","Pkt","5410126006360","1320","1"
"13942","POUCH","6921211117025","360","1"
"13943","Pc","5000101910616","320","1"
"13944","Pc","6221155019233","110","1"
"3281","Pc","8718951264618","680","1"
"13945","Pc","5054563180179","520","1"
"13947","Pc","5000347071461","590","1"
"13946","Pc","5000347002809","590","1"
"13218","Pc","6795505331110","320","1"
"13948","Pc","8964001220602","170","1"
"13949","TIN","90435355","490","1"
"1657","BOTTLE","6221155046574","580","1"
"251","BOTTLE","8961014237559","395","1"
"12703","Pc","6293708007684","1030","1"
"13839","Pc","3040506070036","280","1"
"13951","Pc","1206001","1030","1"
"4815","Pc","1107721","1260","1"
"5644","Pc","1119211","340","1"
"2890","Pc","1079021","1570","1"
"13952","Pc","1206011","765","1"
"3326","Pc","1087421","5330","1"
"2913","Pc","1079401","1430","1"
"7282","Pc","1137321","1340","1"
"5486","Pc","1117331","980","1"
"2663","Pc","1075451","1470","1"
"2626","Pc","1075021","970","1"
"13953","POUCH","1206021","375","1"
"2678","Pc","1075601","1250","1"
"13954","BOTTLE","1860076001078","100","1"
"6067","BOTTLE","1860074054502","180","1"
"13032","Pc","89601419","250","1"
"13032","Pc","89601402","250","1"
"13032","Pc","89601365","250","1"
"13956","POUCH","8961008217611","1730","1"
"1724","Box","671866278911","175","1"
"13957","POUCH","671866149761","220","1"
"13958","Pc","8964000750155","245","1"
"13959","Pc","8964000144473","750","1"
"13960","Pkt","6130793007024","1320","1"
"451","Pc","8961100040032","440","1"
"9935","Pc","4856985895454","320","1"
"2215","Pc","7622201799915","10","1"
"13962","Pc","6423080608449","2340","1"
"13961","Pc","6423080609965","2340","1"
"13963","Pc","6922243359179","1140","1"
"13963","Pc","6922243359704","1140","1"
"13963","Pc","6922243362728","1140","1"
"13963","Pc","6922243359186","1140","1"
"13964","Pc","6922243358462","1140","1"
"13964","Pc","6922243350640","1140","1"
"13965","Pc","8999999566838","760","1"
"13966","Pc","8886467060199","590","1"
"401","BOTTLE","6009689191621","160","1"
"13967","Pc","8961100023585","40","1"
"13968","BUNDLE","788821017956","180","1"
"13969","BUNDLE","788821017949","210","1"
"13970","Pkt","6930957809293","130","1"
"13972","Box","8964002574674","220","1"
"13974","Box","8964002574698","285","1"
"13975","Pkt","8964002574759","380","1"
"13976","Pkt","8964002574773","280","1"
"13977","POUCH","8964002862238","375","1"
"13978","POUCH","8964002862214","290","1"
"13979","POUCH","8964002582273","375","1"
"13980","BOTTLE","8886950035338","1120","1"
"13981","Pc","8410522001034","790","1"
"13982","Pc","1206311","650","1"
"7461","Pc","614514070055","630","1"
"7461","Pc","614514070031","630","1"
"1663","Pc","4005900554581","660","1"
"1663","Pc","4005900554611","660","1"
"1663","Pc","4005900554376","660","1"
"1234","Pc","4015100189858","490","1"
"1234","Pc","4015000997423","490","1"
"1234","Pc","4015000524414","490","1"
"4770","Pc","1107061","25","1"
"4991","Pc","49911","40","1"
"13983","JAR","8964001358091","530","1"
"13984","POUCH","8801038601366","260","1"
"13987","POUCH","6294002414574","590","1"
"13988","Box","41364734","1140","1"
"4155","Pc","1099171","1160","1"
"13989","Pc","1206381","990","1"
"13990","Pc","1206391","830","1"
"13992","Pc","8993417425134","130","1"
"13992","Pc","8993417425158","130","1"
"13993","Pc","754604601018","570","1"
"6104","Pc","9556126639330","1680","1"
"6104","Pc","9556126604789","1680","1"
"6104","Pc","9556126605953","1680","1"
"13995","Pc","8934839122478","380","1"
"14002","Pc","8901314712530","170","1"
"9829","Pc","8850002015203","170","1"
"9816","Pc","4015000615907","660","1"
"9816","Pc","4015000615891","660","1"
"9816","Pc","8690572783931","660","1"
"14202","Pc","8025337009399","1160","1"
"14005","Pkt","8964000981313","220","1"
"14004","Pkt","8964000981320","220","1"
"1059","Pkt","815096003398","380","1"
"14006","BOTTLE","8964000024942","780","1"
"14008","Pc","717273501706","2290","1"
"14007","JAR","717273600102","740","1"
"14009","Pc","140091","360","1"
"14010","Pc","140101","620","1"
"14011","Pc","010900035859","665","1"
"14012","Pc","010900035880","470","1"
"14013","JAR","3608580037804","870","1"
"14014","JAR","3608580037927","870","1"
"14015","JAR","3608580037958","870","1"
"14017","Box","717273600393","585","1"
"14017","Box","717273600454","585","1"
"14017","Box","717273600416","585","1"
"14017","Box","717273600409","585","1"
"14017","Box","717273600423","585","1"
"14018","TIN","717273600225","375","1"
"14019","TIN","717273600232","425","1"
"14020","POUCH","8007290003843","435","1"
"14021","TIN","6959176432082","400","1"
"14022","JAR","8852671524321","370","1"
"14023","BOTTLE","8850534102211","140","1"
"14023","BOTTLE","8850534103065","140","1"
"14024","BOTTLE","8850534102235","140","1"
"14025","BOTTLE","039202644453","140","1"
"14025","BOTTLE","039202644446","140","1"
"14025","BOTTLE","039202644477","140","1"
"14025","BOTTLE","039202644439","140","1"
"14026","JAR","717273600362","660","1"
"14027","JAR","717273600133","930","1"
"14028","JAR","717273600164","2120","1"
"14029","JAR","717273600140","1760","1"
"14030","JAR","717273600157","2120","1"
"5623","Pc","8901030005091","590","1"
"5623","Pc","6281006485396","590","1"
"5623","Pc","6281006485426","590","1"
"14031","Pc","8994993001620","890","1"
"14032","Pkt","6518931818709","120","1"
"1540","Pkt","695240207267","190","10"
"14034","Pc","8851932355315","920","1"
"14035","Pc","8901207003875","390","1"
"14036","BOTTLE","8964002686100","1250","1"
"8281","Pc","1148351","180","1"
"14037","Pc","8964001195177","860","1"
"14038","POUCH","8964000707654","540","1"
"14039","TIN","8964000707081","600","1"
"14040","TIN","717273701625","330","1"
"14041","TIN","717273600263","310","1"
"14042","TIN","017273502124","1075","1"
"14043","TIN","717273600171","360","1"
"14044","JAR","717273600324","745","1"
"14045","TIN","717273600218","485","1"
"14047","TIN","717273600195","360","1"
"14046","TIN","717273600188","360","1"
"452","Pc","8961100040124","210","1"
"452","Pc","8961100040100","210","1"
"452","Pc","8961100041107","210","1"
"452","Pc","8961100040148","210","1"
"452","Pc","8961100041091","210","1"
"452","Pc","8961100040049","210","1"
"14048","Pc","1206971","20","1"
"14049","JAR","8964002522071","650","1"
"14050","BOTTLE","100184","1175","1"
"614","POUCH","8961014249804","80","1"
"883","BOTTLE","8961014248043","740","1"
"14054","POUCH","8850632200031","280","1"
"14055","POUCH","8850632200864","250","1"
"481","TIN","5449000008046","120","1"
"481","CRATE","","1300","12"
"3257","TIN","5449000000729","120","1"
"5127","TIN","5449000000712","120","1"
"14056","TIN","5449000020987","120","1"
"14056","CRATE","","1300","12"
"14057","TIN","5449000087256","120","1"
"14057","CRATE","","1300","12"
"14058","BOTTLE","5449000098504","100","1"
"14058","CRATE","","550","6"
"14059","CRATE","","650","12"
"14059","BOTTLE","87303322","60","1"
"14064","Pkt","8852961018813","60","1"
"14063","Pkt","8852961011456","60","1"
"14062","Pkt","8852961021417","120","1"
"14061","Pkt","8852961007695","80","1"
"14060","Pkt","8852961008265","80","1"
"14065","Box","8000500037874","1470","1"
"14067","Pkt","6939442610154","340","1"
"14071","Pc","839796006190","80","1"
"12643","Box","5000159460309","8880","24"
"12643","Box","5000159460293","8880","24"
"12741","Pc","6294015133547","680","1"
"13561","Box","6952841909223","6480","36"
"13466","CTN","8964001359920","1080","12"
"14073","Pc","8961005716469","99","1"
"14074","Box","8965310048130","115","1"
"14076","JAR","8964000961988","620","1"
"14075","JAR","8964000961964","620","1"
"14077","BOTTLE","80977049","920","1"
"14077","BOTTLE","80866220","920","1"
"8868","Pc","1154591","130","1"
"2388","Pc","1071371","95","1"
"14080","JAR","1352841782553","490","1"
"14079","PATTA","5461565312222","290","1"
"14078","Box","1309593736051","390","1"
"706","BOTTLE","3610340654237","510","1"
"2700","BOTTLE","3610340654275","525","1"
"1192","BOTTLE","3610340654251","890","1"
"14081","POUCH","1207311","90","1"
"14086","Pc","9200475782475","240","1"
"20567","Pc","205671","540","1"
"10886","Pc","8964000535943","80","1"
"10886","Pc","8964000535950","80","1"
"10886","Pc","8964000535929","80","1"
"14087","Pc","6221134010619","360","1"
"14088","Pc","011210000018","375","1"
"14089","Box","8964000597910","115","1"
"14090","TIN","6922243358400","2780","1"
"14090","TIN","6922243362650","2780","1"
"14090","TIN","6922243362995","2780","1"
"14091","TIN","6922243368898","2780","1"
"14092","TIN","6922243368904","2780","1"
"14093","Pc","4005900568922","760","1"
"14093","Pc","4005900567932","760","1"
"14093","Pc","4005802324893","760","1"
"14095","Pc","8961102060175","590","1"
"14095","Pc","8961102060168","590","1"
"14095","Pc","8961102060182","590","1"
"14097","BUNDLE","8961100023554","150","1"
"14097","BUNDLE","8961100023691","150","1"
"13410","Pc","8964002647262","290","1"
"10851","Pc","6518931885619","90","1"
"10851","Pc","6518931885831","90","1"
"10851","Pc","6518931885725","90","1"
"14098","JAR","8964002522514","465","1"
"14099","JAR","8964002522491","465","1"
"7150","Box","7622210427519","580","12"
"7150","Pc","7622210427441","50","1"
"14101","BOTTLE","855434000641","200","1"
"14103","Pc","855434010046","40","1"
"14104","Pc","855434002836","250","1"
"14106","BOTTLE","855434001273","95","1"
"14105","BOTTLE","855434001365","125","1"
"9323","Pkt","2572726771840","130","1"
"451","Pc","8961100040117","440","1"
"451","Pc","8961100040070","440","1"
"451","Pc","8961100040094","440","1"
"451","Pc","8961100040018","440","1"
"451","Pc","8961100040131","440","1"
"14108","Pc","8697459834069","170","1"
"14108","Pc","8692641007115","170","1"
"14108","Pc","8697459834045","170","1"
"14108","Pc","8697459834021","170","1"
"14108","Pc","8697459834175","170","1"
"14115","Pc","072151421119","490","1"
"14114","Pc","072151458979","490","1"
"14113","Pc","072151187848","490","1"
"14112","Pc","072151188043","490","1"
"14111","Pc","072151187909","490","1"
"14110","Pc","072151188005","490","1"
"14109","Pc","072151187701","490","1"
"7278","Pc","1137281","220","1"
"11091","Pc","6970703032032","160","1"
"11091","Pc","6913362806071","160","1"
"11091","Pc","6945313786668","160","1"
"11091","Pc","6913362806019","160","1"
"11091","Pc","6971667825036","160","1"
"14116","Pc","1207661","110","1"
"14117","Pc","6971343559194","120","1"
"9501","Pkt","36391660","130","1"
"14118","TIN","7613200161070","1661","1"
"14121","Pc","8886950031743","118","1"
"14122","Pc","8886950031798","148","1"
"14123","JAR","8428916059592","1475","1"
"6482","Pc","8964000717400","260","1"
"14031","Pc","8992304084027","890","1"
"7862","Pc","8717278897035","1050","1"
"7862","Pc","7640142778677","1050","1"
"14125","Pc","","470","1"
"9748","Pc","047400247307","940","1"
"14126","Pc","3355727024837","370","1"
"14130","Box","8964002444830","235","1"
"14131","Box","8964002444083","115","1"
"14132","Box","8964002444076","235","1"
"7991","Pc","1145271","180","1"
"5769","Pc","1120801","290","1"
"14133","Pc","6297001034002","790","1"
"14134","Pc","6297001034019","740","1"
"9133","Pc","1157381","330","1"
"3211","Pc","1085071","530","1"
"14135","Pc","1207851","520","1"
"14136","Pc","1207861","180","1"
"14137","Pc","1207871","475","1"
"9045","Pc","1156461","690","1"
"14139","Pc","1207891","435","1"
"14138","Pc","1207881","365","1"
"14143","POUCH","5000159452861","2250","1"
"14142","POUCH","5000159452847","2250","1"
"14141","POUCH","5000159452885","2190","1"
"14140","POUCH","5000159452908","2250","1"
"2514","Pc","1073601","490","1"
"14144","Pc","1207941","220","1"
"14145","Pc","1207951","195","1"
"14146","Pc","1207961","320","1"
"14147","Pkt","1207971","2450","1"
"14148","Box","8682588710797","580","17"
"14148","Pc","1207982","40","1"
"14149","Box","8682588710803","580","17"
"14149","Pc","1207992","40","1"
"14151","Box","8682588710766","1560","16"
"14151","Pc","8682588710773","110","1"
"14150","Box","8682588710759","1560","16"
"14150","Pc","8682588710780","110","1"
"14152","Box","5000328136530","950","1"
"13342","Box","8000500047873","9000","16"
"9823","Pc","614514060438","730","1"
"9823","Pc","614514060179","730","1"
"9823","Pc","614514060285","730","1"
"9823","Pc","614514060278","730","1"
"10548","Pc","6291110001375","430","1"
"10548","Pc","6291110097033","430","1"
"14153","Pc","6291110016072","740","1"
"14153","Pc","6291110004703","740","1"
"14153","Pc","6291110016126","740","1"
"14153","Pc","6291110016195","740","1"
"14153","Pc","6291110003386","740","1"
"14153","Pc","6291110010353","740","1"
"14153","Pc","6291110018496","740","1"
"14153","Pc","6291110003355","740","1"
"14153","Pc","6291110002266","740","1"
"9691","Pc","8901177800238","160","1"
"14160","Pc","8992952925307","60","1"
"14161","Pc","8961100022540","140","1"
"14162","Pc","1208121","110","1"
"1574","Pc","44431","120","1"
"14163","Pc","8961100280896","610","1"
"14164","Pkt","1208141","550","1"
"14165","Pkt","1208151","660","1"
"14166","Pkt","1208161","590","1"
"14167","Box","1208171","330","1"
"14168","Pkt","1208181","395","1"
"14169","POUCH","1208191","880","1"
"14170","Box","1208201","860","1"
"14171","POUCH","1208211","620","1"
"14172","POUCH","1208221","845","1"
"14173","POUCH","1208231","640","1"
"14174","POUCH","1208241","740","1"
"14175","POUCH","1208251","350","1"
"14176","Pc","1208261","1270","1"
"14177","POUCH","1208271","350","1"
"5385","Pc","1116041","330","1"
"2745","Box","1076631","940","1"
"14178","Box","1208281","535","1"
"14179","Pc","1208291","520","1"
"14180","Pc","1208301","475","1"
"14181","Pc","1208311","545","1"
"6581","Box","1129771","535","1"
"14182","Box","1208321","1540","1"
"3868","Pc","1095471","1380","1"
"14183","Box","1208331","1170","1"
"14184","Box","1208341","840","1"
"2630","Box","1075061","2130","1"
"14185","Box","1208351","2470","1"
"2786","Pc","1077091","150","1"
"14186","Pc","1208361","90","1"
"2794","Box","695240208806","780","12"
"8871","Pc","1154621","470","1"
"14187","POUCH","8001090105011","3350","1"
"14189","Pkt","695240206598","650","10"
"14189","Pc","1208392","70","1"
"7019","Pkt","70191","430","1"
"225","POUCH","8961008217468","1150","1"
"14190","Pc","815082008130","160","1"
"14191","Pc","8025337313076","2750","1"
"10824","Pc","331078600268","540","1"
"14192","Box","8961101784409","235","1"
"4616","Box","8961101785185","235","1"
"14193","Box","8961100288595","235","1"
"19171","Pc","8961102814051","540","1"
"14198","Pc","8784847874179","200","1"
"14199","Pc","8452100012148","30","1"
"14200","Pkt","7702018264230","2950","1"
"13099","Pc","7702018534821","1540","1"
"14201","Pc","8992222300506","620","1"
"14203","Pc","8025337009405","1160","1"
"14204","Pc","8025337009429","1160","1"
"14205","Pc","8025337009474","1160","1"
"14206","Pc","8025337009641","1160","1"
"14207","Pc","8025337009795","1160","1"
"14208","Pc","8025337010005","1160","1"
"14209","Pc","8025337010166","1160","1"
"14210","Pc","8025337009344","1160","1"
"14211","Pc","8025337313007","1160","1"
"14212","Pc","8025337009368","1160","1"
"14213","Pc","8025337128878","1160","1"
"14214","Pc","8025337009467","1160","1"
"14216","Pc","8025337009610","1160","1"
"14215","Pc","8025337009450","1160","1"
"14217","Pc","8025337009498","1160","1"
"14218","Pc","8025337347354","1160","1"
"14219","Pc","8025337009528","1160","1"
"14220","Pc","8025337009597","1160","1"
"14221","Pc","8025337009542","1160","1"
"14222","Pc","8025337009566","1160","1"
"14223","Pc","8025337009627","1160","1"
"14224","Pc","8025337009658","1160","1"
"14225","Pc","8025337009696","1160","1"
"14226","Pc","8025337009726","1160","1"
"14227","Pc","8025337009757","1160","1"
"14228","Pc","8025337009702","1160","1"
"14229","Pc","8025337009719","1160","1"
"14230","Pc","8025337009733","1160","1"
"14231","Pc","8025337009764","1160","1"
"14232","Pc","8025337009801","1160","1"
"14233","Pc","8025337009849","1160","1"
"14234","Pc","8025337009917","1160","1"
"14235","Pc","8025337009887","1160","1"
"14236","Pc","8025337009900","1160","1"
"14237","Pc","8025337009825","1160","1"
"14238","Pc","8025337009863","1160","1"
"14239","Pc","8025337009931","1160","1"
"14240","Pc","8025337009979","1160","1"
"14241","Pc","8025337010029","1160","1"
"14242","Pc","8025337010050","1160","1"
"14243","Pc","8025337010098","1160","1"
"14244","Pc","8025337010043","1160","1"
"14245","Pc","8025337010067","1160","1"
"14246","Pc","8025337010081","1160","1"
"14247","Pc","8025337010197","1160","1"
"14248","Pc","8025337010326","1160","1"
"14249","Pc","8025337010340","1160","1"
"10812","Pc","8025337009320","1160","1"
"1301","Pc","37712","160","1"
"14251","JAR","1209011","550","1"
"14250","JAR","1209001","550","1"
"14252","Pc","8961008217673","170","1"
"14253","Pc","8961008217666","170","1"
"14254","Pkt","1209041","460","1"
"7922","Pc","1144571","150","1"
"8674","Pkt","1152441","460","1"
"14255","Pc","1209051","945","1"
"14256","Pc","1209061","1350","1"
"14257","Pc","1209071","410","1"
"2376","Pkt","1071241","330","1"
"2376","Pkt","6973048880566","330","1"
"14258","Pc","1209081","390","1"
"14259","Pc","1209101","445","1"
"14260","Pc","1209111","1770","1"
"14261","Pc","1209121","80","1"
"14262","POUCH","8011780009246","275","1"
"14266","POUCH","8964002410699","50","1"
"14266","POUCH","8964002410682","50","1"
"14266","POUCH","8964002410675","50","1"
"14265","POUCH","8964002410439","290","1"
"14267","JAR","1156790063691","580","1"
"2957","PATTA","1080483","215","1"
"4522","Pc","1103882","490","1"
"5182","Pc","8964002546046","145","1"
"5182","Pc","1113262","145","1"
"14268","Pc","1209191","490","1"
"14269","Pc","1209201","590","1"
"14090","TIN","6922243359087","2780","1"
"14270","Pc","1209211","110","1"
"6441","Pc","1128301","180","1"
"5024","Pc","1111036","260","1"
"14271","Pc","1209221","315","1"
"4523","Pkt","1103892","385","1"
"14272","Pkt","1209231","620","1"
"14272","Pkt","8697542224227","620","1"
"5377","Pc","8964000640708","230","1"
"4394","Pc","1102201","210","1"
"4395","Pc","1102211","260","1"
"2940","Pc","8964000639719","320","1"
"2940","Pc","8964000640791","320","1"
"14273","Pc","80756637","580","1"
"6587","JAR","1129852","230","1"
"14274","Pc","8964002706310","100","1"
"7291","BOTTLE","9287221597637","150","1"
"7291","BOTTLE","9287227264984","150","1"
"7291","BOTTLE","9287229457216","150","1"
"4902","Pc","42112907","220","1"
"4902","Pc","42247340","220","1"
"14276","Pc","6971486422980","60","1"
"3851","Pc","8992304025518","1390","1"
"14277","Pc","3600542109796","580","1"
"14278","Pkt","1209291","90","1"
"14279","Pkt","1209301","110","1"
"14279","Pkt","36392018","110","1"
"14280","Pkt","6928738108017","850","1"
"9499","Pkt","1161262","340","1"
"256","Pc","8961014021608","75","1"
"13080","BOTTLE","8961014246971","740","1"
"14281","Pc","8801073110502","550","1"
"14282","POUCH","8011780001561","410","1"
"14283","POUCH","8011780001578","410","1"
"14284","POUCH","8011780009345","195","1"
"14285","POUCH","8011780009505","275","1"
"14286","POUCH","8011780009451","195","1"
"14287","POUCH","8011780009550","215","1"
"14290","Pc","1209411","230","1"
"12580","Pc","6928568961035","325","1"
"14291","Pc","6954944980277","320","1"
"14291","Pc","1209422","320","1"
"11737","Pkt","8992696427587","3000","30"
"14292","Box","1209431","1480","1"
"5492","Pc","1117391","425","1"
"14293","Pc","6291108733141","1440","1"
"14294","Pc","8690973027351","2780","1"
"14294","Pc","8690973027481","2780","1"
"14294","Pc","8690973366221","2780","1"
"14294","Pc","8690973375254","2780","1"
"14294","Pc","8690973027221","2780","1"
"14294","Pc","8690973027238","2780","1"
"14295","Pc","037361002039","2780","1"
"14296","Pc","6291103665508","4350","1"
"14296","Pc","6291103662248","4350","1"
"14296","Pc","6291103665522","4350","1"
"14297","Pc","667549766554","14000","1"
"14298","Pc","1209491","1670","1"
"4497","Pc","1103561","690","1"
"14302","Pc","8961101372293","90","1"
"14303","Box","8964002444137","235","1"
"10396","Pkt","6971123983478","190","1"
"10396","Pkt","6949832800058","190","1"
"10396","Pkt","6949832800133","190","1"
"10396","Pkt","6949832800393","190","1"
"10396","Pkt","6949832800065","190","1"
"3116","POUCH","6947032702035","120","1"
"3116","POUCH","6950473600853","120","1"
"3116","POUCH","6954725630339","120","1"
"3116","POUCH","6954725603883","120","1"
"3116","POUCH","6954725630520","120","1"
"14304","Pc","1209551","140","1"
"14305","Pc","1209561","70","1"
"1937","Pc","3326240046545","2650","1"
"1937","Pc","3326240049348","2650","1"
"14306","Pc","5060340392338","790","1"
"14306","Pc","5060340392437","790","1"
"14306","Pc","5060340392345","790","1"
"14306","Pc","5060340394356","790","1"
"14306","Pc","5060340395124","790","1"
"14306","Pc","5060340392406","790","1"
"14306","Pc","5060340392420","790","1"
"14306","Pc","5060340392413","790","1"
"14307","Pc","6947835825412","340","1"
"14307","Pc","6947835825436","340","1"
"352","Pc","6223000659243","350","1"
"14309","Pc","4902430359863","1190","1"
"14308","Pc","4902430359832","975","1"
"14310","Pc","3574660482539","330","1"
"9338","Pc","4005900746566","820","1"
"12270","Pc","8001090222725","1470","1"
"12270","Pc","8001090222664","1470","1"
"12270","Pc","8001090222848","1470","1"
"12270","Pc","8001090222909","1470","1"
"14311","Pc","5011321594029","525","1"
"14313","BOTTLE","6068357308259","50","1"
"14316","Pc","4050306070012","80","1"
"14315","Pc","4050306070036","80","1"
"14314","Pc","4050306070029","80","1"
"14317","Pc","6931078932273","190","1"
"14318","POUCH","4009900525978","650","1"
"14318","POUCH","4009900525992","650","1"
"14318","POUCH","4009900526043","650","1"
"14318","POUCH","4009900526067","650","1"
"14319","Box","8993083931588","1250","1"
"14152","Box","5000328136455","950","1"
"14320","POUCH","8004800003614","560","1"
"14321","Pc","8710908052828","560","1"
"14321","Pc","8712561493031","560","1"
"14322","Pc","8710908789991","640","1"
"14323","Box","89845653","1140","1"
"14324","JAR","5000328181844","965","1"
"14324","JAR","5000328637327","965","1"
"14324","JAR","5000328601380","965","1"
"14325","Pc","5410126716016","1100","1"
"14327","TIN","8410100025155","825","1"
"14326","JAR","7613031513000","1120","1"
"14326","JAR","7613031513093","1120","1"
"14328","Pc","5034660021537","1190","1"
"14333","Pc","7622210410474","1230","1"
"14332","Pc","7622210410511","1060","1"
"14331","Pc","7622210400277","1130","1"
"14330","Pc","7622210400284","1060","1"
"14329","Pc","7622210400291","1060","1"
"14334","BOTTLE","6003770003091","1260","1"
"14335","BOTTLE","6003770000649","1260","1"
"14336","BOTTLE","6003770000489","1260","1"
"14337","BOTTLE","6003770000670","1260","1"
"7829","Pc","676979101989","460","1"
"7829","Pc","676979102016","460","1"
"7829","Pc","676979101965","460","1"
"7829","Pc","676979102009","460","1"
"7829","Pc","676979101972","460","1"
"14338","Pc","9556149001053","175","1"
"4095","JAR","7622201423117","1250","1"
"14341","Pc","8964000717080","220","1"
"14342","Pc","753854500089","390","1"
"14342","Pc","753854500065","390","1"
"14342","Pc","753854500102","390","1"
"14343","Pc","5000159553834","490","1"
"14344","JAR","5410126116953","2180","1"
"9974","Pc","088300105519","11400","1"
"14345","Pc","088300601400","12750","1"
"14346","Pc","8011003993826","16700","1"
"14347","Pc","8011003804566","7750","1"
"14348","Pc","8018365070462","16400","1"
"14349","Pc","3386460101035","9200","1"
"14350","Pc","3351500999033","4180","1"
"14351","Pc","3351500997824","4580","1"
"14352","Pc","3454960022522","5650","1"
"14353","Pc","888066000079","18800","1"
"14354","Pc","085715801968","9400","1"
"14355","Pc","085715801715","5650","1"
"14356","Pc","085715801814","4450","1"
"14357","Pc","737052031415","4200","1"
"14358","Pc","3614228963176","4700","1"
"14359","Pc","3351500011551","5340","1"
"14360","Pc","085715801616","2350","1"
"14360","Pc","085715801111","2350","1"
"14361","Pc","3423473021209","18650","1"
"14362","Pc","3423473020820","17450","1"
"14364","Pc","7640111497547","10950","1"
"14363","Pc","7640111497394","4550","1"
"9823","Pc","614514060315","730","1"
"14365","POUCH","671866277259","150","1"
"5187","Box","671866278720","870","18"
"14366","Box","8964002842230","590","1"
"14367","Pc","*100185*","435","1"
"14368","JAR","8964002522477","435","1"
"14369","JAR","8964002522453","240","1"
"14370","Pc","8964002522217","1950","1"
"5928","POUCH","8964000821572","280","1"
"12400","Pkt","1190432","110","1"
"14371","Pc","8999999053000","295","1"
"14374","p c","6971764151946","720","1"
"14373","Pc","6971764151922","720","1"
"14372","Pc","6971764152172","470","1"
"14375","Pc","4526676873152","270","1"
"4783","Pc","1107191","3650","1"
"4784","Pc","1107201","4650","1"
"4785","Pc","1107211","4950","1"
"4786","Pc","1107221","4550","1"
"4787","Pc","1107231","3750","1"
"5025","Pc","1111091","3850","1"
"14616","JAR","8964000843802","620","1"
"14617","Pc","8851123344500","790","1"
"14618","Pc","8935212803908","160","1"
"14618","Pc","8935212805025","160","1"
"14618","Pc","8935212800761","160","1"
"1234","Pc","6281031270202","490","1"
"14577","Pc","5021156120188","580","1"
"14619","POUCH","5000159472142","1170","1"
"14619","POUCH","4011100005884","1170","1"
"14619","POUCH","4011100005860","1170","1"
"13218","Pc","1198643","320","1"
"13573","POUCH","8992696415324","440","1"
"14620","POUCH","8992741975896","470","1"
"14621","Pc","1212721","260","1"
"14622","Pc","1212731","1590","1"
"14623","Pc","1212741","990","1"
"7508","POUCH","1139881","1270","1"
"14627","Pc","1212781","980","1"
"14624","Box","1212751","1190","1"
"14625","Pc","1212761","1080","1"
"14626","Pc","1212771","1030","1"
"2459","Box","1072951","430","1"
"6086","Box","1124371","1090","1"
"6140","Box","1124951","1630","1"
"6526","Pc","1129211","660","1"
"14628","Box","1212791","890","1"
"2656","Pc","26561","410","1"
"4299","Pc","1100831","1730","1"
"4813","Pc","48131","410","1"
"6923","Box","1133471","3480","1"
"2660","Box","1075421","3240","1"
"14636","Pc","1212871","545","1"
"240","Pc","8961014249248","70","1"
"14637","Pc","1212881","365","1"
"14638","Pc","1212891","395","1"
"14639","Pc","1212901","225","1"
"14640","Pc","1212911","185","1"
"14641","Pc","1212921","380","1"
"14642","Pc","1212931","345","1"
"14643","Pc","1212941","290","1"
"14644","Pc","1212951","185","1"
"14645","BUNDLE","6297001018187","1430","1"
"14646","Pkt","841165116751","160","1"
"14647","Pc","8992741960816","120","1"
"14647","Pc","8992741956208","120","1"
"14647","Pc","8992741902922","120","1"
"14648","Pc","8992741904315","150","1"
"14650","BOTTLE","8961100503285","1520","1"
"14651","Pc","1213021","215","1"
"14652","Pc","1213031","325","1"
"14040","TIN","717273600256","330","1"
"14653","Pc","1213041","25","1"
"14654","Pkt","1213051","160","1"
"10922","JAR","8200090900002","125","1"
"14655","Pc","6009679060999","95","1"
"14656","TIN","3994433886317","130","1"
"14657","TIN","3321643002853","130","1"
"14658","TIN","7131702291830","130","1"
"14660","Pc","8964002893195","60","1"
"14660","Pc","8964002893188","60","1"
"10943","POUCH","8961008217499","2500","1"
"14666","POUCH","8961008217994","1160","1"
"14668","Pc","8001841474199","580","1"
"14669","Pc","8001841474274","580","1"
"14670","Pc","8001841473253","290","1"
"14671","Pc","8001841473376","290","1"
"14674","Pkt","815096003435","250","1"
"14676","Pc","2657258639209","85","1"
"14677","Pc","453962572847","60","1"
"14678","Pc","5676339243378","85","1"
"14679","Pc","5676339287723","75","1"
"14680","Pc","5676339722279","85","1"
"14681","Pc","5676339242678","75","1"
"14682","Pc","5676339726765","85","1"
"14683","Pc","5676339486775","85","1"
"14684","Pc","5676339725720","85","1"
"14685","Pc","453962575923","60","1"
"14686","Pc","2272635527438","85","1"
"14687","TIN","1860074023607","90","1"
"9467","Pc","1160942","130","1"
"210","Pc","8886950072135","15","1"
"7633","Pc","8886950072173","50","1"
"14688","BOTTLE","8886950085319","445","1"
"14689","Pc","8886950051390","610","1"
"14691","Pc","8961014242133","275","1"
"14692","BOTTLE","855434012934","165","1"
"14693","Pc","1213441","990","1"
"2471","Pc","1073091","340","1"
"5071","Pc","1111721","2460","1"
"14694","Pc","1213451","535","1"
"4297","Pc","1100811","2130","1"
"14695","Pc","1213461","220","1"
"14696","Pc","1213471","725","1"
"14697","Pc","1213481","1370","1"
"14698","TIN","705632492888","175","1"
"14699","JAR","59032823","1590","1"
"14700","JAR","8428916059691","1475","1"
"14701","JAR","8428916059899","1475","1"
"10843","Pc","8964000798928","70","1"
"14577","Pc","5021156120195","580","1"
"13824","Pc","8682257128441","600","1"
"13824","Pc","8682560992913","600","1"
"13824","Pc","8682560995150","600","1"
"13824","Pc","8682560992111","600","1"
"13824","Pc","8682257127666","600","1"
"13824","Pc","8682257127420","600","1"
"13824","Pc","8682560991176","600","1"
"13824","Pc","8682257128809","600","1"
"13824","Pc","8682257128465","600","1"
"13824","Pc","8682257128304","600","1"
"13824","Pc","8682257126683","600","1"
"13824","Pc","8682257126645","600","1"
"13824","Pc","8682560990599","600","1"
"13824","Pc","8682257129233","600","1"
"1573","Pc","44391","5400","1"
"5225","Pc","1113961","3100","1"
"1246","Pc","8886467010040","1160","1"
"1246","Pc","8886467010026","1160","1"
"1246","Pc","8886467010057","1160","1"
"14702","TIN","1860104051723","100","1"
"8695","Pc","8694587568880","670","1"
"5020","Pc","3574661184203","925","1"
"14710","Pc","89601426","600","1"
"14711","POUCH","8961101232726","1240","1"
"14712","POUCH","8961101232740","1240","1"
"14713","Pc","8961101233150","150","1"
"14716","Pc","8901088167949","1130","1"
"14717","POUCH","7702018069286","1920","1"
"14425","Pc","8717185384314","1320","1"
"14426","Pc","8717185384321","1320","1"
"14427","Pc","8717185384338","1320","1"
"14428","Pc","8717185381528","1280","1"
"14429","Pc","8717185381504","1280","1"
"14430","Pc","8717185389975","1280","1"
"14431","Pc","8717185381481","1320","1"
"14432","Pc","8717185381498","1280","1"
"14433","Pc","8717185381535","1280","1"
"14434","Pc","8717185383560","1280","1"
"14435","Pc","8717185383508","1280","1"
"14436","Pc","8717185381719","1280","1"
"14437","Pc","8717185386059","1280","1"
"14438","Pc","8717185381726","1280","1"
"14439","Pc","8717185381733","1280","1"
"14440","Pc","8719281111986","1280","1"
"14441","Pc","8717185381696","1280","1"
"14376","Pc","8717185381672","1280","1"
"14377","Pc","8717185381832","1280","1"
"14378","Pc","8718734854128","1280","1"
"14379","Pc","8717185386042","1280","1"
"14380","Pc","8719281993643","1280","1"
"14381","Pc","8717185381825","1280","1"
"14382","Pc","8717185381818","1280","1"
"14383","Pc","8717185381320","1280","1"
"14384","Pc","8717185381276","1280","1"
"14385","Pc","8717185381795","1280","1"
"14386","Pc","8717185381771","1280","1"
"14387","Pc","8717185381849","1280","1"
"14388","Pc","8717185381856","1280","1"
"14389","Pc","8717185381870","1280","1"
"14390","Pc","8717185381863","1280","1"
"14391","Pc","8717185381245","1280","1"
"14392","Pc","8717185381252","1280","1"
"14393","Pc","8717185381269","1390","1"
"14394","Pc","8717185381627","1280","1"
"14395","Pc","8717185381610","1280","1"
"14396","Pc","8717185389982","1280","1"
"14397","Pc","8717185383577","1280","1"
"14398","Pc","8717185381597","1280","1"
"14399","Pc","8717185381580","1280","1"
"14400","Pc","8719281993629","1280","1"
"14401","Pc","8717185381634","1280","1"
"14402","Pc","8719281111221","1280","1"
"14403","Pc","8717185383478","1280","1"
"14404","Pc","8719281111962","1280","1"
"14405","Pc","8717185389968","1280","1"
"14406","Pc","8717185381412","1280","1"
"14407","Pc","8717185381405","1280","1"
"14408","Pc","8717185381436","1280","1"
"14409","Pc","8717185381375","1280","1"
"14410","Pc","8718734854081","1280","1"
"14411","Pc","8717185381382","1280","1"
"14412","Pc","8717185383553","1280","1"
"14413","Pc","8717185381429","1280","1"
"14414","Pc","8717185381290","1280","1"
"14415","Pc","8717185381344","1280","1"
"14416","Pc","8717185381351","1280","1"
"14417","Pc","8718734856832","1280","1"
"14418","Pc","8717185383461","1280","1"
"14419","Pc","8717185381313","1280","1"
"14420","Pc","8717185381337","1280","1"
"14421","Pc","8717185389951","1280","1"
"14422","Pc","8717185381306","1280","1"
"14423","Pc","8717185381467","1280","1"
"14424","Pc","8717185381511","1280","1"
"14443","Pkt","8964000769515","1320","1"
"14444","Pc","8886950051383","400","1"
"14445","Pc","8886950050225","180","1"
"2435","POUCH","8886950011790","610","1"
"14446","BUNDLE","8886950034201","395","1"
"14447","Pc","8964002113453","125","1"
"14366","Box","8964000811795","590","1"
"14451","Pc","8719281111658","1280","1"
"14452","Pc","8718734854067","1280","1"
"14453","Pc","8717185382006","1650","1"
"14454","Pc","8717185380545","1650","1"
"14455","Pc","8717185381283","1280","1"
"14456","Pc","8717185381368","1280","1"
"14457","Pc","8717185381443","1280","1"
"14458","Pc","8717185381474","1280","1"
"14459","Pc","8717185383485","1280","1"
"14460","Pc","8717185381566","1280","1"
"14461","Pc","8717185381603","1280","1"
"14462","Pc","6971343550825","140","1"
"14463","Pc","8964000750377","185","1"
"14464","Pc","8964001353393","60","1"
"14465","Box","1211161","810","1"
"14466","Pc","1211171","290","1"
"2393","Pc","1071421","190","1"
"2389","Pc","1071381","170","1"
"14467","Pc","1211181","370","1"
"2378","Pc","1071261","60","1"
"5991","Pc","1123261","550","1"
"3668","Pc","1092611","1425","1"
"14468","Pc","1211191","120","1"
"2868","Pc","1078731","110","1"
"14470","Pc","1211211","430","1"
"14471","Pc","1211221","435","1"
"14472","Pkt","1211231","340","1"
"14473","Box","1211241","1080","1"
"14474","Box","1211251","1280","1"
"14475","Pc","1211261","195","1"
"14476","Pc","1211271","490","1"
"14477","Pc","1211281","390","1"
"14478","Pc","1211291","180","1"
"14479","Pc","1211301","220","1"
"14480","Pkt","1211311","130","1"
"14481","Pc","1211321","290","1"
"14482","Pc","1211331","295","1"
"14483","Pc","1211341","165","1"
"14484","Pc","1211351","95","1"
"2959","Bag","","600","1"
"2960","Bag","","300","1"
"14487","Pc","8964000152935","320","1"
"14486","Pc","144861","320","1"
"14485","Pkt","144851","170","1"
"14490","Pkt","6972518490144","470","1"
"4617","Pc","1105251","220","1"
"14491","Pkt","1211421","450","1"
"14493","Pc","1211441","70","1"
"14494","Pc","1211451","730","1"
"14495","Pc","1211461","220","1"
"4618","Pc","1105261","1040","1"
"14496","Pkt","1211471","360","1"
"8180","Pc","1147301","185","1"
"8181","Pc","1147311","260","1"
"8182","Pc","1147321","330","1"
"14497","Pkt","1211481","160","1"
"14498","Pkt","1211491","430","1"
"14500","Pc","1211511","180","1"
"14499","Pc","1211501","390","1"
"14501","Pc","1211521","60","1"
"14502","Pc","1211531","70","1"
"14503","Pc","1211541","50","1"
"14504","Pc","1211551","520","1"
"14505","Pc","1211561","190","1"
"4174","Pc","1099361","130","1"
"14506","Pc","1211571","60","1"
"3331","Pc","1087501","145","1"
"6372","Pkt","1127461","190","1"
"14507","Pc","8966000029859","50","1"
"14508","TIN","8964000961995","580","1"
"14510","POUCH","8961100023714","110","1"
"14510","POUCH","8961100023639","110","1"
"14510","POUCH","8961100023752","110","1"
"14509","Pc","8961100023707","280","1"
"14509","Pc","8961100023745","280","1"
"14509","Pc","8961100023622","280","1"
"14511","Box","8964003593223","310","1"
"292","Box","8964002756063","315","1"
"13734","Pc","8964002862191","10","1"
"7914","Pc","1144491","290","1"
"11509","Pc","7308521679600","350","1"
"14512","Pkt","8888882200235","850","1"
"9477","Pkt","36391646","100","1"
"634","POUCH","8964002619108","520","1"
"14514","Pc","182039000654","180","1"
"14518","Pc","182039000036","280","1"
"14519","Pc","182039000012","290","1"
"14520","Pc","182039000043","290","1"
"14521","Pc","182039000005","280","1"
"14522","Pc","8961100091256","230","1"
"14523","Pc","8961100095049","170","1"
"14524","Pkt","6926641005058","140","1"
"10202","Pc","070221008703","340","1"
"14525","Pkt","7702018465644","2660","1"
"14526","Pc","6281031260210","245","1"
"14527","Pc","8888115000212","880","1"
"14528","Pc","8888115000168","290","1"
"14529","Pc","6281006483521","450","1"
"14529","Pc","6281006483286","450","1"
"14529","Pc","6281006483606","450","1"
"14529","Pc","6281006483248","450","1"
"14530","Pkt","8961014031232","195","1"
"11120","POUCH","6936363906106","2490","1"
"14532","Pc","1211831","270","1"
"14533","Pc","1211841","315","1"
"14534","Pc","1211852","515","1"
"14535","Pc","1211861","625","1"
"14541","Pc","6972181040257","525","1"
"14541","Pc","1211922","525","1"
"14540","Pc","6955770800470","265","1"
"14540","Pc","1211912","265","1"
"14539","Pc","6954944981083","445","1"
"14539","Pc","1211902","445","1"
"14538","Pc","6954944981120","630","1"
"14538","Pc","1211892","630","1"
"14537","Pc","6954944980307","395","1"
"14537","Pc","1211882","395","1"
"14536","Pc","6941634795020","395","1"
"14536","Pc","1211872","395","1"
"10769","Pc","6970516120247","540","1"
"10130","Pc","705632492840","270","1"
"14542","Pkt","8964000115961","150","1"
"14543","Pc","1211941","450","1"
"14545","Pkt","8964001048138","1070","1"
"14546","Pkt","8964001048145","1120","1"
"14547","Pkt","8964001048152","1170","1"
"9555","Pkt","1161822","470","1"
"9554","Pkt","1161812","2400","1"
"9548","Pkt","1161752","680","1"
"9544","Pkt","1161712","470","1"
"9545","Pkt","1161722","940","1"
"9546","Pkt","1161732","2350","1"
"9562","Pkt","1161892","130","1"
"9579","Pkt","1162062","120","1"
"14548","Pc","8964002474585","290","1"
"14548","Pc","8964002474592","290","1"
"9552","Pkt","1161792","480","1"
"9553","Pkt","1161802","960","1"
"9567","Pkt","1161942","550","1"
"9565","Pkt","1161922","120","1"
"11495","CTN","","2200","24"
"14549","Pc","8964000024263","440","1"
"14095","Pc","8961102061356","590","1"
"14095","Pc","8961102060199","590","1"
"14553","Pc","8801073113312","550","1"
"14554","Pc","8801073113893","550","1"
"14555","Pc","8801073113428","550","1"
"14556","Pc","8801073113947","550","1"
"14274","CTN","","2280","24"
"14557","Pc","1212081","170","1"
"14559","SACHET","3610340654961","190","1"
"14560","SACHET","3610340654954","190","1"
"14561","BOTTLE","8006540314159","460","1"
"14562","BOTTLE","8006540314180","780","1"
"13032","Pc","89601372","250","1"
"333","Pc","3574669908115","490","1"
"13061","Pc","4792081014750","540","1"
"2752","Pc","1076701","975","1"
"14563","BOTTLE","8714800027878","230","1"
"14563","BOTTLE","8714800019927","230","1"
"14563","BOTTLE","8714800003384","230","1"
"14563","BOTTLE","8714800019897","230","1"
"14564","Pc","1212151","150","1"
"10395","Pkt","6970928030400","270","1"
"218","POUCH","8886950013367","50","1"
"9466","Pkt","36391394","180","1"
"13724","Pc","6294015124736","770","1"
"14306","Pc","5060340394363","790","1"
"1937","Pc","3326240027407","2650","1"
"1569","Pc","44291","170","1"
"4243","Pc","1100131","50","1"
"14568","Pc","1212191","390","1"
"14569","Pc","1212201","230","1"
"14570","Pc","8961101372279","90","1"
"972","Pc","8901248303323","580","1"
"14572","Pc","8964000750780","495","1"
"14574","Pc","","30","1"
"12326","Pc","6261149092637","60","1"
"14575","Pc","8962596633593","15","1"
"14576","Pc","8961102901904","15","1"
"14577","Pc","5021156120683","580","1"
"6166","PATTA","6930662099798","230","1"
"4139","Box","1099011","1680","1"
"14578","Pc","1212291","290","1"
"3117","Pc","1083671","460","1"
"14579","Pc","3600542065016","340","1"
"2695","Pc","107578","90","1"
"14582","Pc","5013965705069","50","1"
"14585","Pc","8924237361432","140","1"
"14586","Pc","8924237361463","240","1"
"14587","Pc","423735142904","250","1"
"14588","Pc","8924237361418","150","1"
"14589","Pc","8924237361449","250","1"
"14590","Pc","8924237482236","470","1"
"14591","Pkt","1212421","260","1"
"14602","Pc","9000866652215","510","1"
"14601","Pc","9000866652338","510","1"
"14600","Pc","9000866652222","480","1"
"14599","Pc","9000866652444","510","1"
"14598","Pc","9932106547480","480","1"
"14597","Pc","9932106547459","480","1"
"14593","Pc","9000554411247","220","1"
"14594","Pc","9932106500023","550","1"
"14595","Pc","9932106500025","440","1"
"14596","Pc","9932106500024","440","1"
"14605","Pc","9932106547787","480","1"
"14604","Pc","9000866652666","480","1"
"14603","Pc","9000866652567","480","1"
"14606","Pc","9077001188137","480","1"
"14607","Pc","9932106547688","480","1"
"14608","Pc","3744633647252","370","1"
"124","Box","8964002756124","310","1"
"14610","Pc","614514249031","7600","1"
"14610","Pc","614514249048","7600","1"
"14611","POUCH","6682011939032","180","1"
"14612","Box","1212631","150","1"
"14613","Pc","1212641","445","1"
"14614","Pc","1212651","365","1"
"14615","Pc","1212661","395","1"
"4782","Pc","1107181","3200","1"
"3335","Pc","1087541","410","1"
"6567","Pc","1129631","660","1"
"14629","Box","1212801","2780","1"
"5072","Box","1111731","1920","1"
"2639","Box","1075151","5430","1"
"4812","Pc","1107691","620","1"
"14630","Pc","1212811","640","1"
"14631","Box","1212821","3430","1"
"2469","Box","1073071","2230","1"
"3508","Box","1090451","1940","1"
"7025","Pc","1134541","375","1"
"4766","Pkt","1107021","140","1"
"14632","Pc","1212831","370","1"
"14633","Pc","1212841","245","1"
"14634","Pc","1212851","380","1"
"14635","Pc","1212861","425","1"
"9517","Pkt","36399932","340","1"
"9507","Pkt","36391387","90","1"
"14663","Pkt","8964000053249","420","1"
"14664","JAR","4902806001983","225","1"
"12068","Pc","8901030684135","330","1"
"13724","Pc","6294015124729","770","1"
"13724","Pc","6294015124705","770","1"
"13724","Pc","6294015124712","770","1"
"14703","Pc","6023256789622","1380","1"
"14704","Pc","614514228029","5350","1"
"14704","Pc","614514228012","5350","1"
"11523","Pc","8964001753131","50","1"
"14706","Pc","010181040528","1900","1"
"14707","Pc","010181044762","1150","1"
"14708","Pc","010181080012","1170","1"
"14709","Pc","147091","90","1"
"1977","Pc","1060341","330","1"
"14718","Pc","1213691","220","1"
"14719","Pkt","1213701","125","1"
"14720","Pc","1213711","310","1"
"14721","Pkt","1213721","375","1"
"14722","Pc","1213731","480","1"
"14723","Pc","1213741","550","1"
"14815","Pc","1213751","620","1"
"14816","Pc","1213761","520","1"
"14817","Pc","1213771","580","1"
"14818","Pc","1213781","660","1"
"6942","Pc","1133681","190","1"
"14819","Pc","1213791","480","1"
"14820","Pc","1213801","630","1"
"14821","Pc","1213811","1380","1"
"14822","Pc","1213821","530","1"
"14823","Pc","1213831","240","1"
"14824","Pc","1213841","280","1"
"14825","Pkt","1213851","90","1"
"3645","Pc","1092381","930","1"
"14827","Box","8964000981450","110","1"
"14828","Pc","6291069706437","700","1"
"14829","Pc","8964002492183","180","1"
"14830","Pc","8964002492145","175","1"
"8801","Pc","8961014237368","180","1"
"9512","Pkt","36399888","380","1"
"14871","Pc","8964000153840","70","1"
"14872","POUCH","6970910261201","280","1"
"4902","Pc","42124276","220","1"
"13780","Pc","6291107676067","390","1"
"11091","Pc","6945313710113","160","1"
"11091","Pc","6934985787868","160","1"
"14876","BOTTLE","8961100503933","2100","1"
"14833","Pc","8961101783853","590","1"
"14833","Pc","8961101783860","590","1"
"14833","Pc","8961101783877","590","1"
"14833","Pc","8961101783846","590","1"
"14833","Pc","8961101783839","590","1"
"14833","Pc","8961101783822","590","1"
"14160","Pc","8992952925192","60","1"
"14834","Pc","8001841170954","690","1"
"14834","Pc","8001841171555","690","1"
"7888","BOTTLE","8001090877192","970","1"
"7888","BOTTLE","8001090328328","970","1"
"2944","BOTTLE","3574661248301","690","1"
"9723","Pc","8710447276570","770","1"
"14835","Pc","3600523232536","1380","1"
"14835","Pc","3600523232550","1380","1"
"14835","Pc","3600523232529","1380","1"
"14835","Pc","3600523232635","1380","1"
"14835","Pc","3600523232543","1380","1"
"14835","Pc","3600523434602","1380","1"
"14836","Pc","8717163762004","830","1"
"14836","Pc","8717163762011","830","1"
"10206","Box","6910289547414","320","1"
"15067","Pc","8961101232764","630","1"
"192","BOTTLE","8961101233204","810","1"
"5516","BOTTLE","8961101233235","590","1"
"2228","BOTTLE","8961101233259","490","1"
"15068","Pc","6009679061996","30","1"
"13417","Pc","9647457910042","210","1"
"1075","Pc","4657223649996","90","1"
"12712","Pc","8961100022878","190","1"
"15072","Pc","8961100091225","315","1"
"15073","BOTTLE","4607006676435","265","1"
"15074","BOTTLE","4607006676459","265","1"
"15075","BOTTLE","4607006676473","265","1"
"15076","Pc","8964003062125","2280","1"
"15077","Pkt","8964003062101","2280","1"
"15098","Pc","6224009614264","1320","1"
"15100","Pc","6921340900567","200","1"
"15100","Pc","6291004110251","200","1"
"15100","Pc","6921340907016","200","1"
"15101","Pc","717273600010","845","1"
"15102","Pc","717273501911","920","1"
"15103","Pc","717273600294","745","1"
"15104","Pc","717273600300","745","1"
"15105","POUCH","829274454186","950","1"
"15106","Pc","8850201709019","450","1"
"14907","Pc","8908001158558","790","1"
"14908","Pc","8904238300098","2350","1"
"14909","Pc","8904238300104","2350","1"
"14910","Pc","8903387099990","290","1"
"14910","Pc","8903387099976","290","1"
"14910","Pc","8903387099969","290","1"
"14910","Pc","8903387099945","290","1"
"2615","Pc","1074901","80","1"
"4608","Pc","1105091","120","1"
"7165","Pc","1136071","120","1"
"14911","Box","8964002797073","70","1"
"13049","Pkt","7702018489831","1480","1"
"12284","Pc","4015400675273","1610","1"
"12285","Pc","4015400675303","1610","1"
"14912","BOTTLE","8964000543108","320","1"
"14914","JAR","8961014248999","245","1"
"15098","Pc","6130793007000","1320","1"
"5","500g","1222","150","0.5"
"8078","Pc","8961100022564","140","1"
"3580","POUCH","8964000821145","280","1"
"14920","Box","8990057985660","1150","1"
"14921","PATTA","149211","70","1"
"14922","Pc","8964000153208","330","1"
"15115","Pkt","8964000115220","120","1"
"14923","Pkt","8964000115596","230","1"
"15116","Pkt","8964000537428","320","1"
"239","Pc","8961014249286","99","1"
"898","Pc","8961014249279","125","1"
"6624","Pc","4005900517920","1490","1"
"6626","JAR","4005900087782","1190","1"
"10202","Pc","070221008765","340","1"
"15120","POUCH","8992741941303","470","1"
"14647","Pc","8992741900188","120","1"
"15121","BOTTLE","6003770002674","1260","1"
"15122","Pc","7614500010013","940","1"
"15123","POUCH","4014400922707","1090","1"
"15126","JAR","08000500364611","1080","1"
"15127","POUCH","034000140619","2150","1"
"15128","JAR","043000953556","1080","1"
"15128","JAR","043000953549","1080","1"
"15128","JAR","043000953501","1080","1"
"15128","JAR","043000953525","1080","1"
"5360","Pc","1115701","180","1"
"5361","Pc","1115711","260","1"
"5362","Pc","1115721","320","1"
"9127","Pc","1157321","485","1"
"2395","Pc","1071441","470","1"
"6708","Pc","1131161","190","1"
"2644","Pc","1075241","85","1"
"2645","Pc","1075251","100","1"
"2646","Pc","1075261","120","1"
"15129","Pc","1216131","220","1"
"15130","Pc","1216141","160","1"
"10396","Pkt","6971123983874","190","1"
"14836","Pc","8717163762035","830","1"
"14836","Pc","8717163762028","830","1"
"2949","BOTTLE","8901030736445","740","1"
"2949","BOTTLE","8901030736469","740","1"
"2949","BOTTLE","8901030736452","740","1"
"9338","Pc","4005900308740","820","1"
"9338","Pc","4005808196531","820","1"
"9338","Pc","4005900736550","820","1"
"9338","Pc","4005900593443","820","1"
"9338","Pc","4005900257062","820","1"
"9338","Pc","4005808123834","820","1"
"9338","Pc","4005900517777","820","1"
"6660","BOTTLE","8712561680509","960","1"
"6660","BOTTLE","8710908182198","960","1"
"6660","BOTTLE","8711700934022","960","1"
"6660","BOTTLE","8710908695346","960","1"
"2794","Pc","0695240104931","70","1"
"8785","Pc","1153711","380","1"
"14837","Pc","1214051","170","1"
"12541","POUCH","8006540318959","230","1"
"11110","Pc","8006540319055","290","1"
"14838","Pkt","8001841729602","2180","1"
"14839","Pkt","8001090697707","3650","1"
"10826","Pc","0331078600237","520","1"
"10829","Pc","331078600177","590","1"
"14841","Pc","8025337010319","1160","1"
"14846","Pc","8025337128847","1160","1"
"14845","Pc","8025337009603","1160","1"
"14844","Pc","8025337128861","1160","1"
"14843","Pc","8025337128830","1160","1"
"14842","Pc","8025337128854","1160","1"
"14847","TIN","9556390958281","530","1"
"3158","Box","0745125960050","230","1"
"3248","Box","1085821","230","1"
"2790","Pc","0736211116765","35","1"
"4778","POUCH","1107141","100","1"
"14848","JAR","647356754388","360","1"
"14371","Pc","8999999540654","295","1"
"14877","Pc","8999777010553","910","1"
"14878","Pc","5414666003292","950","1"
"14879","Pc","6291012871175","950","1"
"12018","Box","5060453454657","570","1"
"14880","Pc","6971764151618","160","1"
"14880","Pc","6971764151557","160","1"
"14881","Pkt","1214231","1150","1"
"14882","Pc","6294015112139","565","1"
"14882","Pc","6294015112160","565","1"
"14884","Pc","6971764151427","180","1"
"14886","Pkt","8964002574742","280","1"
"14885","Pkt","8964002574766","215","1"
"14997","Box","8964000598047","115","1"
"14998","Pc","badge","50","1"
"14998","Pc","1214302","50","1"
"10918","POUCH","9501034690904","165","1"
"14999","Box","8990057985639","2140","1"
"15000","Box","8990057985646","1150","1"
"14851","Pc","6970195430088","290","1"
"1564","Box","8964000798652","1440","12"
"14853","Pkt","1214371","190","1"
"14852","Pkt","1214361","260","1"
"2474","Pc","1073121","150","1"
"14855","Pc","1214391","285","1"
"9521","Pkt","36391349","140","1"
"452","Pc","8961100040155","210","1"
"452","Pc","8961100041114","210","1"
"14856","Pc","8961014249255","125","1"
"10473","Box","6926856846521","1250","72"
"9550","Pkt","1161772","360","1"
"14607","Pc","9932106547589","480","1"
"14857","Pc","9231594036408","170","1"
"6441","Pc","9254621113347","180","1"
"14858","JAR","6924832251208","260","1"
"14859","Pc","8964000901298","190","1"
"14863","Pc","8964000900291","240","1"
"14862","Pc","8964000901243","190","1"
"14861","Pc","8964000900338","170","1"
"14860","Pc","8964000901199","190","1"
"14864","Pc","8992741955119","40","1"
"14865","Box","8964000941119","235","1"
"14866","Pkt","6291100602100","190","1"
"14867","Box","8964002528035","310","1"
"14868","Pkt","8964000043271","290","1"
"15004","Pc","8966000029781","190","1"
"15005","Pc","8966000029804","40","1"
"15006","TIN","8961008217321","130","1"
"15007","TIN","8961008235622","150","1"
"939","POUCH","8961008217604","735","1"
"15008","Pc","8964001764403","620","1"
"15009","Pc","8886950041018","150","1"
"15010","Pc","8886950041025","150","1"
"15011","Pc","8886950041056","150","1"
"15012","Pc","8886950093284","150","1"
"15013","Pc","6291003231582","120","1"
"15014","Pc","5904277118640","1160","1"
"15015","Pc","8886300007060","880","1"
"15019","Pc","8964002906062","40","1"
"15020","Pc","8964002906055","40","1"
"15021","Pc","8964002906086","40","1"
"15022","Pc","8964002906109","40","1"
"15016","Pc","8964002906079","50","1"
"15017","Pc","8964002906123","50","1"
"15018","Pc","8964002906130","50","1"
"9823","Pc","614514060230","730","1"
"13896","Pc","8964002648498","660","1"
"13896","Pc","8964002648443","660","1"
"13896","Pc","8964002648429","660","1"
"13896","Pc","8964002648481","660","1"
"13896","Pc","8964002648474","660","1"
"13896","Pc","8964002648467","660","1"
"15023","Pc","6281056175704","2260","1"
"4291","POUCH","8997212800356","320","1"
"15050","Pkt","1215011","230","1"
"14880","Pc","6971764151670","160","1"
"15051","Pc","6971764151984","160","1"
"15052","Pc","6930469051883","170","1"
"1416","BOTTLE","3610340655425","890","1"
"15053","Pkt","8011780000922","195","1"
"15054","Pkt","8011780001530","410","1"
"15055","POUCH","8011780041123","390","1"
"15056","Pkt","8011780000786","410","1"
"12799","Pc","6931078920126","430","1"
"12800","Pc","6931078920034","650","1"
"15059","Pc","6931078920041","945","1"
"12692","Box","8801062322862","2000","20"
"11716","Pkt","1156790100860","70","1"
"11716","Pkt","1156790100884","70","1"
"12862","Pc","6947070060623","580","1"
"15060","Pc","6931078931603","190","1"
"15061","Pc","6931078931061","1150","1"
"15062","Pc","6931078931047","1340","1"
"15063","Box","8964000537091","180","10"
"15063","Pc","1215142","20","1"
"13824","Pc","8682560992975","600","1"
"13824","Pc","8682560990650","600","1"
"13824","Pc","8682560991190","600","1"
"13824","Pc","8682560990995","600","1"
"15065","Pc","8681655727041","500","1"
"15080","POUCH","6290410020048","315","1"
"15081","JAR","4009041108108","2300","1"
"15082","POUCH","6290410140098","520","1"
"10201","Pc","9555192507628","230","1"
"10181","POUCH","9556173180014","185","1"
"10181","POUCH","9556173480428","185","1"
"15081","JAR","4009041108139","2300","1"
"356","Pc","8991111101422","770","1"
"356","Pc","8991111109138","770","1"
"15083","Pc","8901030720659","290","1"
"15084","Pc","4210201409830","3730","1"
"15088","JAR","8964000716786","280","1"
"15097","JAR","3474636482474","6900","1"
"15108","JAR","3474636730803","6900","1"
"15109","BOTTLE","3474636481910","5850","1"
"15110","BOTTLE","3474636868360","2840","1"
"15112","JAR","3474636730964","4950","1"
"15203","POUCH","3570037726435","150","1"
"15204","POUCH","8964000456873","180","1"
"14927","Pc","8993417115257","430","1"
"14810","POUCH","671866117401","20","1"
"15205","POUCH","3570170726439","180","1"
"15208","Box","8964002758241","310","1"
"15209","Box","8964002755608","310","1"
"15113","JAR","1256790200345","240","1"
"400","BOTTLE","745178891547","320","1"
"15114","Pc","5789214687997","50","1"
"14906","Pkt","815096003442","250","1"
"10396","Pkt","6971123983768","190","1"
"10396","Pkt","6949832800270","190","1"
"10396","Pkt","6971123983461","190","1"
"10396","Pkt","6949832800188","190","1"
"10396","Pkt","6971123983867","190","1"
"15210","Pkt","1216151","220","1"
"15210","Pkt","6930673130121","220","1"
"15211","Pkt","6930673130244","370","1"
"15211","Pkt","1216162","370","1"
"15212","Pkt","1216171","120","1"
"1808","Pkt","1055851","90","1"
"2797","Pkt","1077211","110","1"
"2776","Pc","1076941","345","1"
"4629","Pc","1105371","1220","1"
"2692","Pc","1075741","1250","1"
"15131","Pc","1216191","240","1"
"4660","Pc","1105701","230","1"
"15132","Pc","1216201","150","1"
"15133","Pc","1216211","680","1"
"15134","Pc","1216221","290","1"
"15135","Pc","1216231","370","1"
"15136","Pc","1216241","375","1"
"15137","Pc","1216251","350","1"
"15138","Pc","1216261","400","1"
"10480","SACHET","8886950012254","10","1"
"15139","Pc","1216271","90","1"
"15140","Pc","1216281","150","1"
"15141","Pc","1216291","225","1"
"15142","Pc","1216301","350","1"
"6171","Pc","1125281","260","1"
"15143","Pc","1216311","170","1"
"15144","Pc","1216321","490","1"
"7690","Pkt","620514017754","135","1"
"15145","Pc","8964000259740","390","1"
"15146","Pc","8964000259610","390","1"
"15147","Pc","8964000259788","390","1"
"1797","Pkt","17971","60","1"
"15149","Pc","8999999540647","320","1"
"9729","BOTTLE","8851932368582","1160","1"
"15150","TIN","1860074054663","100","1"
"15151","Pc","5986217435277","70","1"
"8199","Box","8964001084976","520","1"
"1579","Pkt","788821017413","430","1"
"15152","Pc","8717185381665","1280","1"
"15153","Pc","4902806001952","380","1"
"5200","Pc","1113681","530","1"
"4927","Pc","1109351","540","1"
"15155","Pc","1216431","290","1"
"1084","Pkt","4800361356367","1430","1"
"15156","POUCH","8961008217000","490","1"
"15157","Pc","8964002137503","460","1"
"15158","Pc","8964002137510","870","1"
"15159","Pc","6283874703336","160","1"
"15160","Pc","4050306070050","80","1"
"3158","Box","745125960050","230","1"
"385","Pc","856097008579","430","1"
"385","Pc","8901030024023","430","1"
"13824","Pc","8682257128946","600","1"
"13824","Pc","8682560992951","600","1"
"13824","Pc","8682257126614","600","1"
"13824","Pc","8682257127406","600","1"
"13824","Pc","8682257127680","600","1"
"13824","Pc","8682974044109","600","1"
"13824","Pc","8682257127321","600","1"
"13824","Pc","8682974041863","600","1"
"13824","Pc","8682560990674","600","1"
"8740","POUCH","8886950012261","50","1"
"15161","Pc","8886950072067","30","1"
"15162","BUNDLE","8886950039336","350","1"
"15165","Pc","8886950034065","110","1"
"13588","Pc","8886950050379","295","1"
"13589","Pc","8886950050362","295","1"
"2737","Pc","1076551","1540","1"
"2748","Pc","1076661","640","1"
"15166","Pc","1216541","460","1"
"2620","Pc","1074961","1070","1"
"6091","Pc","1124421","770","1"
"15167","Pkt","1216551","470","1"
"2456","Pc","1072921","880","1"
"15168","Pc","1216561","980","1"
"13783","CTN","","7080","12"
"7461","Pc","614514070079","630","1"
"12704","Pc","3320511254585","2740","1"
"15024","Pc","9234545331829","410","1"
"12498","POUCH","6936363905307","5430","1"
"1297","Pc","8961014266832","530","1"
"3060","Pc","8961014236514","530","1"
"15027","Pc","8961014242430","835","1"
"15029","Pc","8961014242423","465","1"
"15030","Pc","8961014242355","910","1"
"15031","Pkt","1214821","120","1"
"15032","Pkt","8964002574704","285","1"
"15033","JAR","8964001207825","400","1"
"15034","Pkt","8964002574223","185","1"
"1365","Box","8964002756247","110","1"
"15036","Pc","1214871","395","1"
"15037","Pc","1214881","325","1"
"15038","Pc","1214891","290","1"
"15039","Pc","1214901","270","1"
"15040","Pc","1214911","220","1"
"15041","Pc","1214921","180","1"
"7150","Pc","7622210427472","50","1"
"7150","Box","7622210427502","580","12"
"15044","Pkt","6789080080910","550","1"
"15045","Pc","8964000257036","240","1"
"15046","Box","8990057985653","2040","1"
"15047","Pc","8006540333983","730","1"
"15048","Pc","8006540333952","440","1"
"15049","Pkt","046572802086","1600","60"
"15049","Pc","1215002","30","1"
"15171","Pc","1216591","590","1"
"11392","Pc","8964003062118","2280","1"
"9066","Pc","1156671","240","1"
"15172","Pc","3474636974221","6250","1"
"15173","Pc","3474636977369","4800","1"
"9566","Pkt","1161932","220","1"
"19171","Pc","8961102814112","540","1"
"15174","Pkt","8964002254958","120","1"
"15175","Pc","8964002648979","290","1"
"15175","Pc","8964002649006","290","1"
"15175","Pc","8964002648962","290","1"
"15175","Pc","8964002648948","290","1"
"15175","Pc","8964002648986","290","1"
"15175","Pc","8964002648993","290","1"
"15175","Pc","8964002648931","290","1"
"15176","Pc","6916790264420","510","1"
"9511","Pkt","36399871","190","1"
"385","Pc","5017306008321","430","1"
"15177","Pkt","3570001726430","160","1"
"15178","Pkt","3570169726433","170","1"
"12643","POUCH","5900951140303","370","1"
"13805","TIN","8858871806090","260","1"
"15179","Pkt","8964000769522","1320","1"
"1474","POUCH","7622201509729","145","1"
"15181","Pc","1216691","790","1"
"3381","Pc","1088321","530","1"
"15182","Pc","1216701","2040","1"
"15183","Pc","1216711","1620","1"
"15184","Pc","1216721","2450","1"
"15185","Pc","1216731","1290","1"
"15186","Pc","1216741","1190","1"
"257","Box","18961014021612","1800","24"
"15187","Pc","3145891239300","8500","1"
"15188","Pc","3145891079302","8500","1"
"15189","Pc","1234560787432","1980","1"
"15190","Pc","3760060762603","1980","1"
"15191","Pc","6290171040651","2580","1"
"15192","Pc","6390902026449","890","1"
"15192","Pc","6390902026432","890","1"
"15193","Pc","6390902026494","890","1"
"15194","Pc","6390902026418","1480","1"
"15195","Pc","6390902026586","1480","1"
"15196","Pc","6390902026616","1480","1"
"15200","Pc","6390902026524","1480","1"
"15199","Pc","6390902026395","1480","1"
"15198","Pc","6390902026456","1480","1"
"15197","Pc","6390902026401","1480","1"
"15201","Pc","3274872368026","13000","1"
"15214","Pc","3346130009603","22900","1"
"3108","Pc","1083561","2940","1"
"15215","Pc","8682091025067","120","1"
"15215","Pc","8682091025074","120","1"
"15216","Pc","1216921","1860","1"
"4916","Pc","1109241","240","1"
"15217","Pc","1216931","145","1"
"15218","Pc","1216941","125","1"
"15219","Pc","1216951","470","1"
"15273","Pc","1216961","390","1"
"15274","Pc","1216971","150","1"
"15275","Pc","1216981","165","1"
"452","Pc","8961100040063","210","1"
"15221","JAR","8964000020890","280","1"
"15220","JAR","8964000020784","280","1"
"15278","JAR","8964000020791","280","1"
"15222","BOTTLE","87126754","70","1"
"15222","CRATE","","760","12"
"15223","BUNDLE","8961101233167","370","1"
"12643","Box","5900951240300","8880","24"
"442","Box","8964000279311","870","24"
"15228","Pc","8964002492404","210","1"
"15229","Pc","6291069715057","110","1"
"14160","Pc","8992952922023","60","1"
"11091","Pc","6954842276601","160","1"
"11091","Pc","6954842276700","160","1"
"4541","Pc","1104072","520","1"
"15231","Pc","8964000640937","490","1"
"15231","Pc","1217162","490","1"
"15232","Pc","8964000639979","240","1"
"15232","Pc","1217172","240","1"
"15233","Pc","8964000639474","280","1"
"15233","Pc","1217182","280","1"
"4510","Pc","1103762","480","1"
"15237","Pc","0162510216710043","30","1"
"15239","Pc","6262987900931","25","1"
"15239","Pc","6262987900924","25","1"
"15238","Pc","6262484603632","60","1"
"15238","Pc","0162300248460153","60","1"
"15238","Pc","6262484603625","60","1"
"15238","Pc","0162300248460152","60","1"
"15240","Pc","6260544404021","20","1"
"15241","Pc","8964002906185","50","1"
"15242","Pc","8964002906093","40","1"
"15243","Pc","8964002906017","50","1"
"15244","Pc","8964002906178","40","1"
"15246","Pc","8964002647224","150","1"
"15247","Pkt","7702018489978","1880","1"
"15248","Pc","1217331","220","1"
"15249","Pc","1217341","190","1"
"2772","Pc","1076901","340","1"
"6233","Pc","1125931","150","1"
"4648","Pc","6954059502388","100","1"
"398","BOTTLE","745178891523","650","1"
"399","BOTTLE","745178891530","460","1"
"401","BOTTLE","745178891554","160","1"
"836","Pkt","788821021601","145","1"
"15252","Pc","7613036917308","490","1"
"15253","POUCH","8964000717868","275","1"
"503","Pc","6001087364652","770","1"
"503","Pc","6221048312779","770","1"
"503","Pc","8712561249638","770","1"
"503","Pc","8717644256152","770","1"
"503","Pc","8717163677704","770","1"
"503","Pc","8717163647370","770","1"
"503","Pc","8710447285374","770","1"
"503","Pc","8710447497272","770","1"
"503","Pc","079400550200","770","1"
"503","Pc","6001087379267","770","1"
"503","Pc","8710447484555","770","1"
"15254","Pc","6973673170131","160","1"
"15255","Pc","6927262805829","70","1"
"9138","SACHET","8961014250282","20","1"
"15257","Pc","1217421","790","1"
"15258","Pc","1217431","565","1"
"15259","Pc","1217441","190","1"
"18849","Pc","188491","590","1"
"10396","Pkt","6971123983799","190","1"
"10396","Pkt","5610497117683","190","1"
"10396","Pkt","6971123983515","190","1"
"10396","Pkt","6971123983430","190","1"
"15260","Pc","1217451","530","1"
"15261","Pc","1217461","1380","1"
"15267","Pc","1217521","585","1"
"15266","Pc","1217511","1280","1"
"15265","Pc","1217501","280","1"
"15264","Pc","1217491","270","1"
"15263","Pc","1217481","320","1"
"15262","Pc","1217471","880","1"
"979","Box","8964002756100","315","1"
"8501","Box","8964002755929","315","1"
"14097","BUNDLE","8961100023851","150","1"
"15268","Pc","8961100023882","25","1"
"14664","JAR","4902806005523","225","1"
"14664","JAR","8992222054690","225","1"
"9681","Pc","1163097","330","1"
"15269","Pc","4000196901149","630","1"
"8337","Pc","8710908777769","1250","1"
"8337","Pc","8711600453975","1250","1"
"8337","Pc","4000388563902","1250","1"
"9842","Pump","8901030666018","1580","1"
"4112","Pc","4005900388155","1070","1"
"15270","Pc","8999999534769","280","1"
"355","Pc","8850007010852","490","1"
"9788","BOTTLE","3059943009110","1180","1"
"9788","BOTTLE","3059943009134","1180","1"
"9788","BOTTLE","3059943009127","1180","1"
"9788","BOTTLE","3059943009097","1180","1"
"15271","Box","4640018990533","3250","1"
"15271","Box","4640018994180","3250","1"
"15272","Pc","8934868153603","425","1"
"15282","BOTTLE","6890767819786","4480","1"
"15281","BOTTLE","6890767816716","2830","1"
"10189","Box","6970990211899","280","1"
"11040","Pc","40052489","320","1"
"11040","Box","7613035357037","7300","24"
"15284","TIN","8690997134318","1180","1"
"15284","TIN","8690997134615","1180","1"
"15284","TIN","8690997134592","1180","1"
"15285","Pc","1217621","380","1"
"15286","Pkt","1217631","280","1"
"15287","Pc","1217641","340","1"
"15288","Pc","1217651","240","1"
"15290","Pc","1217671","580","1"
"15291","Pc","1217681","220","1"
"15292","Pkt","1217691","280","1"
"6685","Pc","1130901","320","1"
"15293","Pc","1217701","670","1"
"15295","POUCH","9556001290236","330","1"
"15298","BOTTLE","8961101303280","2720","1"
"15300","TIN","6904239483761","170","1"
"15301","BOTTLE","717273600034","580","1"
"2702","BOTTLE","3610340655326","510","1"
"15303","Pc","8964000047286","210","1"
"15303","Pc","8964000047309","210","1"
"15303","Pc","8964000047293","210","1"
"15303","Pc","8964000047323","210","1"
"15304","Pkt","1826800902707","565","1"
"15305","Pkt","3650288879682","920","1"
"15306","Pkt","3650288879712","1060","1"
"8255","Box","","650","12"
"15311","Pc","8964002647651","480","1"
"15311","Pc","8964002647668","480","1"
"15311","Pc","8964002647682","480","1"
"15311","Pc","8964002647705","480","1"
"15311","Pc","8964002647644","480","1"
"15311","Pc","8964002647699","480","1"
"15311","Pc","8964002647675","480","1"
"15312","Pc","8964003015091","430","1"
"15313","Pc","792625892497","325","1"
"11765","TIN","5000166032223","380","1"
"15314","Pc","9647312538220","160","1"
"623","Box","695240204884","840","12"
"15238","Pc","6262134600264","60","1"
"10548","Pc","6291110096814","430","1"
"1366","Box","8964002756230","140","1"
"4735","Pc","1106611","220","1"
"7920","Pc","1144551","1060","1"
"14783","Pc","8961005050044","380","1"
"14784","JAR","855434010435","1180","1"
"13045","Pc","8710908882661","1430","1"
"10206","Box","6910289043725","320","1"
"10202","Pc","012546011495","340","1"
"10202","Pc","012546011587","340","1"
"10202","Pc","012546011563","340","1"
"9823","Pc","614514060100","730","1"
"14786","POUCH","8961102502026","50","1"
"14788","JAR","4005900626455","820","1"
"14787","JAR","4005900626394","820","1"
"14789","Pc","1218251","530","1"
"14789","Pc","8964002547012","530","1"
"4512","Pc","1103782","460","1"
"4511","Pc","1103772","530","1"
"2767","Pc","1076852","430","1"
"14790","Pc","1218261","200","1"
"14791","Pc","1218271","200","1"
"14792","Pc","1218281","210","1"
"14793","Pc","1218291","280","1"
"14794","POUCH","8966000028760","105","1"
"14795","Pkt","8901837417301","590","1"
"1069","Pc","182039000418","145","1"
"10773","Box","031464022919","250","50"
"9307","200G","1159271","460","0.2"
"9307","500g","1159272","1150","0.5"
"9307","1kg","1159273","2300","1"
"11026","1kg","1176622","6500","1"
"3238","Pkt","1218341","500","1"
"5253","Pkt","1218351","630","1"
"741","Pkt","21201","850","1"
"11867","Pc","6291106811247","720","1"
"1389","Pc","8859010900051","160","1"
"10470","Pc","6291108160008","330","1"
"6978","Pc","5021156987361","410","1"
"15319","Pc","1218381","340","1"
"15318","Pc","1218371","190","1"
"15320","Pc","1218391","170","1"
"15321","Box","8961101787028","175","1"
"9356","Pc","788821013804","45","1"
"15431","Pkt","788821018182","265","1"
"15432","Pkt","788821018175","265","1"
"2343","BOTTLE","1070673","1570","1"
"14320","POUCH","8004800003607","560","1"
"15435","JAR","7622210642752","670","1"
"15435","JAR","7622210642660","670","1"
"15435","JAR","7622210686916","670","1"
"15435","JAR","7622210642707","670","1"
"12171","JAR","9311931417166","720","1"
"11563","TIN","8857101125789","290","1"
"15331","TIN","6934663299126","380","1"
"15332","Pc","1218591","720","1"
"13410","Pc","8964002647279","290","1"
"13410","Pc","8964002647330","290","1"
"13410","Pc","8964002647309","290","1"
"13410","Pc","8964002647293","290","1"
"13410","Pc","8964002647255","290","1"
"13410","Pc","8964002647347","290","1"
"13896","Pc","8964002648412","660","1"
"2256","Pc","8888202065308","880","1"
"9836","Pc","745125120096","220","1"
"9836","Pc","745125120102","220","1"
"9836","Pc","745125120065","220","1"
"9836","Pc","745125120157","220","1"
"1098","Pc","8853976004860","170","1"
"1098","Pc","8853976000237","170","1"
"1098","Pc","8853976000534","170","1"
"1935","Box","8964002756339","210","1"
"15333","Pc","8006540277676","750","1"
"7764","Pc","8961014022896","30","1"
"15334","Pc","1218611","60","1"
"8006","Pc","8964000045497","380","1"
"15335","Pc","8964000046982","240","1"
"14924","Box","8961003554438","315","1"
"5633","Pc","80948933","390","1"
"14926","BOTTLE","8428916061397","820","1"
"14927","Pc","8993417115233","430","1"
"14927","Pc","8993417115240","430","1"
"14928","Pc","6972346285424","430","1"
"1657","BOTTLE","6221048062193","580","1"
"1657","BOTTLE","6221048062247","580","1"
"1657","BOTTLE","6221048062223","580","1"
"1657","BOTTLE","6221048062209","580","1"
"14929","TIN","8714100597347","590","1"
"14929","TIN","8718114642871","590","1"
"14929","TIN","5099802150117","590","1"
"14929","TIN","50064861","590","1"
"14930","PATTA","8801619047569","530","1"
"14930","PATTA","8801619047545","530","1"
"14930","PATTA","8801619047576","530","1"
"14931","Pc","5410076541096","725","1"
"14931","Pc","8001090078063","725","1"
"14932","Pc","3574660644173","1390","1"
"14933","Pc","079400066633","640","1"
"14933","Pc","079400521972","640","1"
"14933","Pc","079400642912","640","1"
"14933","Pc","079400119537","640","1"
"14933","Pc","079400521996","640","1"
"14933","Pc","079400521965","640","1"
"14933","Pc","079400266163","640","1"
"14933","Pc","079400193735","640","1"
"14933","Pc","079400650344","640","1"
"14933","Pc","079400425560","640","1"
"14934","Pc","019100208353","530","1"
"14934","Pc","019100121874","530","1"
"14934","Pc","019100208377","530","1"
"14934","Pc","019100204867","530","1"
"14934","Pc","019100121911","530","1"
"14934","Pc","019100208414","530","1"
"14934","Pc","019100124844","530","1"
"14935","JAR","8901030769511","540","1"
"14936","Pc","5060453458624","160","1"
"9727","BOTTLE","603084559640","1640","1"
"1777","BOTTLE","8961014249217","790","1"
"900","Pc","8961014249262","70","1"
"14939","Pc","8961014249309","125","1"
"10396","Pkt","6971123983447","190","1"
"10396","Pkt","6971123983300","190","1"
"14940","Pc","1218801","375","1"
"14941","Pkt","1218811","360","1"
"14942","Pkt","1218821","380","1"
"15336","Pc","1218831","380","1"
"15338","SACHET","6533411528794","50","1"
"15339","Pc","1218861","225","1"
"15340","Pkt","1218871","240","1"
"15341","Pkt","1218881","180","1"
"15342","Pc","1218891","220","1"
"1364","Box","8964002756346","180","1"
"15438","Pc","1218901","130","1"
"15439","Box","1218911","75","1"
"15440","Pkt","8850477013698","620","1"
"15441","1kg","1218931","300","1"
"15441","500g","1218932","150","0.5"
"2586","Pc","25861","110","1"
"14724","TIN","6260725101480","1450","1"
"14725","Pkt","1218951","100","1"
"2122","BOTTLE","8961101233242","810","1"
"2130","BOTTLE","8961101233228","810","1"
"14730","Pkt","0745760337668","590","1"
"14731","SACHET","8850477015548","200","1"
"14732","Pkt","323900010965","90","1"
"14733","TIN","8976548908660","240","1"
"14734","JAR","717273508644","2180","1"
"14735","JAR","717273508620","2180","1"
"14736","Pc","6916790267308","520","1"
"14736","Pc","6916790267322","520","1"
"14736","Pc","6916790267315","520","1"
"14737","Pc","9880011557721","515","1"
"10740","Pc","8964000981085","340","1"
"14739","Pc","1219091","140","1"
"14740","Pc","1219101","190","1"
"1002","Pc","8886950050386","295","1"
"1792","Pc","817074002713","40","1"
"15343","Box","8964002755943","310","1"
"10574","Box","8964002756353","210","1"
"15344","Pkt","7137571699364","110","1"
"15346","Pc","8964000816097","120","1"
"15345","Pc","8964000816721","440","1"
"14933","Pc","079400255990","640","1"
"9686","JAR","6291069655100","530","1"
"15347","Pc","4897066830773","230","1"
"15347","Pc","4897066830759","230","1"
"15347","Pc","4897066830766","230","1"
"12709","Pc","6260161548399","35","1"
"12709","Pc","6260161548467","35","1"
"12709","Pc","6260161548443","35","1"
"2552","Box","1073981","370","1"
"7254","Pc","1137031","160","1"
"14270","Pc","6947790776606","110","1"
"1137","Pc","8961008209432","95","1"
"702","Pc","1219191","160","1"
"5416","Pc","8964001220626","160","1"
"1053","Pc","4713318004018","90","1"
"15352","Pc","1219221","2700","1"
"10470","Pc","6291100730612","330","1"
"10470","Pc","6291108160039","330","1"
"10470","Pc","6291108160121","330","1"
"10470","Pc","6291100730018","330","1"
"10470","Pc","6291100730285","330","1"
"14730","Pkt","745760337668","590","1"
"14729","Pkt","745760107933","590","1"
"15354","Pc","6294015103519","540","1"
"15354","Pc","6294015107890","540","1"
"15353","Pc","6299800202323","540","1"
"15353","Pc","6299800201913","540","1"
"2021","BOTTLE","8410159270056","990","1"
"14945","BOTTLE","8410159267056","1140","1"
"9493","Pkt","36399826","130","1"
"9494","Pkt","36399840","260","1"
"9531","Pkt","36391097","240","1"
"10708","CRATE","","1200","12"
"14946","BOTTLE","8855044044440","430","1"
"14946","BOTTLE","8855044044433","430","1"
"14946","BOTTLE","8855044044495","430","1"
"14946","BOTTLE","8855044044426","430","1"
"14946","BOTTLE","8855044044471","430","1"
"7676","Pc","8961008215792","450","1"
"6118","Pkt","8961008217055","1250","1"
"1035","Pkt","8961008213675","2650","1"
"14950","Pkt","5052197050707","550","1"
"14955","POUCH","9506000014326","1130","1"
"14956","POUCH","9506000014340","1130","1"
"14957","POUCH","9506000014357","1130","1"
"14958","POUCH","9506000014555","1130","1"
"1730","Box","1358946045302","150","1"
"4706","Pc","1106252","190","1"
"4147","Box","1099091","640","1"
"3761","Pc","2880357942882","290","1"
"15358","Pc","6296385892130","5240","1"
"15358","Pc","6294653987250","5240","1"
"15358","Pc","6294650987352","5240","1"
"15359","Pc","6294659967256","5240","1"
"15360","Pc","6298143543193","5240","1"
"15442","Pc","8122640648526","5240","1"
"6642","Pc","8964001078562","110","1"
"15443","POUCH","705632491881","200","1"
"14446","BUNDLE","8886950034218","395","1"
"15361","Pc","8964000024034","90","1"
"15363","Pc","6009679062702","115","1"
"15364","Pc","6009679061651","240","1"
"9513","Pkt","36399796","130","1"
"9695","Pc","9230062603913","160","1"
"15367","JAR","4819619290629","360","1"
"15366","JAR","4819619290612","360","1"
"15365","JAR","4819619290650","360","1"
"15369","tube","4897066835075","280","1"
"15368","tube","4897066835068","280","1"
"15370","Pc","1219591","30","1"
"15375","Pc","6533411426724","550","1"
"10368","Pkt","043297011250","350","1"
"15376","JAR","6954237227355","620","1"
"14887","TIN","6970679241148","2150","1"
"4902","Box","4009900018029","6150","30"
"11770","Box","796648128250","700","20"
"11770","Box","796648125259","700","20"
"13573","POUCH","8997212800783","440","1"
"13573","POUCH","8997212800387","440","1"
"14888","Pkt","1219671","190","1"
"14889","Pc","1219681","220","1"
"14890","SACHET","8886300007022","160","1"
"14895","JAR","8690531020725","510","1"
"14896","JAR","8690531220729","630","1"
"14897","JAR","8694323020344","475","1"
"14898","JAR","8694323020429","475","1"
"14899","JAR","8694323020368","570","1"
"14902","Pc","149021","460","1"
"2082","Pc","8888202052407","580","1"
"14903","Pc","5011321599659","285","1"
"14903","Pc","8001090797483","285","1"
"14903","Pc","5013965896613","285","1"
"14903","Pc","8001090797582","285","1"
"9161","Pc","7702018494149","300","1"
"7730","Pc","3610340653841","510","1"
"14904","Pc","1219831","190","1"
"15377","Pc","8961014249361","180","1"
"7803","Pc","8961014248890","295","1"
"7802","Pc","8961014249026","480","1"
"9536","Pkt","36391608","30","1"
"9495","Pkt","36391318","130","1"
"12709","Pc","6260161548429","35","1"
"15378","Pc","8964002906116","50","1"
"6940","Pkt","1133661","230","1"
"825","Pkt","1219861","160","1"
"15379","Pc","1219871","110","1"
"15689","Pkt","8964000064634","720","1"
"2874","Pc","1078811","210","1"
"1819","PATTA","18191","240","1"
"5128","Pc","1112441","470","1"
"15382","Box","1219901","260","1"
"15382","Box","3233343536524","260","1"
"15383","Pc","1219911","190","1"
"15384","Pc","1219921","90","1"
"15385","Pc","1219931","150","1"
"15386","Pc","1219941","130","1"
"1829","Pc","1056191","470","1"
"136","Pc","5801","230","1"
"15387","Pc","8964000961698","95","1"
"15388","Pc","8964000961179","120","1"
"15389","Pc","1219971","190","1"
"11867","Pc","6291106810783","720","1"
"5742","Pc","6291106811124","440","1"
"5742","Pc","6291106811148","440","1"
"15390","Pc","8901030826887","890","1"
"10551","Pc","6294015103397","745","1"
"15391","Pc","5843212214613","240","1"
"15392","Pc","1220001","170","1"
"15393","Pkt","1220011","165","1"
"15394","JAR","8961101232771","720","1"
"15395","BUNDLE","8961101233136","560","1"
"5517","BUNDLE","8961101233006","560","1"
"14833","Pc","8961101786229","590","1"
"14833","Pc","8961101786236","590","1"
"14833","Pc","8961101786137","590","1"
"14833","Pc","8961101786144","590","1"
"15444","Pc","8964000982877","220","1"
"15396","TIN","717273600201","360","1"
"15397","TIN","717273600546","1270","1"
"15398","TIN","017273502117","1270","1"
"9866","JAR","717273600096","370","1"
"15399","Pc","1220081","120","1"
"15284","TIN","8690997134325","1180","1"
"4236","Pc","1100061","230","1"
"12222","Pc","6916790251475","520","1"
"15401","Pc","8901138511432","245","1"
"3249","Pc","8904006308745","1120","1"
"3249","Pc","8904006308752","1120","1"
"3249","Pc","8904006308783","1120","1"
"3249","Pc","8904006308776","1120","1"
"3249","Pc","8904006308769","1120","1"
"15402","Pc","6291108322604","490","1"
"15402","Pc","6291108322796","490","1"
"15402","Pc","6291106480672","490","1"
"15402","Pc","6291106484007","490","1"
"15402","Pc","6291106485844","490","1"
"15402","Pc","6291108322611","490","1"
"15402","Pc","6291106487312","490","1"
"15402","Pc","6291106483888","490","1"
"15403","Pc","6297000402802","460","1"
"15403","Pc","6297000402796","460","1"
"15403","Pc","6297000402789","460","1"
"15403","Pc","6297000402765","460","1"
"15403","Pc","6297000402772","460","1"
"15403","Pc","6297000402819","460","1"
"15404","Pc","6294015105957","560","1"
"15404","Pc","6294015105926","560","1"
"15404","Pc","6294015105964","560","1"
"15404","Pc","6294015105896","560","1"
"15404","Pc","6294015105933","560","1"
"15404","Pc","6294015105902","560","1"
"15404","Pc","6294015105940","560","1"
"15405","Pc","8904238302023","860","1"
"2478","Pc","1073171","90","1"
"9505","Pkt","36399963","140","1"
"12398","Pkt","36399987","95","1"
"9524","Pkt","36391004","430","1"
"4650","Pc","1105601","90","1"
"15407","JAR","8964001078609","530","1"
"15408","POUCH","8886467072406","520","1"
"15409","Pc","8964001305279","540","1"
"15409","Pc","8964001305286","540","1"
"15409","Pc","8964001305262","540","1"
"9522","Pkt","36391356","250","1"
"15410","Pc","671866117449","50","1"
"15410","Pc","671866117456","50","1"
"14160","Pc","8992952925314","60","1"
"503","Pc","8710908052040","770","1"
"5651","Pc","1119321","550","1"
"3888","Pc","0601570621192","220","1"
"2605","Pc","1074731","290","1"
"5613","Pc","1118841","160","1"
"5614","Pc","1118861","110","1"
"15411","Pc","1220211","260","1"
"15445","Pc","1220221","190","1"
"15690","Pkt","8964000064658","460","1"
"4258","Pc","1100311","160","1"
"4257","Pc","1100301","130","1"
"1112","Pc","6001087012072","780","1"
"1112","Pc","6001087012041","780","1"
"9746","pc","7702018291090","620","1"
"15447","Pc","2351589349218","130","1"
"15520","Pc","1220251","240","1"
"15521","Pkt","4618518138762","1270","1"
"8617","Pkt","3980444478962","820","1"
"223","Pkt","8961008218762","450","1"
"620","Pkt","8961008218786","450","1"
"15522","Pc","1220271","20","1"
"15522","Box","1220272","220","12"
"6357","Pc","1127311","1480","1"
"2458","Pc","1072941","820","1"
"15412","Pc","1220281","640","1"
"15413","Pc","1220291","250","1"
"2632","Pc","1075081","470","1"
"3165","Pc","1084581","880","1"
"2757","Pc","6944198220250","460","1"
"6571","POUCH","1129671","470","1"
"3166","Box","1084591","1430","1"
"3610","Pc","1092021","1330","1"
"3758","Pc","1093771","1370","1"
"10548","Pc","6291110003843","430","1"
"10548","Pc","6291110092991","430","1"
"10548","Pc","6291110105080","430","1"
"10548","Pc","6291110105974","430","1"
"15416","Pc","8901030997105","770","1"
"11856","Box","7622200341009","6720","24"
"15417","Pc","8901837473048","460","1"
"15418","BOTTLE","8001430111108","2480","1"
"14572","Pc","8964000750674","495","1"
"8619","Pkt","4618518120088","1070","1"
"10948","Pc","1175832","400","1"
"15420","BOTTLE","8850389103180","380","1"
"15420","BOTTLE","8850389103159","380","1"
"15420","BOTTLE","8850389106280","380","1"
"15420","BOTTLE","8850389103135","380","1"
"15420","BOTTLE","8850389103173","380","1"
"15420","BOTTLE","8850389103166","380","1"
"15420","BOTTLE","8850389103142","380","1"
"7291","BOTTLE","9652345121219","150","1"
"7291","BOTTLE","9752763214231","150","1"
"7291","BOTTLE","9652345121226","150","1"
"15422","Pc","8710103774495","7540","1"
"13004","Pc","8710103880707","4980","1"
"12053","Pc","8710103697114","3880","1"
"15423","Pc","8720689012188","7980","1"
"2229","POUCH","8961014021561","260","1"
"15424","Pc","8961014248920","510","1"
"7768","Pc","8961014250695","150","1"
"3222","BOTTLE","8961014250916","395","1"
"15425","Pc","1220411","220","1"
"7086","Pc","1135162","640","1"
"4719","Pc","1106402","530","1"
"15356","JAR","1156790070255","280","1"
"5867","Pc","1121872","560","1"
"15426","Pc","1220421","790","1"
"15427","Pc","8964000115176","30","1"
"15428","Pc","8964000115190","40","1"
"5930","POUCH","8964000821169","300","1"
"15449","POUCH","3570168726434","180","1"
"15453","Pc","1220511","350","1"
"15454","Pc","1220521","360","1"
"15455","Pc","1220531","430","1"
"9490","Pkt","36391523","280","1"
"15456","Pc","1220541","970","1"
"2650","Pc","26501","530","1"
"15457","Pc","1220551","250","1"
"15458","Pc","1220561","530","1"
"3116","POUCH","6970620570051","120","1"
"3116","POUCH","6938716700058","120","1"
"3116","POUCH","6955929436055","120","1"
"3116","POUCH","6942772751176","120","1"
"15464","POUCH","8992741941341","380","1"
"15465","Pc","3700066737342","1380","1"
"10769","Pc","6971342350082","540","1"
"5974","Pc","1123081","70","1"
"15466","Pc","6281085028019","290","1"
"15466","Pc","6281085028194","290","1"
"15466","Pc","6281085028231","290","1"
"15466","Pc","6281085027975","290","1"
"15466","Pc","6281085028255","290","1"
"15466","Pc","6281085027937","290","1"
"15466","Pc","6281085028279","290","1"
"15466","Pc","6281085028217","290","1"
"15466","Pc","6281085027999","290","1"
"15466","Pc","6281085028033","290","1"
"15466","Pc","6281085027951","290","1"
"15467","Pc","8410190521452","550","1"
"9823","Pc","614514060063","730","1"
"15468","Pc","5023716790121","690","1"
"15468","Pc","5023716777467","690","1"
"15468","Pc","5023716444499","690","1"
"15468","Pc","5023716990101","690","1"
"15468","Pc","5023716890111","690","1"
"15468","Pc","5023716100616","690","1"
"15468","Pc","5023716137612","690","1"
"15468","Pc","5023716000237","690","1"
"15468","Pc","5023716137575","690","1"
"1936","Pc","3337875201186","5140","1"
"15469","Pc","6290171010456","3930","1"
"15469","Pc","6290171010463","3930","1"
"15469","Pc","6290171010487","3930","1"
"15470","Pc","6390902024605","2740","1"
"15470","Pc","6390902024612","2740","1"
"15471","Pc","3607347420132","1050","1"
"15471","Pc","3412244510004","1050","1"
"15471","Pc","3661163403601","1050","1"
"15471","Pc","3412244310024","1050","1"
"15471","Pc","3607349796136","1050","1"
"13721","Pc","5055810009380","475","1"
"15472","Pc","3442151006239","1970","1"
"15473","Pc","1220711","190","1"
"2682","Pc","1075641","160","1"
"4486","Pkt","8961008218403","2950","1"
"11390","Pkt","8961008217062","1250","1"
"15474","POUCH","8886950014203","225","1"
"218","POUCH","8886950013435","50","1"
"11714","Pc","8886950072142","35","1"
"5677","Pc","56771","320","1"
"15477","BUNDLE","8961100023165","390","1"
"247","Pc","8961014249002","340","1"
"15478","Box","0648676922174","230","1"
"4922","Pkt","1109301","620","1"
"15482","Pkt","1220801","680","1"
"15483","Pc","1220811","290","1"
"15486","Pc","1220841","380","1"
"15487","Pc","1220851","660","1"
"15488","Pc","1220861","870","1"
"5821","Pc","1121371","190","1"
"14959","Pkt","6935079120509","1550","1"
"14960","Pc","1220881","820","1"
"14962","Pkt","1220901","840","1"
"14961","Pkt","1220891","1530","1"
"14963","Pc","1220911","1380","1"
"3253","Pc","1085941","1280","1"
"14964","Pc","6957125066098","360","1"
"14964","Pc","1220922","360","1"
"14965","Pc","6920158581494","730","1"
"14965","Pc","1220932","730","1"
"14966","Pc","1220941","280","1"
"14967","Pc","1220951","295","1"
"4987","Pc","1110541","295","1"
"4241","Pc","1100111","780","1"
"3781","Pc","1094061","490","1"
"14968","Pc","1220961","460","1"
"14969","Pc","6920201360212","230","1"
"14970","Pc","149701","330","1"
"14971","Pkt","749921062468","980","1"
"11121","POUCH","8858439004937","790","1"
"4291","POUCH","8997212800608","320","1"
"14972","Pc","6927262801159","100","1"
"14973","TIN","5200133120667","620","1"
"14975","BOTTLE","6261422503386","140","1"
"14975","BOTTLE","6261422502754","140","1"
"15122","Pc","7622300710613","940","1"
"15122","Pc","7622300107949","940","1"
"14976","TIN","9555701501772","675","1"
"14978","TIN","9555161009788","1430","1"
"14977","TIN","038900590307","3450","1"
"14979","Pc","182039000029","290","1"
"14980","Pc","182039000050","290","1"
"14981","Pc","8888300200007","640","1"
"14982","Pc","6932511216721","270","1"
"14982","Pc","6932511216738","270","1"
"9774","Pkt","6744945377455","190","1"
"14983","BOTTLE","8888202032331","480","1"
"14983","BOTTLE","8992856900691","480","1"
"14983","BOTTLE","8888202032447","480","1"
"14983","BOTTLE","8992856900745","480","1"
"14983","BOTTLE","8888202034588","480","1"
"14984","BOTTLE","8904109909849","370","1"
"14985","Pc","6903071022442","290","1"
"503","Pc","8712561252843","770","1"
"503","Pc","8712561249553","770","1"
"14986","Pkt","7702018465552","1390","1"
"8695","Pc","3587925249389","670","1"
"9826","Pc","6291107675770","440","1"
"9826","Pc","6291107675817","440","1"
"9826","Pc","6291107675756","440","1"
"9826","Pc","6291107675800","440","1"
"9709","BOTTLE","8993417402227","680","1"
"14987","Pc","4005808166213","915","1"
"5928","POUCH","8964000823330","280","1"
"14988","Pc","8964002574605","70","1"
"14991","POUCH","9506000014562","1450","1"
"9827","Pc","8309620395506","690","1"
"14994","Pc","1221231","90","1"
"1414","Pc","3610340655333","525","1"
"14995","Pc","8994993013852","880","1"
"14996","JAR","8964000192658","880","1"
"11299","Pc","6950769300474","90","1"
"7009","Pc","1134371","440","1"
"11912","POUCH","1185522","240","1"
"11091","Pc","6972865710711","160","1"
"11091","Pc","6972865710698","160","1"
"11091","Pc","6971104328793","160","1"
"11403","Pc","8964000834749","220","1"
"1874","Pc","1057751","90","1"
"15490","Pc","1221271","80","1"
"15493","Pc","1221301","30","1"
"1577","Pc","44471","60","1"
"4790","Pc","1107331","290","1"
"15494","Pkt","1221311","50","1"
"15495","Pkt","1221321","35","1"
"5973","Pc","1123071","190","1"
"15497","Pkt","1221341","150","1"
"15498","Pc","1221351","620","1"
"15499","Pc","1221361","415","1"
"15500","Pc","1221371","425","1"
"15501","Pc","1221381","230","1"
"15502","Pc","1221391","50","1"
"15503","Pc","1221401","100","1"
"15504","Pc","1221411","90","1"
"15505","Pc","1221421","140","1"
"15506","Pc","1221431","160","1"
"15507","Pc","1221441","50","1"
"8414","Can","8961100503230","5800","1"
"13235","Pc","8427252633381","140","1"
"15122","Pc","7614500010617","940","1"
"15510","Pc","8697439302229","160","1"
"15510","Pc","8697439301604","160","1"
"6487","Box","6261149058152","950","30"
"15511","Pc","6262147002444","60","1"
"15512","POUCH","6947651800433","470","1"
"15512","POUCH","6947651800556","470","1"
"15512","POUCH","6927262800039","470","1"
"15513","POUCH","6947651800518","470","1"
"15515","JAR","4009900541893","940","1"
"15515","JAR","4009900497503","940","1"
"15516","JAR","7891000304808","2950","1"
"15517","JAR","7891000029329","1650","1"
"15523","cup","7622300761363","360","1"
"15523","cup","7622210462534","360","1"
"15523","cup","7622300761349","360","1"
"15524","POUCH","7622210892133","1130","1"
"15527","POUCH","6285835000270","1980","1"
"15526","POUCH","6221134011036","2080","1"
"13941","Pkt","5410126006377","1320","1"
"15528","POUCH","6281036560209","220","1"
"13941","Pkt","5410126006353","1320","1"
"15530","JAR","8964001507802","415","1"
"716","Pkt","8961014021639","50","1"
"15531","POUCH","7702018592890","140","1"
"15532","tube","909846321006","480","1"
"15533","JAR","1110098861144","400","1"
"14933","Pc","079400193742","640","1"
"9525","Pkt","36391011","860","1"
"15538","POUCH","8992741941358","380","1"
"14761","Pc","8992741906777","150","1"
"14760","POUCH","8992741955126","470","1"
"14759","POUCH","8992741941327","470","1"
"14647","Box","8992741956307","2700","24"
"14762","TIN","6920089000842","350","1"
"14764","BOTTLE","8410159047382","530","1"
"14765","BOTTLE","8964002343225","130","1"
"14765","BOTTLE","8964002343201","130","1"
"14765","BOTTLE","8964002343218","130","1"
"10829","Pc","310786201790","590","1"
"14766","POUCH","8964002917501","790","1"
"246","Pc","8961014248982","590","1"
"14767","BOTTLE","4607006676411","265","1"
"14768","JAR","6001051003853","1080","1"
"14768","JAR","4005808780570","1080","1"
"14768","JAR","6001051002375","1080","1"
"14768","JAR","6001051002382","1080","1"
"14768","JAR","6001051003921","1080","1"
"14768","JAR","6001051000364","1080","1"
"14768","JAR","6001051003884","1080","1"
"14768","JAR","4005808780563","1080","1"
"14769","Pc","8710447275306","720","1"
"14769","Pc","8710847963469","720","1"
"14771","Pc","8961100091232","315","1"
"14772","POUCH","8961100093519","120","1"
"14773","Pc","8981100093579","99","1"
"14774","Pc","4005900123589","580","1"
"9822","Pc","8720181072857","970","1"
"9822","Pc","8720181072833","970","1"
"385","Pc","856097008586","430","1"
"14775","Pc","6921092763663","100","1"
"14775","Pc","6972280411514","100","1"
"5631","Pc","1119042","130","1"
"14776","JAR","8314569740829","170","1"
"15539","JAR","3433649270010","250","1"
"15542","TIN","9555070600526","985","1"
"7516","Pkt","8964003062088","2280","1"
"15545","JAR","1110098872300","400","1"
"15546","JAR","1110098876001","400","1"
"15547","JAR","1110098871136","400","1"
"15548","Pc","8964000638156","220","1"
"15548","Pc","1222002","220","1"
"15549","Pc","1222011","640","1"
"13839","Pc","3040506070050","280","1"
"15551","Pc","8997212800752","180","1"
"15551","Pc","8997212800769","180","1"
"15468","Pc","5023716990132","690","1"
"8618","Pkt","8966000053588","970","1"
"8620","Pkt","8964003102012","1170","1"
"15552","Pc","155521","230","1"
"15553","Pc","7926258925892","260","1"
"15554","Pc","5011417559178","660","1"
"15554","Pc","5011417558416","660","1"
"15554","Pc","5011417559161","660","1"
"15555","Pc","1222081","60","1"
"4484","Pkt","8961008213705","2350","1"
"3893","Pkt","8961008218397","1480","1"
"15557","SACHET","9556001291059","30","1"
"15558","Box","8961101787325","175","1"
"15560","Pkt","8964000074480","1280","1"
"15559","Pkt","8964000074015","1150","1"
"15564","SACHET","9486071329","15","1"
"15564","SACHET","9486071325","15","1"
"15564","SACHET","9486071327","15","1"
"15564","SACHET","9486071323","15","1"
"15564","SACHET","9486071390","15","1"
"10843","Pc","8964000798881","70","1"
"2445","Pkt","8006540198797","1470","1"
"986","Pkt","8006540198834","1470","1"
"984","Pkt","8006540199190","2600","1"
"2446","Pkt","8006540198315","1530","1"
"2369","Pkt","8006540198476","2600","1"
"15566","Pc","3509165891289","1780","1"
"9516","Pkt","36399925","170","1"
"9475","Pkt","36391172","90","1"
"15571","Pkt","745760337675","590","1"
"9474","Pkt","36392094","180","1"
"11468","Pkt","36391189","85","1"
"9492","Pkt","36391547","325","1"
"9483","Pkt","36391486","80","1"
"15574","Pc","1222271","840","1"
"15575","Pc","1222281","230","1"
"7764","Pc","8961014023596","30","1"
"9138","SACHET","8961014250947","20","1"
"15579","Pc","7702018877478","2820","1"
"2442","Pc","4005900123527","430","1"
"15580","Pc","1222331","90","1"
"15581","Pc","1222341","150","1"
"4940","Pc","1109481","280","1"
"15582","Pkt","1222351","470","1"
"4045","Pkt","1097651","715","1"
"15583","Pkt","6928394901366","65","1"
"15585","Pkt","1222381","130","10"
"15585","Pc","1222382","15","1"
"667","Pkt","6671","130","1"
"1823","Pc","1056112","140","1"
"15586","Pc","1222391","95","1"
"15587","Pkt","1222401","350","1"
"15588","Pc","1222411","210","1"
"2425","JAR","60022141","430","1"
"14524","Pkt","6978536465300","140","1"
"11554","Pc","8857101134194","360","1"
"13446","Pc","8855322000588","370","1"
"13446","Pc","8857101115025","370","1"
"1098","Pc","8853976000046","170","1"
"7918","Pc","1144531","290","1"
"11026","100G","1176623","650","0.1"
"15528","POUCH","6281036560100","220","1"
"15528","POUCH","6281036008343","220","1"
"15591","Pkt","8690536807833","300","1"
"15592","Pkt","8690536807840","580","1"
"15593","Pkt","8690536807871","360","1"
"15594","Pkt","8690536807888","340","1"
"15595","Pc","1222481","1560","1"
"15596","Pc","1222491","540","1"
"3091","Pc","1083321","240","1"
"15597","Pc","1222501","130","1"
"15598","Pc","1222511","160","1"
"6321","Pc","1126931","220","1"
"15161","Pc","8886950071176","30","1"
"15606","TIN","5711953079481","860","1"
"15606","TIN","5730800623059","860","1"
"15609","POUCH","034000446001","980","1"
"15607","POUCH","034000134106","980","1"
"15610","POUCH","6294001831044","1350","1"
"15611","POUCH","7622200009176","1180","1"
"15612","Pc","405180","380","1"
"15613","JAR","8850124011053","1850","1"
"15614","JAR","5060122038058","950","1"
"15616","Pc","5000159485920","680","1"
"15622","TIN","8000550594631","2760","1"
"15623","Pc","8964002137602","100","1"
"15626","Pkt","745125120317","100","1"
"15625","Pc","736211020673","280","1"
"15624","Pc","736211020574","450","1"
"14206","Pc","8025337346944","1160","1"
"14232","Pc","8025337347019","1160","1"
"15627","JAR","8025337342083","700","1"
"3116","POUCH","9621084594011","120","1"
"15628","Pc","6009679061491","125","1"
"636","Box","8964002756575","80","1"
"12854","Box","8964002756476","290","1"
"2222","Pkt","8006540198438","2600","1"
"15629","BOTTLE","5904277118626","1330","1"
"15631","Box","8964002798308","115","1"
"15632","Box","8964000474754","115","1"
"15634","Box","8964002798346","115","1"
"15635","Pc","8971354972546","120","1"
"15636","Pc","8961098274211","120","1"
"15637","Pc","6759810987","250","1"
"15638","Pc","122292","360","1"
"15639","POUCH","8964001153849","640","1"
"14797","POUCH","8964001153436","540","1"
"14798","POUCH","8964001153801","510","1"
"14799","POUCH","8964001153191","180","1"
"14800","POUCH","8964001154372","170","1"
"14801","POUCH","8964001153689","190","1"
"14802","POUCH","8964001153283","290","1"
"14803","TIN","6988888421305","415","1"
"14804","POUCH","8964001154563","240","1"
"14805","POUCH","8964001154235","280","1"
"14806","POUCH","8964001153887","1020","1"
"14807","POUCH","8964001153795","1020","1"
"14808","POUCH","8964001153948","1020","1"
"14809","POUCH","8964001153986","1670","1"
"14810","POUCH","671866117418","20","1"
"14810","POUCH","671866117425","20","1"
"14446","BUNDLE","8886950034119","395","1"
"14812","POUCH","7613037739923","1880","1"
"14812","POUCH","7613287348623","1880","1"
"9258","SACHET","3610340657337","190","1"
"14774","Pc","4005900000972","580","1"
"15521","Pkt","8964003102029","1270","1"
"15640","BUNDLE","8961100023141","390","1"
"15642","Pc","7398880141122","20","1"
"15643","Pc","8964000768471","120","1"
"15646","Pc","7702018582099","795","1"
"15647","Pc","7702018582075","480","1"
"15648","Pc","7702018581993","480","1"
"15649","Pc","7702018581955","560","1"
"15650","Pc","7702018582013","545","1"
"15651","Pc","7702018581979","450","1"
"15652","Pc","7702018582150","1260","1"
"15653","Pc","7702018581931","595","1"
"15654","Pc","671866150149","360","1"
"15655","Box","671866278508","180","1"
"635","Pkt","8964002756445","100","1"
"15656","Pc","6291107675596","350","1"
"15657","Pc","8990800022574","120","1"
"15657","Pc","8990800022567","120","1"
"13246","Pkt","8964000045503","380","1"
"15658","Pc","8961014249163","175","1"
"15659","SACHET","8961014021660","150","1"
"15660","Pc","8961014249200","770","1"
"15661","Pc","8961014249224","790","1"
"15662","JAR","8961014263664","440","1"
"15663","Pc","8961014249019","290","1"
"15440","Pkt","8850477013704","620","1"
"15440","Pkt","8850477013681","620","1"
"15666","Box","8886467072482","720","1"
"15667","Pc","8964000769805","75","1"
"15668","Pc","8964000769829","75","1"
"7357","Pc","4891228607029","160","1"
"15669","Pc","7613034275363","180","1"
"15670","Box","8852756304046","2380","1"
"15671","Pc","8852961016512","110","1"
"14061","Pkt","8852961018776","80","1"
"14060","Pkt","8852961018790","80","1"
"15672","Box","8964002862566","300","1"
"15673","Pc","8964002582471","320","1"
"15674","Pc","8964002582488","360","1"
"15675","Pc","8961100470129","150","1"
"15676","Pc","156761","20","1"
"15677","BOTTLE","8964003033071","90","1"
"15678","Pc","1223511","150","1"
"12219","Box","8964002756490","290","1"
"15511","Pc","6262147002383","60","1"
"7517","Pkt","8964003062095","2280","1"
"15680","SACHET","8001841474922","10","1"
"15681","Box","8961008217048","1250","1"
"15682","Box","8961008224862","1120","1"
"3542","Pc","8961014250954","50","1"
"11469","POUCH","36391868","170","1"
"9967","Pc","6296236026004","1260","1"
"9967","Pc","679523154004","1260","1"
"14446","BUNDLE","8886950034102","395","1"
"15691","SACHET","1906672864263","50","1"
"123","Box","8964002756506","80","1"
"15692","JAR","4005900626516","820","1"
"11764","POUCH","5000159416177","820","1"
"15693","Pc","8000500264706","1280","1"
"15694","POUCH","6294003596514","1760","1"
"15695","TIN","6084012090444","560","1"
"15271","Box","5059001000958","3250","1"
"15271","Box","5059001000941","3250","1"
"15271","Box","4640018994241","3250","1"
"15696","Pc","3574661172446","390","1"
"9788","BOTTLE","5011417563144","1180","1"
"15697","BOTTLE","8410159270117","860","1"
"10557","Pc","2004201600012","200","1"
"15700","POUCH","8964000053690","440","1"
"15701","Box","65003268","620","1"
"15702","TIN","8410179300641","6640","1"
"15703","POUCH","8964001154297","970","1"
"15704","Pc","736211022479","35","1"
"6882","BOTTLE","8993417390234","540","1"
"15705","Pc","5010527371304","960","1"
"15706","Pc","8888115000205","1390","1"
"2294","Pc","1069141","150","1"
"15707","Pc","1223801","220","1"
"15744","Pc","2904201097730","260","1"
"14524","Pkt","6926641005249","140","1"
"14524","Pkt","6926641005027","140","1"
"14524","Pkt","6926641005348","140","1"
"15745","Pc","6922855280188","290","1"
"12914","Pc","1195592","90","1"
"15746","POUCH","6914253435394","540","1"
"15747","POUCH","8888296038288","670","1"
"15747","POUCH","8888296038325","670","1"
"15748","POUCH","6914253440800","430","1"
"15749","POUCH","6914253435400","440","1"
"15750","SACHET","855434013030","15","1"
"15752","Pc","6914253440794","480","1"
"15753","JAR","8964000024089","390","1"
"973","Box","8964002756735","310","1"
"15754","POUCH","8850477001602","2490","1"
"5742","Pc","6291109270058","440","1"
"5742","Pc","6291109270065","440","1"
"5742","Pc","6291106811131","440","1"
"11867","Pc","6291109270133","720","1"
"11867","Pc","6291109270126","720","1"
"15755","Box","8961008217390","2490","1"
"15756","Box","8961008217406","2490","1"
"15757","Box","8961008217413","2490","1"
"15759","BOTTLE","6281040440078","110","1"
"9486","Pkt","1161132","60","1"
"15760","Pc","8964001492559","80","1"
"2410","Pkt","8006540198278","1530","1"
"9465","Pc","1160922","100","1"
"15726","Pc","8964002574452","130","1"
"15728","Box","02135675672","230","1"
"15729","Box","1224031","230","1"
"15731","Box","8964000161401","420","1"
"15730","Box","8964000161395","415","1"
"5777","Pc","80880691","280","1"
"356","Pc","8991111109114","770","1"
"11740","Pkt","745760685899","1180","1"
"15714","Pc","1224121","720","1"
"2539","Pc","1073851","270","1"
"2537","Pc","1073831","435","1"
"15715","Pc","1224131","360","1"
"15716","Pc","8964002546190","475","1"
"15716","Pc","1224142","475","1"
"8691","Pc","9789695098097","170","1"
"15717","Pc","8025337009818","1160","1"
"9820","Pc","8719497181193","880","1"
"9820","Pc","8719497181179","880","1"
"9820","Pc","8719497181155","880","1"
"9820","Pc","8719497181216","880","1"
"1054","POUCH","5900951293634","670","1"
"15718","BOTTLE","5060402903793","1040","1"
"15719","BOTTLE","5060402903854","790","1"
"15720","BOTTLE","5060402908347","1040","1"
"15722","BOTTLE","5060402905704","1040","1"
"15723","Box","7622300335755","1440","12"
"15723","Pc","7622300335809","120","1"
"15724","Pc","80874652","390","1"
"8099","POUCH","8961014021554","260","1"
"14233","Pc","8025337347217","1160","1"
"15725","JAR","8025337313052","2280","1"
"10947","Pc","1175822","380","1"
"10967","Pc","1176022","570","1"
"15732","Pc","1224251","580","1"
"690","Box","8964002756568","80","1"
"902","Pkt","8964002756452","90","1"
"15733","Pc","1224261","380","1"
"15739","Pc","8961100360383","90","1"
"15740","Pc","9647627961225","200","1"
"15742","Pc","310862017901","500","1"
"15743","Pc","331078605157","630","1"
"15763","Pc","1224381","320","1"
"4399","Pc","1102251","200","1"
"8343","Pc","1149001","290","1"
"15764","Pc","8906018500001","230","1"
"15765","Pc","8851932426862","620","1"
"15767","Pc","8901526104727","530","1"
"15769","Pc","8901030670688","1050","1"
"15770","Pc","8901248701112","290","1"
"15772","Pc","8999999562182","720","1"
"15771","Pc","8999999562199","720","1"
"3545","Pc","6001087008488","1530","1"
"3545","Pc","8999999020248","1530","1"
"15773","Pc","2021053100101","320","1"
"15774","Pc","8901088200073","560","1"
"15775","Pc","8901088200066","920","1"
"5633","Pc","80906407","390","1"
"737","Pc","21001","140","1"
"2968","Pc","1080781","110","1"
"3871","Pc","1095501","750","1"
"3931","Pc","1096311","1920","1"
"3932","Pc","1096321","1070","1"
"3933","Pc","1096331","1440","1"
"3934","Pc","1096341","1370","1"
"15778","Pc","8964000900321","320","1"
"15779","Pc","8964000900352","320","1"
"15780","Pc","8964000900499","330","1"
"15781","Pc","8906018500056","490","1"
"15782","Pc","8000500384763","195","1"
"15783","Pc","50201013","360","1"
"15785","POUCH","5000159304245","250","1"
"15786","Pc","6281036008350","460","1"
"15788","Pkt","5010232953925","350","1"
"15787","Pkt","5010232965096","550","1"
"15789","Pkt","157891","600","1"
"15790","Pkt","5010232964433","1290","1"
"15791","Pkt","5038483188842","1950","1"
"15792","POUCH","8961014034165","140","1"
"15793","POUCH","8961014034172","140","1"
"252","BOTTLE","8961014249477","395","1"
"124","Box","8964002756728","310","1"
"15794","Pc","8964000019931","350","1"
"4148","Box","1099101","580","1"
"15796","Pc","4987176019042","240","1"
"15797","Pc","1224721","270","1"
"6407","Pc","1127861","390","1"
"15798","Pc","1224731","90","1"
"3109","Pc","1083571","220","1"
"4571","Pc","1104721","280","1"
"4370","Pc","1101951","485","1"
"7236","Pc","1136831","170","1"
"2094","Pc","1063851","100","1"
"15799","Pc","1224741","230","1"
"3674","Pc","1092691","220","1"
"6178","Pkt","1125351","280","1"
"15800","Pc","1224751","480","1"
"15820","Box","1224761","370","1"
"5014","Pc","1110881","560","1"
"4810","Pc","1107671","390","1"
"2457","Box","1072931","1440","1"
"2617","Pc","1074931","1560","1"
"2667","Pc","1075491","580","1"
"2654","Box","1075361","2770","1"
"2744","Pkt","1076621","1050","1"
"6079","Pkt","1124301","2180","1"
"15822","POUCH","1224781","625","1"
"15823","Box","1224791","1370","1"
"15824","Box","1224801","1920","1"
"15825","Box","1224811","1170","1"
"2460","Pc","1072961","2240","1"
"15826","Pc","1224821","570","1"
"2662","Pc","1075441","310","1"
"15827","Box","1224831","1070","1"
"15828","Pc","1224841","350","1"
"5782","POUCH","8964000825501","120","1"
"13924","POUCH","8964000825464","120","1"
"15829","Box","8964000057100","370","1"
"15830","Pc","7622210098917","760","1"
"15831","Pc","80135463","1150","1"
"15832","Pc","3423478452657","18650","1"
"15833","Pc","6941736502564","5650","1"
"15834","Pc","158341","7500","1"
"15835","Pc","818368022769","1850","1"
"15835","Pc","818368022745","1850","1"
"15835","Pc","818368022790","1850","1"
"15836","Pc","615435558547","1450","1"
"15836","Pc","656165333721","1450","1"
"15833","Pc","1224892","5650","1"
"15835","Pc","1224914","1850","1"
"15836","Pc","1224923","1450","1"
"15837","Pc","36399307","900","1"
"15838","Pc","36392056","300","1"
"1856","Box","8964002756599","80","1"
"9506","Pkt","36399970","280","1"
"12399","Pkt","36399994","190","1"
"9526","Pkt","36392117","1720","1"
"9527","Pkt","36391035","240","1"
"9528","Pkt","36391028","480","1"
"9496","Pkt","36391325","260","1"
"9491","Pkt","36391530","130","1"
"9469","Pkt","36391806","230","1"
"9489","Pkt","36391516","200","1"
"227","Pkt","8961008217543","1110","1"
"7682","SACHET","8961008218489","30","1"
"9514","Pkt","36399819","260","1"
"15840","Pc","7622201640835","50","1"
"15840","Box","7622201640828","1160","24"
"15841","Pc","1224971","1630","1"
"7946","Pc","1144811","450","1"
"15842","Box","671866130059","175","1"
"3537","Pc","1090991","930","1"
"3536","Pc","1090981","780","1"
"3538","Pc","1091001","1050","1"
"3831","Pc","1094831","1200","1"
"2525","Pc","1073711","750","1"
"15843","JAR","8694323020375","860","1"
"15848","JAR","8694323020405","570","1"
"15847","JAR","8694323020382","520","1"
"15846","JAR","8694323020337","785","1"
"15845","JAR","8694323020399","730","1"
"15801","JAR","8694323020351","785","1"
"13168","POUCH","8886950013459","340","1"
"7632","Pc","8886950072203","80","1"
"15803","Pc","1225071","800","1"
"15806","Pc","1225101","1020","1"
"15639","POUCH","8964001153863","640","1"
"15807","Pc","","270","1"
"15809","POUCH","1225131","210","1"
"15811","Pc","1225151","995","1"
"12703","Pc","6293708014767","1030","1"
"12703","Pc","6293708008865","1030","1"
"12703","Pc","6293708014750","1030","1"
"12703","Pc","6293708010394","1030","1"
"15812","Pc","f10112007m","190","1"
"9823","Pc","614514060506","730","1"
"14306","Pc","5060340397531","790","1"
"14306","Pc","5060340397524","790","1"
"15814","Pc","1225181","90","1"
"503","Pc","6001087364683","770","1"
"15816","Pc","1225201","20","1"
"15817","Pc","815082009731","240","1"
"562","POUCH","8001090348340","1140","1"
"2225","Pkt","8006540198230","1470","1"
"15849","Pc","8001090185785","150","1"
"15850","Pc","8001090185839","175","1"
"15851","Pc","8001090185853","220","1"
"15852","BUNDLE","8001090193285","430","1"
"15853","BUNDLE","8001090193018","640","1"
"6681","Box","7622201507121","470","24"
"6681","Pc","7622201507138","20","1"
"15858","POUCH","8961014248845","495","1"
"15859","POUCH","8961014248852","495","1"
"15860","TIN","8001430110019","6270","1"
"15861","BOTTLE","6280541402509","130","1"
"15862","Pc","4892368647579","230","1"
"15864","Pc","8961101782542","165","1"
"15863","Pc","8961101786113","165","1"
"15865","Pc","1225411","540","1"
"6832","Pc","1132511","550","1"
"5119","Pc","1112251","590","1"
"2553","Pc","1073991","180","1"
"2938","Pc","1079871","260","1"
"3201","Pc","1084961","250","1"
"7276","Pc","8961014249231","99","1"
"2231","POUCH","4084500599789","285","1"
"8535","Pc","3610340653858","525","1"
"15885","Pc","158851","5600","1"
"903","Pkt","8964002756438","90","1"
"15886","POUCH","8961103501912","120","1"
"15887","POUCH","8961102503467","85","1"
"14205","Pc","8025337346937","1160","1"
"15889","SACHET","8961008237480","50","1"
"15893","Pc","8964000257449","280","1"
"15894","Pc","8964000507674","400","1"
"15896","BOTTLE","8964000259030","440","1"
"15897","Pc","8964000057438","280","1"
"15898","Pc","8964000057384","265","1"
"14866","Pkt","6291100606160","190","1"
"15902","Pc","159021","140","1"
"9858","JAR","7891000260401","950","1"
"15903","JAR","7891000315606","2640","1"
"13504","Box","6200451002569","180","1"
"15908","Pc","ag1","700","1"
"15907","Pc","ag2","260","1"
"1805","Pc","18051","50","1"
"2405","Pc","24051","80","1"
"15909","Pc","159091","370","1"
"15910","Box","159101","880","1"
"15911","Pc","159111","1530","1"
"501","Pkt","5011","120","1"
"648","Pc","6481","720","1"
"13337","tube","8992222053730","920","1"
"13337","tube","8992222053693","920","1"
"15915","Pc","6291107459219","1550","1"
"2944","BOTTLE","5010123703431","690","1"
"8035","Pc","80351","300","1"
"15918","Pc","159181","780","1"
"15919","Pc","159191","130","1"
"15920","Pc","159201","240","1"
"15930","Pc","8901396332114","520","1"
"15931","Pc","8999999530341","590","1"
"15932","Pc","7640129895137","920","1"
"3545","Pc","6001087357081","1530","1"
"15933","POUCH","4808591800056","920","1"
"5741","Pc","8717163476789","890","1"
"15934","Pkt","159341","190","1"
"15935","ROLL","159351","120","1"
"15936","Pkt","159361","320","1"
"9897","Pc","98971","150","1"
"4292","Pc","42921","140","1"
"15940","Pc","6971414031253","200","1"
"15940","Pc","159402","200","1"
"15941","Pc","159411","170","1"
"15945","Box","927837221111","240","1"
"9448","Pkt","8964003102036","770","1"
"15817","Box","815082006549","2300","10"
"15947","Pc","6579135487979","120","1"
"12171","JAR","9311931412161","720","1"
"2297","Pc","4005808366712","1360","1"
"2297","Pc","4005808725311","1360","1"
"15951","Pc","7622201114930","425","1"
"15921","Pc","159211","100","1"
"15922","Pkt","159221","380","1"
"15923","BOTTLE","8961100093885","900","1"
"15924","Pc","6281001101192","440","1"
"9796","Pkt","8001841041360","690","1"
"9793","Pkt","97932","580","1"
"15928","Pc","4987176030085","630","1"
"15929","Pc","4902430649636","455","1"
"15929","Pc","4987176029966","455","1"
"15954","BOTTLE","8964000088197","215","1"
"15958","SACHET","159581","300","1"
"15959","SACHET","159591","300","1"
"15960","SACHET","159601","190","1"
"19171","Pc","8961102814099","540","1"
"15961","SACHET","8850127008111","70","1"
"15962","Pc","8966000002043","100","1"
"15963","POUCH","8966000001923","100","1"
"11808","Pc","6971539725006","410","1"
"4400","Pc","44001","820","1"
"15964","Pc","953667896601","90","1"
"15967","Box","8964000064597","490","1"
"15969","Box","8964000064580","740","1"
"13896","Pc","8964002648436","660","1"
"13896","Pc","8964002648450","660","1"
"15970","Pc","2622560000061","195","1"
"15970","Pc","2622560000122","195","1"
"15970","Pc","2622560000047","195","1"
"15970","Pc","2622560000054","195","1"
"15970","Pc","2622560000085","195","1"
"15970","Pc","2622560000108","195","1"
"15970","Pc","2622560000115","195","1"
"15970","Pc","2622560000023","195","1"
"8695","Pc","3587925249341","670","1"
"15971","Pc","","270","1"
"15972","Pc","","270","1"
"8549","Pc","2578745874586","495","1"
"12653","Pc","6291106067491","690","1"
"12653","Pc","6291106067415","690","1"
"12653","Pc","6291107451473","690","1"
"12653","Pc","6291108735213","690","1"
"12653","Pc","6291108735152","690","1"
"12653","Pc","6291106067439","690","1"
"12653","Pc","6291106069334","690","1"
"12653","Pc","6291108735138","690","1"
"12653","Pc","6291106067446","690","1"
"9578","Pkt","GR00943","130","1"
"3278","POUCH","815096004326","870","1"
"15977","Pc","723872535127","45","1"
"15978","POUCH","8961102506314","50","1"
"14208","Pc","8025337346968","1160","1"
"14225","Pc","8025337347200","1160","1"
"11091","Pc","437833743549","160","1"
"11091","Pc","437833743546","160","1"
"15980","Pc","159801","250","1"
"15981","Pc","159811","240","1"
"2559","Pc","25591","250","1"
"14835","Pc","3600523434596","1380","1"
"3702","Pc","37021","250","1"
"15833","Pc","05OI1FKZ50602730","5650","1"
"15987","Pc","8001090126948","230","1"
"10966","Pc","109662","570","1"
"15989","JAR","8314569304571","360","1"
"15990","JAR","8314569654126","360","1"
"15992","Pc","42098584","1280","1"
"6202","Pc","62021","150","1"
"15994","Pc","5060068526770","380","1"
"7516","Pkt","8964002315598","2280","1"
"15997","Pc","8964001049739","980","1"
"3267","BOTTLE","8961014249446","240","1"
"253","BOTTLE","8961014249453","240","1"
"16001","BOTTLE","8961014242379","550","1"
"10470","Pc","6291109090298","330","1"
"14235","Pc","8025337347330","1160","1"
"12027","Pc","8801038564197","490","1"
"16024","Pkt","8801038562476","220","1"
"16030","Pc","8964002575329","185","1"
"16034","Pc","8850007814290","350","1"
"16034","Pc","8850007814320","350","1"
"16035","Pc","8886467076091","1620","1"
"16038","Box","769503783826","235","1"
"3371","BOTTLE","8964000736753","260","1"
"12396","Pkt","36391622","180","1"
"16041","Box","8850086243608","1020","12"
"16041","Pc","8850086250316","90","1"
"11902","Pkt","8964000813195","700","1"
"16042","Pkt","8961006070904","380","1"
"16043","Pkt","8961006010443","420","1"
"1508","Pc","6068357277784","140","1"
"3222","BOTTLE","8961014249460","395","1"
"897","Pc","8961014249316","99","1"
"16006","Pc","8888650404070","790","1"
"15122","Pc","7614500010310","940","1"
"15657","Pc","8990800022543","120","1"
"16009","POUCH","8886467076077","820","1"
"7731","Pc","3610340653810","890","1"
"16014","Pc","8964000257494","390","1"
"16016","Pc","9555354120009","480","1"
"16017","Pc","9170068488254","480","1"
"16019","Pc","9880011557714","530","1"
"15178","Pkt","3570109726431","170","1"
"10470","Pc","6291108161715","330","1"
"10470","Pc","6291108161050","330","1"
"10470","Pc","6291100737321","330","1"
"10470","Pc","6291108167595","330","1"
"10470","Pc","6291108160152","330","1"
"11714","Pc","8886950072227","35","1"
"197","Pc","8886950051413","70","1"
"201","Pc","8886950052205","70","1"
"16044","Pkt","8886950093253","240","1"
"16047","BUNDLE","8961006070898","750","1"
"7675","Box","8961008218625","2950","1"
"1293","Pkt","8964002893089","850","1"
"1292","Pkt","8964002893096","1000","1"
"1264","Pkt","8964002893102","1100","1"
"16049","Pc","8886950093338","135","1"
"16050","BOTTLE","6281653838798","240","1"
"16051","BOTTLE","6283874777542","240","1"
"16052","POUCH","8964002289950","320","1"
"16052","POUCH","8964002289943","320","1"
"1443","SACHET","8886950013473","10","1"
"5251","BUNDLE","8961101233372","560","1"
"164","POUCH","8001090348319","570","1"
"16059","Box","010900035217","725","1"
"16060","Box","010900035194","785","1"
"16063","Pc","6928001837668","480","1"
"1098","Pc","8853976000220","170","1"
"16065","Box","160651","230","1"
"16067","TIN","8888082117722","2190","1"
"16068","Pc","160681","50","1"
"16069","Pc","8964003015343","195","1"
"16071","Pc","8964003015367","245","1"
"16070","Pc","8964003015350","245","1"
"16072","1kg","160721","140","1"
"16072","500g","160722","70","0.5"
"16073","POUCH","8961102503481","85","1"
"16074","POUCH","3570036726436","100","1"
"12653","Pc","6291108735121","690","1"
"2053","Pc","8964001423614","170","1"
"16076","POUCH","8964001154143","290","1"
"12653","Pc","6291108735176","690","1"
"1489","Box","14891","230","1"
"16080","TIN","8710428016454","705","1"
"16081","TIN","8710428016478","775","1"
"9538","Pkt","36391042","360","1"
"9504","Pkt","36391448","30","1"
"16082","Pc","4711146122995","840","1"
"16085","BOTTLE","067990501399","1160","1"
"16086","Pkt","36393824","220","1"
"16087","Pc","160871","180","1"
"16088","Box","8961102502569","520","18"
"16088","Pc","8961102502521","30","1"
"15343","Box","8964002756704","310","1"
"5660","Pc","56601","390","1"
"5661","Pc","56611","360","1"
"5662","Pc","56621","380","1"
"16091","Pc","160911","330","1"
"16092","BOTTLE","6281652502416","140","1"
"5111","Pc","51111","60","1"
"16093","POUCH","8964001153818","640","1"
"3970","Pc","39701","290","1"
"16094","Pc","2367342656417","260","1"
"11867","Pc","6291106810721","720","1"
"5024","Pc","6928001834902","260","1"
"13202","Pkt","8964003593063","80","1"
"16097","Pc","8964000045367","150","1"
"16098","Pc","8964000045428","150","1"
"16099","Pc","8964002492053","140","1"
"7673","Pc","8961008218632","740","1"
"16100","Pc","80177180","320","1"
"16100","Box","4008400264004","12800","40"
"16101","Pc","6221134010558","360","1"
"14029","JAR","717273501850","1760","1"
"16104","Box","8681657409709","600","16"
"16104","Box","8681657409655","600","16"
"16104","Pc","8681657409679","40","1"
"16104","Pc","8681657408771","40","1"
"15510","Pc","8697439304056","160","1"
"15510","Pc","8697439304100","160","1"
"15510","Pc","8697439301987","160","1"
"16106","Pc","8697439304308","115","1"
"15751","Pc","6957484638592","270","1"
"11091","Pc","745125122069","160","1"
"9729","BOTTLE","8851932415262","1160","1"
"16225","Pc","038000138720","980","1"
"16226","Pc","6221134010671","280","1"
"16227","Pc","162271","80","1"
"14242","Pc","8025337347224","1160","1"
"16228","Pc","4660085515163","590","1"
"16229","Pc","162291","70","1"
"7764","Pc","8961014024586","30","1"
"4745","Pc","47451","70","1"
"16232","BOTTLE","8961100091201","535","1"
"16233","Pc","8961100093175","495","1"
"16234","Pc","8961100093861","99","1"
"16235","SACHET","8961100098675","190","1"
"16236","Pc","8961100098699","395","1"
"16237","BOTTLE","8961100091195","395","1"
"16238","Pc","8961100098705","295","1"
"16240","Pc","855434003093","170","1"
"16241","CTN","8964001547228","2300","5"
"16241","POUCH","8964001547150","460","1"
"16242","BOTTLE","8964001547112","1210","1"
"12653","Pc","6291107454399","690","1"
"12653","Pc","6291106067422","690","1"
"12653","Pc","6291108735169","690","1"
"13243","Pc","676979100104","260","1"
"7510","Pc","75101","590","1"
"9575","Pkt","66698","100","1"
"16174","Box","1156790100372","2760","12"
"16174","Pc","1256790200918","230","1"
"15353","Pc","6299800201920","540","1"
"12151","CTN","","1100","12"
"14253","CTN","","1920","12"
"14252","CTN","","1920","12"
"15554","Pc","5011417557259","660","1"
"15554","Pc","8592326011201","660","1"
"15554","Pc","5900627067491","660","1"
"15554","Pc","5997321780962","660","1"
"16176","Pc","6291012898400","480","1"
"16176","Pc","6291012898363","480","1"
"16176","Pc","6291012898370","480","1"
"16176","Pc","6291012898394","480","1"
"16177","Pc","8710847939082","1415","1"
"16177","Pc","8710847937071","1415","1"
"16177","Pc","8710847937057","1415","1"
"16177","Pc","8710847937040","1415","1"
"16177","Pc","8710847937170","1415","1"
"16177","Pc","8710847936999","1415","1"
"16177","Pc","8710847937026","1415","1"
"16176","Pc","6291012898387","480","1"
"16178","Pc","3574661172408","620","1"
"16179","Pc","161791","225","1"
"16180","Pc","161801","275","1"
"16181","Box","8961101787363","235","1"
"16182","Box","8961101787806","235","1"
"16183","Box","8961101787783","235","1"
"16184","JAR","6028200044055","780","1"
"16109","Pc","161091","990","1"
"2740","Pc","27401","1880","1"
"6083","Pc","60831","1440","1"
"6085","Pc","60851","390","1"
"3170","Pc","31701","1520","1"
"2634","Pc","26341","620","1"
"16110","Pc","161101","1190","1"
"16111","Pc","161111","990","1"
"16112","Pc","161121","880","1"
"2647","Pc","26471","2120","1"
"16114","Pc","161141","2550","1"
"16115","Pc","161151","1260","1"
"16116","Pc","161161","630","1"
"16117","Pc","161171","2230","1"
"16118","Pc","161181","460","1"
"4554","Pc","45541","880","1"
"16119","Pc","161191","640","1"
"3178","Pc","31781","1380","1"
"2739","Pc","27391","940","1"
"16120","Pc","161201","1040","1"
"5490","Pc","54901","1330","1"
"16121","Pc","161211","970","1"
"2473","Pc","24731","675","1"
"2670","Pc","26701","1080","1"
"7279","Pc","72791","2570","1"
"16125","POUCH","8996001330722","440","1"
"8765","Pc","87651","195","1"
"16126","Pc","161261","5120","1"
"16128","Pc","2021050002514","330","1"
"16130","Pc","8888115000229","245","1"
"5812","Pkt","58121","1780","1"
"16155","Pc","161551","170","1"
"6494","Pc","64941","815","1"
"3778","Box","37781","1650","1"
"13837","POUCH","8961008218724","1820","1"
"16156","Pc","161561","15","1"
"16157","Pc","161571","20","1"
"16158","Pc","6291069710380","540","1"
"16159","Box","4988190015805","140","1"
"3199","JAR","8697456870428","2900","100"
"3199","Pc","31992","30","1"
"21945","BOTTLE","792649205525","1090","1"
"14922","Pc","8964000115473","330","1"
"16161","Pkt","8961014031270","195","1"
"16162","Pc","6297000442280","440","1"
"16162","Pc","6297000442310","440","1"
"16162","Pc","6297000442273","440","1"
"9766","Pc","4005900243850","1120","1"
"9766","Pc","42355199","1120","1"
"9766","Pc","4005900739445","1120","1"
"16164","Pc","50207343","260","1"
"8695","Pc","3587925364211","670","1"
"932","Pc","858167000810","30","1"
"16166","Pc","161661","190","1"
"16167","Pc","161671","1160","1"
"3982","Pc","39821","1170","1"
"16168","Pc","5903416019374","995","1"
"3027","Pc","30271","70","1"
"16170","Pc","8963985038951","260","1"
"16171","Box","8964000596579","115","1"
"15510","Pc","8697439302854","160","1"
"16173","Pc","1156790068627","230","1"
"16173","Pc","1156790068603","230","1"
"1262","POUCH","8961014260120","1610","1"
"1263","POUCH","8961014260137","2430","1"
"6702","Pc","676979101163","350","1"
"16191","JAR","1156790068719","330","1"
"16190","JAR","1256790200215","330","1"
"16189","JAR","1256790200208","330","1"
"16188","JAR","1256790200222","330","1"
"16187","JAR","1256790200192","330","1"
"16193","Pc","839796000518","80","1"
"16192","Pc","3588400262640","280","1"
"16202","Pc","8961100087112","50","1"
"16201","Pc","8964000585108","40","1"
"16200","Pc","8964000585764","40","1"
"16199","Pc","8961100085019","40","1"
"16198","Pc","8961100085026","40","1"
"16203","Pc","9077001188120","480","1"
"16204","Pc","1124700055449","340","1"
"16205","Pc","1110009998877","500","1"
"16206","Pc","1110009998860","500","1"
"16207","Pkt","162071","1230","1"
"16208","Pc","6009679062856","30","1"
"11091","Pc","6954842276755","160","1"
"11091","Pc","6954842276526","160","1"
"16209","Pc","3574569877351","78","1"
"16210","Pc","162101","150","1"
"16211","Pc","162111","230","1"
"16212","Pc","162121","65","1"
"16213","Pc","162131","80","1"
"16214","Pc","162141","70","1"
"16134","Pc","8006540139530","1030","1"
"16135","Pc","8901030826894","580","1"
"16136","Pc","3137370327059","9580","1"
"16137","Pc","3137370340379","9580","1"
"16139","Pc","6290171070276","3150","1"
"16143","Pc","6290171060208","2640","1"
"9967","Pc","679523153939","1260","1"
"9967","Pc","6291207008669","1260","1"
"9967","Pc","6152457689193","1260","1"
"9967","Pc","6291207008188","1260","1"
"16144","Pc","8005610325422","9480","1"
"1271","Pc","8961014250688","75","1"
"226","POUCH","8961008218700","540","1"
"3893","Pkt","8961008218571","1480","1"
"16146","Box","8961101787394","235","1"
"16148","Pc","6009679062672","20","1"
"16150","Pc","6971764150185","720","1"
"16151","Pc","6971764150178","720","1"
"7123","Pkt","8964002315697","1320","1"
"16152","Pc","8964002893881","390","1"
"16153","Pc","161531","120","1"
"6176","Pc","61762","160","1"
"4232","Pc","42321","270","1"
"10396","Pkt","6949832800072","190","1"
"10396","Pkt","6971123983904","190","1"
"10396","Pkt","6971123983676","190","1"
"10396","Pkt","6971123983669","190","1"
"10396","Pkt","6921355646221","190","1"
"10396","Pkt","0123456789","190","1"
"10396","Pkt","6971123969021","190","1"
"16301","Pkt","6971123984215","250","1"
"3116","POUCH","6940079103155","120","1"
"3116","POUCH","6940079103865","120","1"
"3116","POUCH","6950473600839","120","1"
"7402","POUCH","6940079103674","120","1"
"7402","POUCH","6940079103681","120","1"
"16302","Pc","8901012189177","290","1"
"9788","BOTTLE","5059001000682","1180","1"
"9788","BOTTLE","5059001000699","1180","1"
"9788","BOTTLE","3059943009080","1180","1"
"9788","BOTTLE","3059943009042","1180","1"
"9788","BOTTLE","6295120029466","1180","1"
"9788","BOTTLE","3059943009066","1180","1"
"9709","BOTTLE","8993417402272","680","1"
"13478","Pkt","7702018085576","4750","1"
"16304","Box","8965310054216","145","1"
"16305","Box","8965310076430","145","1"
"16308","Pc","8964000263150","100","1"
"16308","CTN","","1100","12"
"16309","JAR","1156790070262","580","1"
"16310","Pc","6971764150130","720","1"
"11654","Pkt","8964003062194","2280","1"
"16215","Pkt","5028217001028","147","1"
"16216","Pkt","5028217000779","220","1"
"16218","Bag","162181","1050","1"
"16219","Bag","162191","840","1"
"16220","TIN","8997212800301","750","1"
"16220","TIN","8997212800288","750","1"
"16220","TIN","8997212800295","750","1"
"16221","Pc","8992760223015","390","1"
"16222","Box","8961101787295","170","1"
"16223","Pc","840040100533","290","1"
"9754","Pc","6281006566989","1830","1"
"16224","Pkt","8964000925560","70","1"
"11091","Pc","745125122915","160","1"
"11091","Pc","745125122861","160","1"
"5389","Pc","","20","1"
"7555","BOTTLE","3610340655364","525","1"
"16245","Pkt","8964001048374","2400","1"
"5136","Pc","729872535112","70","1"
"16246","Pc","8964002582495","360","1"
"16247","Pc","8964002582501","360","1"
"16250","Pc","7613036669412","410","1"
"16251","Pc","7613036669344","410","1"
"16289","Pkt","8964001048367","2400","1"
"16290","Pc","6545121214140","95","1"
"2779","Pc","27791","350","1"
"4215","Pc","42151","470","1"
"2775","Pc","27751","220","1"
"2939","Pc","29391","380","1"
"3209","Pc","32091","520","1"
"3475","Pc","34751","650","1"
"8447","Pc","84471","920","1"
"12866","Pc","128662","120","1"
"16293","Pc","8964000585580","50","1"
"16294","Pc","8961100087051","50","1"
"16295","Pc","8961006010436","440","1"
"16296","SACHET","8901548310830","80","1"
"16297","SACHET","8901548310847","80","1"
"16298","SACHET","8901548310854","80","1"
"16299","Box","8964000596562","115","1"
"13236","Pc","7622201686994","100","1"
"1800","Pc","718122943272","50","1"
"1801","Pc","718122943371","80","1"
"10843","Pc","8964000799659","70","1"
"16300","1kg","163001","170","1"
"16300","500g","163002","85","0.5"
"10396","Pkt","6949832880333","190","1"
"10396","Pkt","6949832880500","190","1"
"10396","Pkt","6971123983621","190","1"
"10396","Pkt","6949832800386","190","1"
"16252","Pc","7613033666445","410","1"
"16253","Box","8965310065328","145","1"
"16254","Pc","8964002575305","180","1"
"344","Pc","8886950049038","165","1"
"9392","SACHET","8886950011844","20","1"
"10479","SACHET","8886950011806","50","1"
"16256","Pkt","8886950093246","240","1"
"14647","Box","8992741975780","2700","24"
"16257","Box","8992741941235","2500","24"
"16257","Pc","8992741906470","110","1"
"16260","Pc","8964000043202","95","1"
"16261","JAR","4902430919388","840","1"
"16261","JAR","4902430606684","840","1"
"11610","Pc","9005800313467","1280","1"
"5623","Pc","6281006486140","590","1"
"6984","Pc","8690973380975","580","1"
"8695","Pc","3587925249549","670","1"
"8695","Pc","3525486212008","670","1"
"8695","Pc","3587925249525","670","1"
"9764","Pc","50099351","390","1"
"9764","Pc","54024502","390","1"
"9764","Pc","50076604","390","1"
"9764","Pc","59081999","390","1"
"9764","Pc","50075188","390","1"
"9764","Pc","30056640","390","1"
"9764","Pc","4897067496190","390","1"
"9764","Pc","50262120","390","1"
"9764","Pc","96125724","390","1"
"16262","Pc","7702018585830","80","1"
"16264","Pc","8964004257131","360","1"
"16265","Pc","6805699954504","220","1"
"16266","Pc","6805699955082","220","1"
"16267","Pc","6805699955099","220","1"
"2229","POUCH","8961014023893","260","1"
"10709","CTN","","4900","12"
"8644","Box","5000219020207","9500","10"
"4604","Box","7622100913337","9400","10"
"9262","Box","4260093464448","1450","10"
"11277","CRATE","","1050","12"
"16272","POUCH","8850632205722","260","1"
"16273","POUCH","8850632231905","260","1"
"16280","SACHET","6966896690029","90","1"
"16281","Pc","8964001025757","220","1"
"4616","Box","8961101787820","235","1"
"8617","Pkt","8966000053519","820","1"
"9967","Pc","6460459062587","1260","1"
"16285","Box","8961101788094","230","1"
"16286","Box","769503784816","230","1"
"16287","Box","8961101782122","230","1"
"16288","Pc","162881","140","1"
"16311","Pc","8892124244024","170","1"
"16312","Pc","163121","220","1"
"16313","Pc","163131","210","1"
"16314","Pc","163141","230","1"
"11306","Pc","4806524543698","240","1"
"11306","Pc","7542043220968","240","1"
"16315","Pc","163151","140","1"
"16316","Pc","163161","180","1"
"16317","Pc","163171","250","1"
"5397","Box","6261149034149","1050","24"
"8622","Box","8961101787714","295","1"
"15395","BUNDLE","8961101233402","560","1"
"4486","Pkt","8961008218588","2950","1"
"7323","BOTTLE","6518931937158","100","1"
"15717","Pc","8025337347071","1160","1"
"14248","Pc","8025337347231","1160","1"
"14241","Pc","8025337347026","1160","1"
"3461","Pkt","34611","140","1"
"5410","POUCH","1569231583236","125","1"
"16319","POUCH","8964000813744","220","1"
"16321","Pkt","8801038584164","445","1"
"8100","POUCH","8961014024050","840","1"
"2869","Pkt","28691","270","1"
"4849","Pc","48491","690","1"
"4217","Pc","705632760383","160","1"
"4217","Pc","42172","160","1"
"16328","Pc","8964000144718","180","1"
"10942","SACHET","8961008218687","50","1"
"16329","Pc","8961008218793","1460","1"
"16330","Pkt","021200510090","415","1"
"8117","POUCH","8964003378820","190","1"
"16331","Pc","8886950086255","370","1"
"16332","Box","163321","270","1"
"15657","Pc","8990800022550","120","1"
"697","Pc","8961008218328","230","1"
"16335","Pc","8961008218809","170","1"
"16336","Pc","8961008219080","170","1"
"16339","Pc","8961014008371","120","1"
"16340","Pc","8961014008388","120","1"
"3542","Pc","8961014250718","50","1"
"16341","BOTTLE","8886950037189","540","1"
"16342","Pc","8886950031729","118","1"
"14121","Pc","8886950031538","118","1"
"14121","Pc","8886950031705","118","1"
"9319","Pc","8886950031828","175","1"
"9318","Pc","8886950031811","175","1"
"7637","Pc","8886950031699","118","1"
"207","Pc","8886950031767","148","1"
"16344","Pc","8886950031675","148","1"
"16344","Pc","8886950031804","148","1"
"207","Pc","8886950031637","148","1"
"16343","Pc","8886950031781","148","1"
"14122","Pc","8886950031569","148","1"
"14122","Pc","8886950031668","148","1"
"9515","Pkt","36392360","650","1"
"9530","Pkt","36391080","160","1"
"9533","Pkt","36391769","50","1"
"16345","Pkt","36393367","45","1"
"902","Pkt","8964002756971","90","1"
"16352","Pc","8992222300162","620","1"
"16346","Pc","8992222300377","620","1"
"16347","Pc","8992222300469","620","1"
"16348","Pc","8992222300148","620","1"
"16349","Pc","8992222300360","620","1"
"16467","Pc","3574661307060","380","1"
"1234","Pc","6281031276693","490","1"
"1234","Pc","6281031270080","490","1"
"13780","Pc","6291107676081","390","1"
"15932","Pc","7640129896813","920","1"
"15932","Pc","7640142778554","920","1"
"15932","Pc","7640142778745","920","1"
"16468","BOTTLE","8964000345733","80","1"
"16469","BOTTLE","8964000345740","80","1"
"16470","BOTTLE","8964000345726","80","1"
"16471","BOTTLE","8964000345757","85","1"
"16472","Pc","3600521924679","2900","1"
"16473","Pc","3600521230350","2900","1"
"16474","Pc","3061375120011","2900","1"
"16475","Pc","6954944981076","530","1"
"16475","Pc","164752","530","1"
"16476","Pc","6954944985012","510","1"
"16476","Pc","164762","510","1"
"16477","Pc","6978398927022","685","1"
"16477","Pc","164772","685","1"
"16350","Pc","8992222300179","620","1"
"16351","Pc","8992222300346","620","1"
"16353","Pc","8992222300391","370","1"
"16354","Pc","8992222300414","370","1"
"16355","Pc","8992222300384","370","1"
"16356","Pc","8992222300445","370","1"
"16357","Pc","8992222300452","370","1"
"16358","Pc","8992222300421","370","1"
"16359","Pc","8852835168149","490","1"
"16360","Pc","8852835167432","490","1"
"16361","Pc","8857101140119","490","1"
"16362","Pc","8857101157186","490","1"
"16363","Pc","8857101159753","490","1"
"16364","Pc","8857101159760","490","1"
"16365","Pc","8857101140102","490","1"
"16366","Pc","8857101152006","490","1"
"16367","Pc","8857101150309","490","1"
"16369","Pc","8857101140089","490","1"
"16368","Pc","8852522224233","490","1"
"16370","Pc","8857101159746","490","1"
"16371","Pc","8852522224219","490","1"
"16372","Pkt","5011417560556","940","1"
"16373","Pkt","722776000373","1380","1"
"16374","Pc","3700082500142","760","1"
"12313","Pc","6479211005250","690","1"
"12313","Pc","6291106061871","690","1"
"16375","Pc","8433982015038","1090","1"
"16375","Pc","8433982000683","1090","1"
"16375","Pc","8433982000690","1090","1"
"16375","Pc","8433982003257","1090","1"
"16375","Pc","8433982003240","1090","1"
"16375","Pc","8433982003288","1090","1"
"16375","Pc","8433982003721","1090","1"
"16376","Pc","6290171002352","1380","1"
"16377","Pc","8011003823536","9500","1"
"16393","Pc","163931","220","1"
"16394","Pc","163941","1240","1"
"2885","Pkt","28851","390","1"
"16395","Pkt","163951","440","1"
"16396","Pkt","163961","340","1"
"16397","Pkt","163971","380","1"
"16398","POUCH","163981","170","1"
"16399","Pc","163991","60","1"
"1798","PATTA","17981","270","1"
"1828","PATTA","18281","360","1"
"2188","Pc","21881","670","1"
"16400","Pc","8961100023677","55","1"
"16401","SACHET","8964000045862","70","1"
"6472","Box","64721","480","1"
"3968","Box","39681","350","1"
"4142","Box","41421","450","1"
"3843","Box","38431","780","1"
"2666","Pc","26661","330","1"
"3462","Pc","34621","140","1"
"16402","JAR","8961005040205","230","1"
"16403","TIN","8964000662649","200","1"
"16403","CRATE","","2350","12"
"16405","Pkt","8964000538180","530","1"
"16406","Pc","8857101160056","325","1"
"16407","Pc","8857101160025","325","1"
"16408","Pc","8857101160032","325","1"
"16409","Pc","8857101160193","325","1"
"16410","Pc","8857101160070","325","1"
"16411","Pc","8857101160018","325","1"
"1640","Pc","8857101125420","490","1"
"16412","Pc","8857101125390","490","1"
"16413","Pc","8859362505386","490","1"
"16414","Pc","8859362505393","490","1"
"16415","Pc","8857101125703","490","1"
"16416","Pc","8857101125376","490","1"
"16417","Pc","8992304047152","760","1"
"16418","Pc","8992304082221","730","1"
"12653","Pc","6291108735145","690","1"
"12653","Pc","6291107456331","690","1"
"936","Pc","6295124000287","720","1"
"10769","Pc","6973686730018","540","1"
"15465","Pc","3700066737304","1380","1"
"15465","Pc","3700066737335","1380","1"
"15465","Pc","3700066738608","1380","1"
"15465","Pc","3700066713667","1380","1"
"15465","Pc","3700066738639","1380","1"
"15465","Pc","3700066737328","1380","1"
"15465","Pc","3700066713643","1380","1"
"15465","Pc","3700066737298","1380","1"
"15465","Pc","3700066737717","1380","1"
"15465","Pc","3700066738592","1380","1"
"15465","Pc","3700066713131","1380","1"
"12270","Pc","8001090222428","1470","1"
"12270","Pc","8001841289038","1470","1"
"16378","Pc","4902430878982","460","1"
"16380","POUCH","163801","180","1"
"16381","Pc","163811","240","1"
"16382","Pc","163821","330","1"
"3957","Pc","39571","1580","1"
"16383","Pc","5364645644629","320","1"
"3956","Pc","39561","1440","1"
"15478","Box","154782","230","1"
"16386","Pc","8964001764427","550","1"
"2167","POUCH","8961008218915","2450","1"
"16419","Pc","3574660682243","1390","1"
"16420","Pc","164201","330","1"
"16421","Pc","3574660658644","520","1"
"16423","Pc","8851932351454","690","1"
"16422","Pc","8999999034030","690","1"
"16424","Pc","8999777000189","910","1"
"16425","Pc","4005808694822","910","1"
"16426","Pc","8999777813499","910","1"
"16427","Pc","4005808888368","910","1"
"16428","Pc","8992304073441","890","1"
"16429","Pc","8964001174752","920","1"
"16430","Pc","8992304039614","890","1"
"16431","Pc","3610340648717","920","1"
"16432","Pc","331531754019","740","1"
"16433","Pc","7315317540105","740","1"
"16437","Pc","164371","70","1"
"20561","Pc","205611","1220","1"
"16478","Pkt","6945487300844","320","1"
"16478","Pkt","164782","320","1"
"16479","Pkt","164791","180","1"
"16480","Pc","164801","440","1"
"16481","Pc","6936948723913","990","1"
"16481","Pc","164812","990","1"
"16482","Pc","6936948723937","890","1"
"16482","Pc","164822","890","1"
"16483","Pc","6936948723920","590","1"
"16483","Pc","164832","590","1"
"12526","Pc","6970335161766","285","1"
"12526","Pc","6970335162183","285","1"
"16484","Pc","4902508251136","870","1"
"16484","Pc","164842","870","1"
"12043","Pc","6928691188972","940","1"
"12043","Pc","120433","940","1"
"12057","Pc","6928691188958","925","1"
"12057","Pc","6928691188941","925","1"
"12042","Pc","6928691189023","1065","1"
"12042","Pc","6928691189030","1065","1"
"16485","Pc","88530215","890","1"
"16486","Pkt","164861","575","1"
"16487","Pc","164871","220","1"
"16488","Pc","164881","280","1"
"16489","Pc","164891","790","1"
"16490","Pc","164901","270","1"
"16491","Pkt","6941634791206","210","1"
"16491","Pkt","164912","210","1"
"16492","Pkt","164922","330","1"
"16493","Pc","6942223381082","190","1"
"16495","Pc","3574660602487","530","1"
"16496","Pc","8991111101736","750","1"
"16497","Pc","4801010127321","750","1"
"16498","Pc","8991111101613","750","1"
"16499","Pc","4801010120223","750","1"
"16500","Pc","8991111101583","750","1"
"16501","Pc","8991111102719","750","1"
"2224","Pkt","8006540198353","2600","1"
"16503","Pc","165031","480","1"
"7928","Pc","79281","580","1"
"16504","Pc","165041","690","1"
"16505","Pc","165051","520","1"
"16506","Pc","165061","330","1"
"6438","Pkt","64381","130","1"
"16507","Pc","8964000961810","95","1"
"11091","Pc","437833743548","160","1"
"11091","Pc","6930059964500","160","1"
"11091","Pc","6954842276557","160","1"
"13214","Pc","6928343007019","120","1"
"13214","Pc","6928343009204","120","1"
"16508","Pc","6971343550856","140","1"
"16509","POUCH","8964000598658","100","1"
"16510","POUCH","8964000598665","100","1"
"16511","POUCH","8964000062876","270","1"
"5293","Pc","52931","160","1"
"16514","Pc","165141","495","1"
"16515","Pc","165151","560","1"
"16516","Pc","165161","390","1"
"16517","Pc","165171","270","1"
"16518","Pc","165181","30","1"
"16519","Pc","165191","280","1"
"16519","Pc","6941196023616","280","1"
"8855","25kg","","7250","25"
"234","POUCH","8961014260090","285","1"
"16520","POUCH","3570155726430","280","1"
"16521","Pc","6971764150161","690","1"
"10560","Pc","8765842351230","250","1"
"3258","Pc","897121001173","30","1"
"16522","Pc","80177609","580","1"
"16523","Pc","80177616","990","1"
"16525","Box","8964002574407","160","1"
"16526","Pc","8964002574384","160","1"
"16528","Pkt","8964003062781","1320","1"
"16529","Pc","165291","120","1"
"8505","POUCH","7622201687243","325","1"
"15006","CRATE","","1440","12"
"15007","CRATE","","1800","12"
"398","BOTTLE","6009689191003","650","1"
"399","BOTTLE","6009689191010","460","1"
"400","BOTTLE","6009689191027","320","1"
"10651","POUCH","8961014260076","10","1"
"9138","SACHET","8961014250329","20","1"
"16532","Pc","8999999556747","620","1"
"16533","POUCH","8961008217628","2450","1"
"16534","POUCH","8961008222752","220","1"
"16535","Pkt","6255684856717","200","1"
"9065","Box","6060742040010","1200","24"
"16713","Pc","817074000313","40","1"
"16713","CTN","","1200","36"
"3245","CTN","","1250","12"
"16714","Pc","8964000816943","110","1"
"16714","CTN","","1250","12"
"9718","Pc","8901030667206","890","1"
"5024","Pc","6928001834919","260","1"
"8549","Pc","98016584","495","1"
"16715","POUCH","8964002410781","150","1"
"16716","Pc","8964002410057","20","1"
"16716","Box","8964003246129","350","18"
"16717","POUCH","8964002410873","150","1"
"16718","POUCH","8964002410019","150","1"
"16719","Box","8964002410132","70","1"
"10480","SACHET","8886950012285","10","1"
"13168","POUCH","8886950013503","340","1"
"207","Pc","8886950031880","148","1"
"1625","Pc","8886950054155","65","1"
"16720","Pc","8886950092133","90","1"
"16721","Pc","8886950093192","120","1"
"16722","Pc","167221","80","1"
"16723","Pc","8964000585856","40","1"
"13218","Pc","7613287434609","320","1"
"10651","POUCH","8961014252095","10","1"
"243","BOTTLE","8961014251845","740","1"
"899","Pc","8961014249293","70","1"
"16724","POUCH","8961014265545","99","1"
"3421","BOTTLE","8961014251807","740","1"
"16725","Pc","8961014250732","440","1"
"16726","Pc","8961014248623","295","1"
"16727","Pc","8961014248647","295","1"
"2229","POUCH","8961014037166","260","1"
"10473","Box","6970130970037","1250","72"
"3964","Pc","39641","2500","1"
"16536","JAR","8961100098903","275","1"
"16537","JAR","8961100098927","275","1"
"16538","JAR","8961100098910","275","1"
"16539","JAR","8961100098682","295","1"
"16540","Pc","165401","1230","1"
"16541","Pc","5414666015745","1120","1"
"16542","Pc","8992304019562","760","1"
"16543","Pc","6281085028552","2770","1"
"1937","Pc","3326240003852","2650","1"
"1937","Pc","3326240018634","2650","1"
"1937","Pc","3326240040024","2650","1"
"16544","Pc","3496450315820","1650","1"
"3213","Pc","32131","320","1"
"6831","Pc","68311","320","1"
"7899","BUNDLE","8006540639283","660","1"
"8300","BUNDLE","8006540639368","660","1"
"15852","BUNDLE","8006540639443","430","1"
"15853","BUNDLE","8006540639405","640","1"
"16545","Pkt","671866278294","155","1"
"16546","Pc","165461","280","1"
"2024","Bag","20241","5405","1"
"16547","Pc","165471","390","1"
"3351","Pc","33511","120","1"
"534","Pc","5341","100","1"
"533","Pc","5331","100","1"
"16549","1kg","165491","160","1"
"2603","Pc","26031","120","1"
"2604","Pc","26041","190","1"
"16550","Pc","165501","240","1"
"16570","Pc","165701","250","1"
"730","Pc","8961008218946","400","1"
"3583","POUCH","8964000821114","280","1"
"13238","Pc","7622201687038","100","1"
"14204","Pc","8025337346920","1160","1"
"14212","Pc","8025337347279","1160","1"
"14219","Pc","8025337347194","1160","1"
"4604","Box","7622100913320","9400","10"
"16572","Pc","165721","1400","1"
"8695","Pc","3587925249518","670","1"
"9823","Pc","614514060360","730","1"
"9823","Pc","614514060995","730","1"
"9823","Pc","614514060339","730","1"
"13622","Box","8994907000305","820","1"
"16573","TIN","6950930625313","580","1"
"16574","TIN","6954563422318","390","1"
"16575","TIN","6972765930035","220","1"
"2556","Pc","8964000639924","160","1"
"2556","Pc","25562","160","1"
"2095","Pc","20951","350","1"
"2371","Pc","23711","195","1"
"2875","Pc","28751","580","1"
"16576","Pc","165761","800","1"
"2557","Pc","25571","280","1"
"2372","Pc","23721","330","1"
"2870","Pc","28701","220","1"
"2954","Pc","29541","230","1"
"16577","Pc","165771","340","1"
"16578","Pc","165781","160","1"
"16579","Pc","165791","130","1"
"16580","Pc","165801","160","1"
"2558","Box","25581","680","1"
"8971","Pc","89712","340","1"
"16581","Pkt","8964000074060","1280","1"
"14193","Box","8961101787813","235","1"
"16582","Pc","8964000043219","95","1"
"16583","Pc","4892368320823","230","1"
"16584","TIN","4800024558268","690","1"
"9788","BOTTLE","5900627055191","1180","1"
"16585","Pump","8901030667220","1580","1"
"16586","Pump","8999999564278","1580","1"
"16585","Pump","8934868153696","1580","1"
"9730","Pump","8999999564261","1580","1"
"16587","BOTTLE","8999999564230","890","1"
"16589","BOTTLE","8999999564209","450","1"
"16588","BOTTLE","8901030667176","450","1"
"16590","Pc","165901","280","1"
"16591","BOTTLE","8025337313045","2500","1"
"994","Box","695240209186","780","12"
"2794","Box","695240208790","780","12"
"16592","Pc","8999999532215","620","1"
"16593","Pc","8999999532222","620","1"
"8600","Pkt","8964003062064","1320","1"
"20","POUCH","8961014024012","1980","1"
"16594","BOTTLE","717074007209","100","1"
"16595","Pc","8886950092119","100","1"
"8740","POUCH","8886950012292","50","1"
"13763","BUNDLE","8886950039381","415","1"
"12843","Pc","8886950031897","148","1"
"16343","Pc","8886950031903","148","1"
"16344","Pc","8886950031927","148","1"
"201","Pc","8886950052236","70","1"
"16596","Pc","8964000983713","220","1"
"16598","Pc","7641232156078","170","1"
"16599","Pc","7123697607659","170","1"
"16600","Pc","7964000524580","170","1"
"16601","Pc","7641232076079","170","1"
"16602","Pc","166021","140","1"
"16603","Pc","42249160","430","1"
"15468","Pc","5023716779973","690","1"
"15468","Pc","5023716777344","690","1"
"16604","Pc","8433982002236","3840","1"
"16604","Pc","8433982002250","3840","1"
"16604","Pc","8433982002243","3840","1"
"16605","Pc","166051","990","1"
"16608","Pkt","8964001048350","2400","1"
"16609","Pkt","8964001048336","1200","1"
"16610","Pc","8886950086132","75","1"
"16611","Pc","9170068488247","480","1"
"16612","Pc","9111884433998","510","1"
"16613","Pc","9556006060346","480","1"
"356","Pc","3574661458755","770","1"
"16614","Pc","8851123375672","790","1"
"16615","Pc","8851123343084","940","1"
"16616","Pc","8851123343657","940","1"
"16617","JAR","8851123709002","825","1"
"16618","JAR","8851123709026","825","1"
"16619","Pc","8851123707114","445","1"
"16620","Pc","8851123343022","445","1"
"16621","Pc","8851123349338","970","1"
"16622","Pc","676979101590","460","1"
"2067","Pc","4005900164810","1520","1"
"2067","Pc","4005900492227","1520","1"
"727","SACHET","8886950011851","10","1"
"16624","JAR","8964000192443","100","1"
"16625","BOTTLE","5449000253736","120","1"
"16626","Box","8886451006813","1570","1"
"16708","Pc","167081","19000","1"
"16631","Pc","6931078920096","430","1"
"5742","Pc","6291109270041","440","1"
"11534","Pc","622451002510","30","1"
"14246","Pc","8025337347347","1160","1"
"16711","Pc","167111","180","1"
"4966","Pc","6297000442518","690","1"
"4966","Pc","6297000442532","690","1"
"6978","Pc","5021156120645","410","1"
"15812","Pc","030080020001","190","1"
"11618","BOTTLE","5903416022831","1080","1"
"16712","Pc","167121","1800","1"
"16729","Pc","167291","1480","1"
"16730","Pc","167301","1280","1"
"16731","Pc","167311","1175","1"
"16732","Pc","167321","2990","1"
"16733","BOTTLE","8964000511398","2990","1"
"7107","Pc","8961101233099","190","1"
"16734","BOTTLE","817078774005","50","1"
"16736","125G","167361","62.5","0.125"
"16736","250g","167362","125","0.25"
"16736","500g","167363","250","0.5"
"16736","1kg","167364","500","1"
"16737","PATTA","167371","30","1"
"16738","Pc","167381","130","1"
"16739","Box","167391","1362","1"
"16740","1kg","167401","600","1"
"16741","Pc","7398220003295","100","1"
"16743","Pc","2165286842350","20","1"
"5776","Pc","9556001279736","160","1"
"16773","Pc","167731","850","1"
"5592","Pc","55921","1250","1"
"16774","Pkt","5050083509247","1160","1"
"16775","Pkt","5010029000511","1140","1"
"16776","Pc","8964002383139","190","1"
"5519","BOTTLE","3610340655418","525","1"
"16777","Pc","8857101150651","490","1"
"2373","Pc","23731","450","1"
"16779","Pc","167791","380","1"
"11409","Pc","8961014251784","740","1"
"16780","Pkt","8961014033847","299","1"
"295","Pc","8961008219561","370","1"
"9382","Pc","93821","185","1"
"16782","Pc","8964000816516","110","1"
"16783","Pc","8964000816493","110","1"
"7698","Pc","671866117616","20","1"
"16784","Pc","671866117609","20","1"
"16785","Pc","8966001022446","170","1"
"16786","Pc","167861","95","1"
"16787","Pc","167871","80","1"
"16788","Pc","167881","100","1"
"13243","Pc","676979100012","260","1"
"16789","Pc","8964002648238","170","1"
"16790","Pc","8964002701056","60","1"
"9255","Box","8965310041322","175","1"
"1710","PATTA","695240207953","260","1"
"13960","Pkt","8964003062255","1320","1"
"12220","Pkt","8964003062217","2280","1"
"5742","Pc","6291109270072","440","1"
"16713","6pc","","200","6"
"10969","Pc","109692","570","1"
"10965","Pc","109652","570","1"
"10970","Pc","1431531754015","570","1"
"10959","Pc","1631531754019","520","1"
"16432","Pc","8315317540104","740","1"
"16802","Pc","168021","87860","1"
"9161","Pc","7702018017515","300","1"
"10470","Pc","6291100732920","330","1"
"16803","Box","5053990101542","980","1"
"9855","Box","038000845512","450","1"
"16804","Box","038000845529","450","1"
"16805","Box","038000849503","450","1"
"16806","Box","038000845536","450","1"
"16807","Pc","168071","230","1"
"10187","Pc","8000500366769","100","1"
"10187","Pc","8000500366776","100","1"
"10187","Pc","8000500366783","100","1"
"10187","Pc","8000500366790","100","1"
"16221","Pc","8992760121090","390","1"
"13900","Pc","6971539721009","170","1"
"5736","BOTTLE","8961014251876","660","1"
"16809","Pkt","894559000679","80","1"
"13824","Pc","8682560992029","600","1"
"13824","Pc","8682560993217","600","1"
"13824","Pc","8682560991435","600","1"
"13824","Pc","8682257128328","600","1"
"13824","Pc","8682257127505","600","1"
"16810","Pc","168101","6300","1"
"16811","Pc","168111","1450","1"
"16813","JAR","8961005030091","380","1"
"16814","Pc","5060453453452","260","1"
"16815","Box","8961102503139","235","12"
"16815","Pc","8961102503122","20","1"
"16816","Pc","168161","210","1"
"2082","Pc","8888202052360","580","1"
"16817","Pc","676979204901","680","1"
"16817","Pc","676979204871","680","1"
"16817","Pc","676979204895","680","1"
"16817","Pc","676979204840","680","1"
"2366","Pc","3574661427898","940","1"
"16818","Pc","168181","290","1"
"16819","Pc","168191","380","1"
"16820","Pc","","340","1"
"16821","Box","8961101780111","115","1"
"16822","Pc","2019121002402","160","1"
"8100","POUCH","8961014024913","840","1"
"635","Pkt","8964002756964","100","1"
"16823","Pc","168231","2750","1"
"5171","Pc","859581006662","690","1"
"16824","Pc","8999999549565","620","1"
"16824","Pc","8999999549596","620","1"
"16824","Pc","8999999549589","620","1"
"15987","Pc","8006540621677","230","1"
"12828","POUCH","8001090311382","375","1"
"1996","BUNDLE","8006540639245","510","1"
"1997","BUNDLE","8006540639122","510","1"
"1995","BUNDLE","8006540639177","510","1"
"8302","BUNDLE","8006540639320","615","1"
"16825","Pc","8961101786106","650","1"
"16826","Pc","8961101782405","650","1"
"16827","Pc","8961101782399","500","1"
"16551","Pc","165511","80","1"
"16552","Pc","165521","30","1"
"16553","1kg","165531","330","1"
"5554","Pc","55541","750","1"
"16554","Pc","165541","35","1"
"16555","JAR","165551","250","1"
"16556","Pc","165561","280","1"
"903","Pkt","8964002756957","90","1"
"16557","Pc","89601785","280","1"
"16557","Pc","89601778","280","1"
"16559","POUCH","089686120660","90","1"
"16560","Pc","5285000396437","65","1"
"991","Pc","8961008218939","80","1"
"5688","1kg","56881","400","1"
"5688","500g","56882","200","0.5"
"16561","JAR","8850460981218","1350","1"
"16562","Pc","165621","85","1"
"6159","Pc","6910289447349","140","1"
"16563","Box","8961003564581","295","1"
"16564","Pc","8994993000029","480","1"
"2825","Pc","8712561614573","590","1"
"16565","Box","165651","3250","1"
"16566","Box","165661","1320","1"
"6350","Pc","63501","570","1"
"2753","Box","27531","2230","1"
"5640","Box","56401","1780","1"
"2883","Box","28831","1170","1"
"16567","Pc","165671","1340","1"
"2758","Box","27581","2130","1"
"2889","Box","28891","2130","1"
"16568","POUCH","8720608620586","365","1"
"964","BOTTLE","3610340655388","480","1"
"3783","Pc","37831","580","1"
"3971","Pc","39711","290","1"
"16569","JAR","165691","220","1"
"7818","BOTTLE","8961014251852","660","1"
"15030","Pc","8961014251777","910","1"
"16628","Pkt","8964002574391","160","1"
"16629","BOTTLE","8964002575213","870","1"
"16630","Pc","6931078931139","280","1"
"16631","Pc","6931078931153","430","1"
"16632","Pc","6931078931160","650","1"
"16633","Pc","6931078931252","945","1"
"16633","Pc","6931078931269","945","1"
"16634","Pc","6931078931283","1150","1"
"16635","Pc","166351","1170","1"
"16625","CRATE","","1320","12"
"16636","Pc","166361","930","1"
"16638","Pkt","166381","310","1"
"16637","Pkt","166371","280","1"
"16639","Box","166391","2760","1"
"16640","Pkt","166401","320","1"
"16641","Pc","8964000145388","430","1"
"16642","JAR","8025337331148","3100","1"
"15175","Pc","8964002648955","290","1"
"16643","Pc","8964002647989","460","1"
"16643","Pc","8964002647934","460","1"
"14306","Pc","5060340397623","790","1"
"14306","Pc","5060340397647","790","1"
"14306","Pc","5060340397685","790","1"
"3784","Pc","37841","720","1"
"16646","Pc","166461","370","1"
"6092","Pc","60921","1840","1"
"2683","Pc","26831","1160","1"
"2461","Pc","24611","740","1"
"16647","Pc","166471","390","1"
"16648","Pc","166481","635","1"
"5669","Pc","56691","2740","1"
"2675","Pc","26751","1040","1"
"6579","Pc","65791","680","1"
"3333","Pc","33331","1670","1"
"16649","Pc","166491","1690","1"
"16650","Pc","166501","1325","1"
"16651","Box","8961101787721","295","1"
"16652","TIN","6533411493740","1950","1"
"16654","BOTTLE","817078774180","90","1"
"16655","BOTTLE","717074007704","60","1"
"11535","Pc","9781405234788","30","1"
"2569","Pc","7451787506392","300","1"
"7396","25kg","73964","7750","25"
"6175","Pkt","61751","590","1"
"5664","Pc","56641","6750","1"
"9558","Pkt","95582","380","1"
"11021","POUCH","","400","1"
"8993","1kg","","720","1"
"2052","250g","20522","250","0.25"
"2052","1kg","20524","1000","1"
"3125","Pc","31251","650","1"
"16658","BOTTLE","8901088108188","560","1"
"7013","Pc","761828224053","330","1"
"16659","Pc","9334551694007","390","1"
"16660","Pc","8690572792674","745","1"
"16660","Pc","8690572796368","745","1"
"16660","Pc","8690572791073","745","1"
"16660","Pc","8690572794531","745","1"
"6978","Pc","6946686430035","410","1"
"16661","Pc","077043000168","890","1"
"16662","Pc","8710908812415","890","1"
"16663","Pc","077043358023","890","1"
"16664","Pc","5012254059760","890","1"
"16665","Pc","077043357644","890","1"
"16666","Pc","077043003473","890","1"
"16586","Pump","8934868153665","1580","1"
"16668","Pc","047400097742","860","1"
"16669","Pkt","8964000716908","195","1"
"10146","Pc","8964000719800","590","1"
"16670","POUCH","6260532824312","840","1"
"16671","Pkt","166711","150","1"
"16672","Pc","166721","320","1"
"16673","Pc","8964001230250","270","1"
"16674","Pc","8964001230243","380","1"
"16675","Pkt","8964000718704","275","1"
"16676","Pc","8964003084011","45","1"
"16676","CTN","","1160","27"
"16677","Pc","8964003084035","160","1"
"16677","CTN","","1920","12"
"7302","Pc","7622201687106","100","1"
"16678","BOTTLE","8964001118121","80","1"
"16679","BOTTLE","8964001118138","50","1"
"16680","Pc","8964000145401","350","1"
"9518","Pkt","36392087","680","1"
"9539","Pkt","36392353","720","1"
"16682","Pc","839796006268","190","1"
"16683","Pc","8888202045737","790","1"
"16684","Pc","8888202026422","790","1"
"16685","Pc","8888202065261","790","1"
"16686","Pc","8888202035240","790","1"
"16687","Pc","8888202005069","790","1"
"16688","Pc","8888202026415","460","1"
"16828","Pc","8961101786090","650","1"
"16829","Pc","8961101782351","650","1"
"16830","Pc","8961100284061","385","1"
"16831","Pc","8961101780746","385","1"
"16832","Pc","8961100283903","395","1"
"16833","Pc","8961100280025","385","1"
"16834","Pc","8961101781699","385","1"
"16835","Pc","8961100284009","610","1"
"16836","Pc","8961101780739","385","1"
"16837","Pc","8961100284016","610","1"
"16838","Pc","8961100282036","610","1"
"16839","Pc","8961101780753","380","1"
"16840","Pc","8961100284054","480","1"
"16841","Pc","8961101782375","450","1"
"16842","Pc","8961101782382","720","1"
"16843","Pc","8961100284023","610","1"
"16844","Pc","8961100280018","690","1"
"16845","Pc","8961100284078","660","1"
"16846","Pc","8961100282623","395","1"
"16847","Pc","8961100280889","395","1"
"9335","JAR","6856987452141","330","1"
"14207","Pc","8025337346951","1160","1"
"14245","Pc","8025337347255","1160","1"
"14203","Pc","8025337346913","1160","1"
"14228","Pc","8025337347323","1160","1"
"14249","Pc","8025337347262","1160","1"
"16849","TIN","","305","1"
"16849","CTN","","7300","24"
"16848","TIN","","250","1"
"16848","CTN","","6000","24"
"16586","Pump","8901030667244","1580","1"
"16850","Pc","8901030667183","450","1"
"4855","Pc","8888202067364","225","1"
"3949","Pc","39493","25","1"
"14189","Pkt","695240208509","650","10"
"1645","BOTTLE","16453","740","1"
"9752","Pc","6281006567122","1330","1"
"9753","Pc","6281006567146","1620","1"
"13400","Pc","8901526593590","1070","1"
"16907","Pc","8888008109503","390","1"
"16908","Pc","3094904500251","440","1"
"16909","Pc","6223013530218","1060","1"
"15929","Pc","4987176037374","455","1"
"16910","Pc","8964002906796","40","1"
"14190","Box","815082007119","1550","10"
"3930","Pc","39301","880","1"
"4743","Pc","47431","550","1"
"4189","Pc","41891","620","1"
"4190","Pc","41901","590","1"
"5641","Pc","56411","1530","1"
"6605","Pc","66051","150","1"
"16912","Pc","8964000982594","290","1"
"16913","Pc","8964000982914","210","1"
"16914","Pc","8964000982792","240","1"
"16915","Pc","8964000982808","240","1"
"7636","POUCH","8886950083117","160","1"
"13461","JAR","4819619290636","360","1"
"16917","Pc","8964000983744","480","1"
"16918","Pc","8964000983768","480","1"
"16919","Box","8964002444311","115","1"
"16920","Box","8964002444304","115","1"
"29","PATTA","","1900","20"
"1079","CTN","","1590","27"
"16852","Pc","8964000961247","190","1"
"16856","Pc","168561","480","1"
"16857","Pc","168571","270","1"
"16858","Pc","168581","270","1"
"16859","Pc","168591","270","1"
"11270","Pc","6941181104832","2550","1"
"8641","CRATE","","4200","24"
"8242","POUCH","7622201687298","325","1"
"12653","Pc","6291108735183","690","1"
"14848","JAR","647356754357","360","1"
"10491","BOTTLE","8850006304709","680","1"
"16860","Pc","168601","190","1"
"16861","BOTTLE","1860201636892","450","1"
"16861","BOTTLE","ms","450","1"
"16863","Pc","8964002906789","50","1"
"293","BOTTLE","n500","65","1"
"258","BOTTLE","n1.5","100","1"
"4329","BOTTLE","n330","50","1"
"7695","BOTTLE","a1.5","100","1"
"7696","BOTTLE","a500","60","1"
"14058","BOTTLE","d1.5","100","1"
"14059","BOTTLE","d500","60","1"
"294","BOTTLE","n5","300","1"
"16864","Pc","4023568265106","390","1"
"16865","Pc","8964000816509","110","1"
"16783","CTN","","1250","12"
"16865","CTN","","1250","12"
"16782","CTN","","1250","12"
"16866","Pc","6291107674858","440","1"
"13966","Pc","8886467060205","590","1"
"16867","Pc","6922369920833","160","1"
"16867","Pc","6922369920840","160","1"
"16926","Pc","6295120046142","1050","1"
"883","BOTTLE","8961014251791","740","1"
"7795","BOTTLE","8961014250381","440","1"
"242","Pump","8961014252002","1280","1"
"59","CTN","","6000","100"
"7276","Pc","8961014252262","99","1"
"16927","Pc","8961014251340","940","1"
"8099","POUCH","8961014023886","260","1"
"16928","Pc","8971764101246","290","1"
"15554","Pc","8993560027575","660","1"
"15796","Pc","4987176014955","240","1"
"225","POUCH","8961008218892","1150","1"
"298","Pc","8961008218991","80","1"
"9138","SACHET","8961014252491","20","1"
"1209","CTN","","11800","6"
"11403","Pc","8964000833957","220","1"
"14497","Pkt","6954584000038","160","1"
"16931","Pkt","169311","190","1"
"16931","Pkt","6954584000021","190","1"
"9660","Pc","8999999025298","680","1"
"16932","Pc","8851932399586","925","1"
"16933","Pc","079400460721","2430","1"
"16934","Pc","079400646774","2430","1"
"16744","Pc","167441","140","1"
"16750","Pc","6942349741005","580","1"
"16749","Pc","6941349375005","130","1"
"16748","Pc","6941349374985","130","1"
"16747","Pc","6947790780733","130","1"
"16746","Pc","6947790782706","130","1"
"16745","Pc","6947790780184","130","1"
"9823","Pc","614514060841","730","1"
"16751","Pc","6291208110835","1740","1"
"16751","Pc","6291208110675","1740","1"
"16751","Pc","6291208110613","1740","1"
"12653","Pc","6291106069341","690","1"
"12653","Pc","6246717265613","690","1"
"12653","Pc","6246717265644","690","1"
"12653","Pc","6246717265576","690","1"
"12703","Pc","6293708006915","1030","1"
"8695","Pc","3587925249532","670","1"
"16752","Pc","8964002647910","140","1"
"16753","Pc","745125125862","90","1"
"9161","Pc","7702018494170","300","1"
"11091","Pc","6928158555309","160","1"
"11091","Pc","6935448313020","160","1"
"11091","Pc","6928158555293","160","1"
"11091","Pc","6935448313037","160","1"
"11091","Pc","6926091403428","160","1"
"16754","Pc","6934985789077","150","1"
"16755","TIN","4800024553683","780","1"
"16756","TIN","7051055560318","300","1"
"9406","Box","8961101787738","295","1"
"16753","Pc","745125125916","90","1"
"12598","Pc","4792081014835","820","1"
"16757","Pc","6518932654276","220","1"
"16758","Pc","6294003544188","95","1"
"16221","Pc","8992760221028","390","1"
"16221","Pc","7622300136055","390","1"
"16759","Pc","8961100040612","630","1"
"12807","Pc","2536679001140","75","1"
"16760","Pc","8961101705411","390","1"
"16761","Pc","8961101705046","665","1"
"16762","Pc","167621","2970","1"
"16763","Pc","167631","1430","1"
"16764","Pc","167641","1470","1"
"16765","Pc","6922369921267","150","1"
"16765","Pc","6922369921274","150","1"
"16766","Pc","6934985789060","160","1"
"16767","Pc","6934985798154","180","1"
"16768","Pc","6934985796136","180","1"
"16769","Pc","6934985797508","155","1"
"16770","Pc","6934985786601","130","1"
"11641","Pc","6945507813200","140","1"
"16771","Pc","6928343001055","140","1"
"16589","BOTTLE","8934868153658","450","1"
"16588","BOTTLE","8934868153627","450","1"
"9717","BOTTLE","8999999564216","450","1"
"8726","Pc","8083579947","130","1"
"16796","Pc","8083579949","90","1"
"8727","Pc","87271","95","1"
"16797","Pc","167971","30","1"
"16799","Pc","167991","5375","1"
"16800","Pc","168001","860","1"
"701","Box","8961101784492","115","1"
"6488","Box","6261178043006","430","30"
"6489","Box","6261178043020","430","30"
"6490","Box","6261178043037","430","30"
"16741","PATTA","7398220017858","1900","20"
"16801","Pc","88821184","460","1"
"16953","Pc","169531","180","1"
"16954","Pc","169541","90","1"
"16955","Pc","169551","80","1"
"16956","Pc","169561","350","1"
"16957","BOTTLE","8961100091171","880","1"
"16958","BOTTLE","8961100093878","480","1"
"14666","POUCH","8961008219363","1160","1"
"15076","Pc","8964002315673","2280","1"
"15077","Pkt","8964002315116","2280","1"
"16959","Pc","169591","1740","1"
"6823","Pc","68231","390","1"
"16960","Pc","169601","660","1"
"16961","Pc","169611","860","1"
"16962","Pkt","169621","425","1"
"16963","Pc","8964001764441","90","1"
"13400","Pc","8901526208616","1070","1"
"16964","Box","169641","860","1"
"16965","Pc","169651","320","1"
"2409","Pkt","8006540199275","2600","1"
"7901","POUCH","8961008218717","1230","1"
"8398","Pc","8961102110283","200","1"
"16966","Pc","5907609355874","845","1"
"16967","Pc","8908001158299","470","1"
"16969","BOTTLE","8901207096662","580","1"
"16968","BOTTLE","89003350","370","1"
"14229","Pc","8025337347422","1160","1"
"14209","Pc","8025337346975","1160","1"
"16970","JAR","8025337342090","2680","1"
"16971","Box","8964001525196","115","12"
"16971","Pc","8964001525110","10","1"
"16972","Pc","8964003084042","50","1"
"16973","Box","5053990107315","450","1"
"16689","Pc","8888202065254","460","1"
"16690","Pc","8888202045720","460","1"
"16691","Pc","166911","590","1"
"16692","Pc","166921","60","1"
"16693","Pc","166931","130","1"
"16694","Pkt","166941","120","1"
"7409","Pc","74091","230","1"
"7409","Pc","6952372720168","230","1"
"16695","Pc","166951","40","1"
"11404","Pc","8964000833599","190","1"
"15247","Pkt","7702018531783","1880","1"
"16696","Pc","8682983390730","790","1"
"16697","Pc","8682983390778","790","1"
"16698","Pc","8682983390754","790","1"
"16684","Pc","8681682476370","790","1"
"16699","Pc","8682983390785","790","1"
"16700","Pc","8682983390761","790","1"
"16701","Pc","8901030323782","485","1"
"16702","Pc","6923289308084","220","1"
"15165","Pc","8886950034188","110","1"
"16703","Pc","8886950034171","110","1"
"16703","Pc","8886950034058","110","1"
"16704","Pc","8886950034010","60","1"
"16705","Pc","8886950034027","80","1"
"16706","Pc","80176732","390","1"
"2794","Pc","695240104948","70","1"
"2794","Pc","695240104931","70","1"
"16587","BOTTLE","8901030667213","890","1"
"7678","SACHET","8961008218694","270","1"
"7674","Pc","8961008218977","1480","1"
"16869","Pc","168691","480","1"
"14153","Pc","6291110003102","740","1"
"16872","TIN","1916163205659","590","1"
"10228","Box","6931078932266","650","1"
"2872","Pc","28721","380","1"
"16873","Pc","168731","330","1"
"16874","Pc","168741","970","1"
"16875","Pc","168751","1050","1"
"10620","Pc","8964000160862","330","1"
"7277","Pc","72771","190","1"
"16876","Pc","168761","160","1"
"16877","Pc","168771","370","1"
"16878","Pc","021200510083","415","1"
"16881","Pc","168811","2090","1"
"16086","Pkt","160862","220","1"
"9539","Pkt","36393466","720","1"
"16882","Pkt","168821","1750","1"
"16883","Pkt","168831","400","1"
"4831","BOTTLE","3610340655371","890","1"
"1716","BOTTLE","3610340655395","890","1"
"16884","Pc","8006540621691","230","1"
"11091","Pc","6928158555316","160","1"
"11091","Pc","6954842276502","160","1"
"11091","Pc","6954842275109","160","1"
"11091","Pc","6928194400281","160","1"
"16885","Pc","6934985751012","160","1"
"9730","Pump","8934868153634","1580","1"
"11867","Pc","6291106811261","720","1"
"16886","Pc","6805699955129","220","1"
"16887","Pc","168871","310","1"
"16889","Pc","9000866643244","480","1"
"16890","Pc","9000866643121","480","1"
"16891","Pc","8980621753597","480","1"
"145","PATTA","7702018275564","1900","20"
"16895","Pc","3014260806262","180","1"
"16893","Pc","3014260276782","180","1"
"16896","Pc","6291107450001","1640","1"
"16897","Pc","168971","320","1"
"11306","Pc","9123452253709","240","1"
"16898","Pc","168981","140","1"
"197","Pc","8886950051420","70","1"
"16901","Pc","8437006911450","250","1"
"16902","Pc","6009689190440","180","1"
"16903","Pc","169031","190","1"
"16904","Pc","169041","260","1"
"2997","Pc","29971","285","1"
"16905","Pc","169051","220","1"
"6014","Pc","60141","1670","1"
"16906","Pc","169061","140","1"
"833","Pkt","788821018861","280","1"
"830","Pkt","788821018885","280","1"
"3949","Pkt","695240200718","220","10"
"3949","Pkt","695240200725","220","10"
"16921","Pc","169211","4550","1"
"16925","Pc","6295120046197","1050","1"
"16981","Pc","169811","920","1"
"16982","Pc","169821","520","1"
"16983","Pc","169831","1570","1"
"16984","Pc","169841","2080","1"
"16985","Pc","169851","580","1"
"16986","Pkt","8710908657641","740","1"
"16987","Pkt","4015400011576","240","1"
"9837","Pc","8964000835074","270","1"
"16988","Pc","169881","280","1"
"16989","Pump","8851932419796","390","1"
"16990","Pump","8851932419802","390","1"
"2082","Pc","8888202052384","580","1"
"962","BOTTLE","3610340655401","510","1"
"16991","Pkt","8964001085300","230","1"
"16992","Pkt","8964001085317","230","1"
"16993","Pkt","8964001085324","230","1"
"16994","Pkt","8964001085287","230","1"
"913","Pc","8961101233143","130","1"
"12837","Pkt","8964003062323","580","1"
"16995","POUCH","8964002443888","115","1"
"16997","Pkt","169971","450","1"
"9470","Pkt","36391509","140","1"
"16998","Pkt","169981","100","1"
"8400","Tub","8961102110313","970","1"
"16999","Pc","8964000507681","470","1"
"3570","Pc","0695240104702","110","1"
"17000","Pkt","170001","990","1"
"17001","BOTTLE","8964000121030","240","1"
"9259","SACHET","3610340657320","190","1"
"1663","Pc","4005900640741","660","1"
"1663","Pc","4005808828098","660","1"
"218","POUCH","8886950013527","50","1"
"14122","Pc","8886950031910","148","1"
"11448","Pc","8886950034157","80","1"
"16704","Pc","8886950034133","60","1"
"6371","Pc","63711","130","1"
"17002","TIN","7056324926420","490","1"
"17004","SACHET","2019050786015","80","1"
"3864","Pc","8210987651450","210","1"
"17005","Pc","4878611125100","260","1"
"17006","Pc","4878611125124","260","1"
"17007","Pc","4878611125131","260","1"
"17010","Pc","4878611125223","260","1"
"17011","Pc","8964001078067","230","1"
"17013","Pc","8964000045435","310","1"
"17012","Pc","8964000045374","310","1"
"17015","POUCH","8886950019031","700","1"
"17","Pkt","8961014024029","200","1"
"4334","Pc","1346452376683","20","1"
"17016","Box","7622202300547","1470","1"
"17017","Pc","870572005150","30","1"
"17018","Pc","870572008274","20","1"
"17019","Pc","870572008267","20","1"
"17020","Pc","8964001436447","30","1"
"123","Box","8964002757374","80","1"
"9205","Box","8964002527151","315","1"
"15343","Box","8964002757275","310","1"
"13902","Box","8964002757107","235","1"
"9262","Box","4260093464424","1450","10"
"11611","Pc","6291110013958","660","1"
"17126","Pc","171261","190","1"
"16935","Pc","079400646781","2430","1"
"16936","Pc","3574660682335","1390","1"
"16937","Pc","077043002339","890","1"
"18077","Pc","180771","330","1"
"13045","Pc","8712561645690","1430","1"
"13045","Pc","8712561609647","1430","1"
"13045","Pc","8710908882463","1430","1"
"13045","Pc","8710908881121","1430","1"
"13045","Pc","8712561625760","1430","1"
"16938","Pc","5000174070354","2140","1"
"16939","Pc","6291108427460","1980","1"
"16940","Pc","5000174442304","3230","1"
"16941","Box","038000183737","450","1"
"16942","TIN","8858768054412","1200","1"
"16943","POUCH","8964000061480","300","1"
"15353","Pc","6299800202804","540","1"
"16944","Pc","8964000825174","35","1"
"16945","Pc","8964000825150","35","1"
"16946","Pc","8964000825518","35","1"
"16947","Pc","8964000811306","30","1"
"16948","Pc","8964000811283","30","1"
"16949","Pc","9556006283110","740","1"
"2422","Pc","9783332133172","300","1"
"16950","Pc","8964001408963","310","1"
"16951","Pc","8964002996230","415","1"
"16952","Pc","815082009434","300","1"
"16952","Box","815082006440","2900","10"
"7773","BUNDLE","8961014252217","360","1"
"16974","Pc","5060621241157","830","1"
"7163","Pc","6295124027932","2950","1"
"16975","Pc","","830","1"
"16977","Pc","8964000844441","620","1"
"16978","Pc","8964000844458","470","1"
"16979","Pc","8991111101255","250","1"
"16980","Pc","8850851701784","310","1"
"11611","Pc","6291110097262","660","1"
"11611","Pc","6291110006004","660","1"
"11611","Pc","6291110010889","660","1"
"11611","Pc","6291110006011","660","1"
"17021","Pc","8888202035233","460","1"
"12068","Pc","8901030323874","330","1"
"15657","Box","8990800022581","1540","14"
"15657","Box","8990800022598","1540","14"
"15657","Box","8990800022604","1540","14"
"15657","Box","8990800022611","1540","14"
"15408","POUCH","9556019002654","520","1"
"17022","Box","5053990101573","980","1"
"17023","Box","5053990161966","980","1"
"15271","Box","4607109403600","3250","1"
"17024","Pc","8901526005291","580","1"
"17025","Pc","170251","30","1"
"17026","Box","769503782041","195","1"
"14121","Pc","8886950031866","118","1"
"13585","Pc","8886950031873","118","1"
"218","POUCH","8886950013572","50","1"
"15161","Pc","8886950072128","30","1"
"7633","Pc","8886950072159","50","1"
"1625","Pc","8886950054179","65","1"
"17029","BOTTLE","022400000435","1240","1"
"8399","Pkt","8961102110290","380","1"
"8907","Pc","8961102110306","530","1"
"17031","Box","870572003422","115","1"
"17032","Pc","614614357025","160","1"
"2784","Pc","27841","25","1"
"5379","Pkt","4987157918043","120","1"
"5379","Pkt","4987157918029","120","1"
"126","Box","8964002757046","80","1"
"635","Pkt","8964002758029","100","1"
"636","Box","8964002757756","80","1"
"17035","Box","8964002757411","350","1"
"17036","Pc","8964000507292","480","1"
"902","Pkt","8964002758050","90","1"
"122","Box","8964002526222","235","1"
"1066","Box","8964002757398","310","1"
"884","BOTTLE","8961014252026","1280","1"
"898","Pc","8961014252200","125","1"
"9138","SACHET","8961014252187","20","1"
"3542","Pc","8961014253078","50","1"
"3421","BOTTLE","8961014251975","740","1"
"17039","Box","8961102508899","295","1"
"17040","Pc","170401","1150","1"
"11495","Pc","8964000816462","95","1"
"2569","Pc","0300666918474","300","1"
"17041","Pc","8961102506529","20","1"
"17042","Pc","8964001436423","20","1"
"17043","Pc","8964000825310","30","1"
"17044","Pc","8964000825327","30","1"
"6130","POUCH","8964000821152","400","1"
"17045","Pc","8961008218342","260","1"
"14702","TIN","1860074051754","100","1"
"690","Box","8964002757688","80","1"
"17047","Box","8964002757084","350","1"
"2284","Box","8964002757558","235","1"
"936","Pc","5060621241188","720","1"
"7163","Pc","6295124020148","2950","1"
"17049","Pkt","752590091691","160","1"
"17049","Pkt","752590041696","160","1"
"17049","Pkt","752590061694","160","1"
"17049","Pc","170494","160","1"
"17050","SACHET","4558385270151","120","1"
"17051","Pc","4800888157942","690","1"
"17052","Pc","8991380700029","760","1"
"13239","Pc","7622201686956","100","1"
"17053","Pkt","8961102506369","250","1"
"17054","Pkt","8961102506383","250","1"
"14865","Box","8964002444540","235","1"
"17055","POUCH","8961014265286","990","1"
"17056","Box","8964002757633","350","1"
"17057","Box","8964002757671","355","1"
"11867","Pc","6291109270119","720","1"
"11867","Pc","6291106810776","720","1"
"17060","Pc","6958722989537","90","1"
"17061","Pc","170611","130","1"
"17062","Pc","170621","180","1"
"17063","Pc","170631","220","1"
"17064","Pc","170641","280","1"
"17060","Pc","6971260891056","90","1"
"17065","Pc","8904054694333","270","1"
"11770","Pc","796648117155","40","1"
"17067","Box","8961101788551","295","1"
"2822","BOTTLE","8991111101279","670","1"
"14031","Pc","8994993001323","890","1"
"243","BOTTLE","8961014251944","740","1"
"11409","Pc","8961014251951","740","1"
"17069","Pc","170691","240","1"
"2504","Pc","25042","490","1"
"4342","Pc","43422","590","1"
"17070","Box","671866278850","115","1"
"292","Box","8964002757619","315","1"
"124","Box","8964002757770","310","1"
"17071","Box","8964002759026","355","1"
"17072","Box","8964002757534","350","1"
"17073","Box","8964002757725","350","1"
"22254","Pc","222541","1670","1"
"17074","Box","8964002757794","350","1"
"11655","Pkt","8964003062200","2280","1"
"17075","Pc","170751","230","1"
"17076","Pc","170761","260","1"
"17077","Pc","170771","380","1"
"17078","Pc","170781","330","1"
"1576","Pc","0073982206807","50","1"
"5776","Pc","6294017103340","160","1"
"11040","Box","7613035357778","7300","24"
"11040","Pc","40052458","320","1"
"17079","Pc","80757450","260","1"
"17079","Pc","80757481","260","1"
"17079","Pc","80757474","260","1"
"16804","Box","5053990107384","450","1"
"17080","Pc","8961101372965","90","1"
"17081","Pc","8964000735633","410","1"
"17132","cup","8801073210776","590","1"
"9482","Pkt","36392100","260","1"
"17083","Pc","8964002574414","50","1"
"17084","Pc","8964002574476","95","1"
"17085","Pc","170851","880","1"
"4484","pkt","8961008219493","2350","1"
"1035","Pkt","8961008219479","2650","1"
"11091","Pc","6954842275116","160","1"
"11091","Pc","6954842275123","160","1"
"17086","Pc","170861","620","1"
"17087","Pc","8935001726005","290","1"
"17087","Pc","8935001726029","290","1"
"17087","Pc","8935001726043","290","1"
"17087","Box","8935001726050","5800","20"
"17087","Box","8935001726012","5800","20"
"17087","Box","8935001726036","5800","20"
"17088","Pkt","8961014034677","150","1"
"12653","Pc","6291106069372","690","1"
"17090","Pc","6971764151496","160","1"
"10475","Box","104752","450","1"
"2199","Pc","21991","80","1"
"5050","Pc","50501","120","1"
"8193","Pkt","8964003094331","180","10"
"8193","Pc","katib","20","1"
"2789","Pc","27891","150","1"
"17091","Pkt","788821013965","128","1"
"17092","Pkt","788821048028","127","1"
"11098","CTN","","3840","48"
"291","Box","8964002756544","80","1"
"979","Box","8964002757701","315","1"
"17093","Box","8964002759637","350","1"
"17094","Pc","764460928471","160","1"
"17095","BOTTLE","8859032700905","320","1"
"17095","BOTTLE","8859032700912","320","1"
"17096","JAR","7891000300503","1650","1"
"17097","JAR","7891000300602","2950","1"
"17098","Pc","6290171072430","2140","1"
"17099","Pc","6290171072423","2140","1"
"17100","Pc","6290171072089","2980","1"
"17101","Pc","3607342107977","8450","1"
"17102","Pc","3607343811835","7470","1"
"17103","Pc","783320413858","22400","1"
"11950","Pc","3351500020409","12900","1"
"17104","Pc","6290171070320","3670","1"
"17104","Pc","6290171070313","3670","1"
"17105","Pc","3700066737854","4150","1"
"9964","Pc","6290171002345","6240","1"
"9964","Pc","6290171002338","6240","1"
"17106","Pc","6562457221345","2640","1"
"15470","Pc","6390902024643","2740","1"
"17107","Pc","171071","1250","1"
"8501","Box","8964002757343","315","1"
"17109","Box","8964002757367","355","1"
"17110","Pkt","8965310048185","190","1"
"17111","SACHET","6533411343700","30","1"
"17112","Pkt","6533411515756","130","1"
"17114","Pc","8964002575121","90","1"
"8243","POUCH","7622201687274","325","1"
"17115","Pc","171151","620","1"
"1443","SACHET","8886950014210","10","1"
"17116","Pc","8964002346790","70","1"
"17117","Pkt","8961102507045","250","1"
"2823","BOTTLE","3574669907545","1350","1"
"17118","Pc","3574660149807","1390","1"
"2825","Pc","8712561625142","590","1"
"17119","Pc","8964000983751","480","1"
"2082","Pc","8888202052391","580","1"
"17120","Pc","8992222300438","370","1"
"17121","JAR","8901030877063","635","1"
"17122","Pc","3574660395785","790","1"
"17123","Pc","7702018263844","4930","1"
"17124","Box","8964002757473","350","1"
"17128","Box","8961003557019","315","1"
"17129","Box","8961003525018","235","1"
"17131","balty","8964000611555","1400","1"
"4902","Pc","42113362","220","1"
"11770","Pc","796648118152","40","1"
"13737","BOTTLE","03431801","1490","1"
"17134","BOTTLE","717273504578","1640","1"
"17135","Pkt","36399864","95","1"
"9529","Pkt","36391073","90","1"
"17136","Pc","8964002137640","260","1"
"18592","Pc","185921","220","1"
"17137","Pc","8964002137657","270","1"
"17138","POUCH","8964000061633","505","1"
"17141","JAR","8964000062777","900","1"
"17142","BOTTLE","1860236002150","100","1"
"17144","TIN","5904003282584","90","1"
"17146","Pc","171461","690","1"
"17148","Pc","4711146200648","1140","1"
"17147","Pc","4711146200686","1240","1"
"17149","Pc","6923298431094","445","1"
"17150","Pc","6923298433388","385","1"
"17151","Pc","171511","260","1"
"17155","Pc","4711146113450","570","1"
"17155","Pc","4711146118554","570","1"
"17158","Pc","4897037750970","685","1"
"17159","Pc","6931887617187","625","1"
"17160","Pc","6934687620180","665","1"
"12042","Pc","6928691189016","1065","1"
"17161","Box","8964002797028","115","1"
"17162","Box","8961103063274","195","1"
"17163","POUCH","8858439004043","1650","1"
"17164","ROLL","171641","290","1"
"7764","Pc","8961014029963","30","1"
"2612","Pc","26121","190","1"
"17165","Pc","8719497183548","670","1"
"17165","Pc","8719497183586","670","1"
"17165","Pc","8719497183562","670","1"
"17165","Pc","8719497183524","670","1"
"17165","Pc","8719497183609","670","1"
"4966","Pc","6297000442525","690","1"
"5171","Pc","6281006485303","690","1"
"17166","Pc","6291107675978","630","1"
"17166","Pc","6291107675954","630","1"
"17166","Pc","6291107675923","630","1"
"17166","Pc","6291107676005","630","1"
"17166","Pc","6291107675930","630","1"
"17166","Pc","6291107675992","630","1"
"17166","Pc","6291107675947","630","1"
"17166","Pc","6291107675961","630","1"
"17166","Pc","6291107675985","630","1"
"17167","Pc","6934985781026","150","1"
"5035","Pc","50351","940","1"
"5035","Pc","6970570816735","940","1"
"4078","Pc","40782","660","1"
"4707","Pc","47072","670","1"
"4969","Pc","49692","510","1"
"7087","Pc","70872","830","1"
"17435","Pkt","174351","190","1"
"6127","POUCH","8964000821107","120","1"
"17436","Pc","174361","530","1"
"17437","Pkt","8961006040075","160","1"
"17438","Pc","7702018020706","1960","1"
"17439","Pc","174391","560","1"
"4867","Pc","48671","520","1"
"17440","Pc","174401","640","1"
"17441","Pc","174411","970","1"
"17443","Pc","815096004678","100","1"
"8695","Pc","3587925249563","670","1"
"17444","Pc","8961101231422","890","1"
"17445","Pc","8964002137497","1350","1"
"17446","Pc","174461","750","1"
"3809","Pc","736211117069","40","1"
"17449","Pc","8964000585405","60","1"
"17450","Pc","8964000585849","20","1"
"17451","Pkt","8964000163078","1320","1"
"1172","TIN","4902720148870","2710","1"
"1173","TIN","4902720148917","2710","1"
"5776","Box","7613035501546","5400","36"
"13400","Pc","8901526005178","1070","1"
"13399","Pc","8901526527625","480","1"
"12686","Pc","8901396528302","280","1"
"17452","Pc","8000500337493","940","1"
"17455","Pc","8901393016635","90","1"
"13389","Pc","6928082007080","170","1"
"17168","Pc","3014260011888","190","1"
"17166","Pc","6291107675916","630","1"
"10651","POUCH","8961014239713","10","1"
"17169","Pkt","5025232063031","190","1"
"17170","Pc","5410853042259","270","1"
"17171","Pc","5410853039273","490","1"
"17172","Pc","5410853054122","140","1"
"17173","Pc","5410853054047","140","1"
"5010","Pc","50101","160","1"
"5285","Pc","52851","320","1"
"8662","Pc","86621","740","1"
"2876","Pc","28761","730","1"
"2520","Pc","25201","120","1"
"11403","Pc","8964000833964","220","1"
"17175","Pc","8964002347735","40","1"
"17176","Pc","8964002346868","50","1"
"17177","Pc","8964002345854","70","1"
"17178","Pc","8964002345830","70","1"
"17179","Pc","8964002347698","60","1"
"17180","Pc","8964002346844","50","1"
"17181","Pc","8964002347711","60","1"
"17182","Pkt","620514017471","385","1"
"9338","Pc","4005900382450","820","1"
"9338","Pc","4005900139023","820","1"
"9338","Pc","4005808130610","820","1"
"16065","Box","745125960074","230","1"
"17185","Pc","7702018608959","250","1"
"15333","Pc","8001090789167","750","1"
"9829","Pc","8850002008670","170","1"
"9829","Pc","8850002015227","170","1"
"17188","Pc","8850002016958","570","1"
"17187","Pc","8850002011885","390","1"
"17189","Pkt","171891","230","1"
"17190","Pc","171901","180","1"
"17191","Pc","171911","440","1"
"17192","Pc","171921","220","1"
"17193","Pc","171931","170","1"
"5220","Pc","52201","375","1"
"17194","Pc","171941","315","1"
"17195","Pc","8966000059016","30","1"
"17196","Pkt","316346412811","140","1"
"14247","Pc","8025337347033","1160","1"
"14222","Pc","8025337347415","1160","1"
"17197","BOTTLE","6281015445718","695","1"
"11848","JAR","4006067084188","3350","1"
"16221","Pc","7622300442507","390","1"
"17198","TIN","012000806681","295","1"
"17199","Box","018804002564","540","60"
"17199","Pc","75030452","10","1"
"17200","Pc","84196842","190","1"
"17201","Pc","7613032625474","210","1"
"17201","Pc","7613033950940","210","1"
"15252","Pc","7613035510128","490","1"
"17200","Pc","6921211117148","190","1"
"5516","BOTTLE","8961101233624","590","1"
"16408","Pc","8964002649211","325","1"
"17203","Pc","172031","3650","1"
"17204","Pc","172041","340","1"
"17205","POUCH","172051","460","1"
"3973","Pc","39731","380","1"
"17206","Pc","172061","320","1"
"17207","Pc","172071","580","1"
"4355","Pc","43551","1160","1"
"17208","Pc","172081","2140","1"
"17209","Pc","172091","330","1"
"17210","Pkt","172101","50","1"
"17211","Pc","172111","90","1"
"17212","Pc","172121","260","1"
"4986","Pc","49861","60","1"
"17213","Pc","172131","85","1"
"16867","Pc","6922369920956","160","1"
"17214","Pc","8901248456029","340","1"
"11742","Pc","8901030636691","1260","1"
"2407","Pc","24073","150","1"
"499","Pc","4992","60","1"
"17215","Pc","8901030827419","990","1"
"17216","Pc","815082008123","150","1"
"17217","Pkt","8961102502903","50","1"
"17217","Pkt","8961102502897","50","1"
"1929","Pkt","8006540198919","1470","1"
"12854","Box","8964002758166","290","1"
"15928","Pc","4987176102256","630","1"
"4113","Pc","60052360","530","1"
"14983","BOTTLE","8992856898585","480","1"
"2834","Pc","8992222056595","720","1"
"9707","Pump","8888202003096","1390","1"
"12597","Pc","4005808619061","1760","1"
"12597","Pc","4005808825233","1760","1"
"12597","Pc","4005900841339","1760","1"
"2067","Pc","6009661219688","1520","1"
"13064","Pc","130643","1490","1"
"17219","Pc","172191","9785","1"
"2462","Pc","24621","2650","1"
"2623","Pc","26231","1730","1"
"2622","Pc","26221","570","1"
"17220","Pc","172201","1170","1"
"2468","Pc","24681","3270","1"
"2587","Pc","25871","1470","1"
"2618","Pc","26181","1180","1"
"2619","Box","26191","2450","1"
"2621","Pc","26211","980","1"
"4552","Pc","45521","1240","1"
"4814","Box","48141","2140","1"
"2880","POUCH","28801","820","1"
"3584","POUCH","8964000821008","280","1"
"883","BOTTLE","8961014251968","740","1"
"900","Pc","8961014252484","70","1"
"240","Pc","8961014252477","70","1"
"4032","BOTTLE","8961014037289","2380","1"
"8827","POUCH","8850477002050","990","1"
"9138","SACHET","8961014252507","20","1"
"16319","POUCH","8964000812303","220","1"
"17221","Box","615712651275","140","1"
"8588","Box","8964002444557","235","1"
"17222","Box","671866130257","175","1"
"17223","Pc","671866117432","20","1"
"17003","Pc","170032","210","1"
"17224","Pc","3392878060642","1490","1"
"17225","JAR","8964000901588","350","1"
"17226","Pc","8964002649228","325","1"
"17227","BOTTLE","8964002393114","130","1"
"17228","Box","8961003503382","290","1"
"17229","Pc","172291","900","1"
"17230","Pc","172301","1200","1"
"17231","Pc","172311","1450","1"
"5776","Box","6294017103357","5400","36"
"5067","Pc","6921211114307","180","1"
"16631","Pc","6931078931542","430","1"
"16631","Pc","6931078931146","430","1"
"17232","Pc","6931078931535","360","1"
"17233","Pc","6931078931498","2500","1"
"12105","Pc","5060453459409","570","1"
"17249","TIN","70727289","480","1"
"17250","Pc","172501","140","1"
"2504","Pc","6971492671488","490","1"
"9263","Box","8801116000005","1750","10"
"17251","Pc","8888075009997","550","1"
"13665","Pc","6923289308107","130","1"
"7828","Pc","","270","1"
"17255","Pc","8964002346875","50","1"
"17256","Pc","8964002346783","50","1"
"17257","TIN","8961008219790","130","1"
"244","BOTTLE","8961014250367","440","1"
"938","BOTTLE","8961014250411","470","1"
"8099","POUCH","8961014024425","260","1"
"17258","BOTTLE","8961014251357","860","1"
"239","Pc","8961014252255","99","1"
"17259","1kg","172591","400","1"
"9532","Pkt","36391776","100","1"
"17260","Pc","8964002346776","50","1"
"1540","Pkt","695240210120","190","10"
"17261","Pc","8964002492619","120","1"
"17263","Pc","8964002383122","190","1"
"17264","Pc","8964002383115","190","1"
"727","SACHET","8886950011868","10","1"
"10480","SACHET","8886950012308","10","1"
"218","POUCH","8886950013671","50","1"
"10485","POUCH","8886950096292","265","1"
"17265","Pack","8886950086286","1040","1"
"17234","SACHET","172341","300","1"
"17235","SACHET","172351","300","1"
"2794","Pc","695240104955","70","1"
"13824","Pc","8682257129394","600","1"
"13824","Pc","8682560991299","600","1"
"13824","Pc","8682560995174","600","1"
"13824","Pc","8682257128885","600","1"
"13824","Pc","8682560993200","600","1"
"17236","Pc","8961102506987","20","1"
"17237","Pc","8964001072232","30","1"
"17238","Pc","8961102507007","20","1"
"17240","Pc","8964001072263","30","1"
"17239","Pc","8961102506970","20","1"
"17241","Pc","8961102506956","20","1"
"17242","SACHET","7612100120101","90","1"
"10225","Box","6971282340372","280","1"
"10227","Box","6931078932242","430","1"
"10228","Box","6971282340402","650","1"
"10230","Box","6971282340082","945","1"
"17243","SACHET","8690632060767","395","1"
"227","Pkt","8961008219462","1110","1"
"8402","Pc","8964002347599","40","1"
"17244","BUNDLE","8961006070850","520","1"
"17245","Box","8965310096643","235","1"
"17246","Box","8961101788445","170","1"
"17247","Box","769503781891","175","1"
"17293","BOTTLE","8964000543719","1650","1"
"17294","Pc","172941","595","1"
"17295","Pc","172951","140","1"
"5110","Pc","51101","540","1"
"17296","Pc","172961","640","1"
"17297","Pc","172971","490","1"
"17298","Pc","172981","670","1"
"17299","Pc","8961008219882","160","1"
"1527","Pc","8964000984666","190","1"
"1527","Pc","8964000984680","190","1"
"17300","Box","8961103502384","350","1"
"17301","Box","8961102508998","295","1"
"17302","Box","8961103502063","295","1"
"4329","CRATE","","550","12"
"17303","Pc","4457132488019","485","1"
"17304","Pc","4457132488026","375","1"
"17305","Pc","8964002346677","100","1"
"17306","Bag","173061","480","1"
"12219","Box","8964002758180","290","1"
"17307","Pc","173071","220","1"
"15951","Pc","7622201717926","425","1"
"17308","TIN","6281034016142","260","1"
"17309","TIN","6281034903572","250","1"
"17310","TIN","6281034016029","250","1"
"17311","Pc","76145513","450","1"
"17312","Pc","8935001714774","290","1"
"17313","BOTTLE","717273503113","1285","1"
"15081","JAR","4009041108306","2300","1"
"17314","Box","8961101622558","230","1"
"19171","Pc","8961102814105","540","1"
"15750","Box","855434013047","430","30"
"17315","Box","8964002444533","350","1"
"882","BOTTLE","8961014250374","440","1"
"2228","BOTTLE","8961101233648","490","1"
"17316","Pc","671866277969","50","1"
"17317","BOTTLE","8964002619238","2720","1"
"1171","TIN","4902720151306","2710","1"
"1219","TIN","4902720148894","5850","1"
"9255","Box","8965310011349","175","1"
"10968","Pc","109682","570","1"
"16319","POUCH","8964000823729","220","1"
"17318","Pkt","7702018592869","130","1"
"15987","Pc","8006540789513","230","1"
"17319","BOTTLE","8001090789204","440","1"
"17320","BOTTLE","8001090791184","440","1"
"11110","Pc","8001090959034","290","1"
"14671","Pc","8001090956873","290","1"
"14670","Pc","8001090957511","290","1"
"11111","Pc","8001090957658","580","1"
"14669","Pc","8001090958969","580","1"
"17321","Pc","8001090792730","440","1"
"7123","Pkt","8964003062057","1320","1"
"16622","Pc","676979102245","460","1"
"17322","Pc","6221134004984","460","1"
"6117","Pc","8961101373023","95","1"
"17323","Box","8961100286492","115","1"
"17324","Pc","173241","70","1"
"17325","PATTA","5410853039334","490","1"
"17326","PATTA","5410853052944","190","1"
"17327","Pc","5410853059264","270","1"
"15613","JAR","8850124025685","1850","1"
"17328","Pc","3560234500426","950","1"
"17329","Pc","8934868153672","890","1"
"17266","Pc","8886950076102","115","1"
"17267","Pc","8886950076119","220","1"
"17268","BUNDLE","8886950039367","330","1"
"7637","Pc","8886950031859","118","1"
"17269","Pc","9000866653359","480","1"
"17270","Pc","6928343007118","140","1"
"17271","Pc","6928343007323","130","1"
"17272","Pc","6972919087080","130","1"
"17272","Pc","6972919086267","130","1"
"17273","Pc","172731","460","1"
"17274","Pkt","172741","360","1"
"17275","Pkt","172751","270","1"
"17276","Pc","172761","480","1"
"17277","Pc","172771","320","1"
"17278","Pc","172781","390","1"
"17279","Pc","172791","245","1"
"17280","Pc","172801","290","1"
"17281","Pc","172811","320","1"
"17282","Pc","172821","330","1"
"17283","Pkt","172831","380","1"
"10848","Pkt","108481","1120","1"
"17284","Pc","172841","830","1"
"3024","Pc","3024","580","1"
"3169","Pc","31691","270","1"
"10396","Pkt","6971123983928","190","1"
"16743","Pc","8966000027084","20","1"
"17285","Pc","172851","70","1"
"17286","TIN","6978956487869","630","1"
"11867","Pc","6291109270096","720","1"
"17287","Pc","752590172345","2780","1"
"9723","Pc","8720181153600","770","1"
"9723","Pc","8720181153617","770","1"
"17288","Pc","752590231042","2780","1"
"17289","Pc","752590221043","2780","1"
"17290","Pc","752590061243","2780","1"
"8108","Box","8965310043869","115","1"
"17330","Pc","6944198220298","360","1"
"17331","BOTTLE","8851123347037","1390","1"
"17332","Pc","8851123708661","2825","1"
"17333","Pc","8851123708128","2670","1"
"17334","Pc","6805699958144","220","1"
"17335","Pc","173351","80","1"
"17336","Pc","173361","130","1"
"2385","Pc","8964002547708","580","1"
"4513","Pc","8964000638163","415","1"
"4513","Pc","45132","415","1"
"17337","Pc","8964002547043","460","1"
"17337","Pc","173372","460","1"
"2768","Pc","27683","560","1"
"17338","Pc","8964000640777","200","1"
"17338","Pc","173382","200","1"
"17339","Pc","8964002547036","230","1"
"17339","Pc","173392","230","1"
"17340","Pc","173401","460","1"
"17341","Pc","8964000640852","760","1"
"17341","Pc","173412","760","1"
"1017","POUCH","8961014024456","460","1"
"17342","Pc","8964001436386","30","1"
"17343","Pc","8961102507236","50","1"
"17344","TIN","8964000707722","250","1"
"17345","Pc","7979229836482","140","1"
"17346","Pc","9783332133998","190","1"
"17348","Pc","7979226082639","280","1"
"17349","Pc","7979220800635","250","1"
"17350","Pc","9783332133066","380","1"
"17351","Pc","583978944488","190","1"
"5410","POUCH","1569231583243","125","1"
"5410","POUCH","1569231583212","125","1"
"5410","POUCH","1569231583229","125","1"
"2822","BOTTLE","3574669907552","670","1"
"2222","Pkt","8006540788042","2600","1"
"13824","Pc","8682974042051","600","1"
"17354","Bag","4008429109768","2400","1"
"17355","Bag","4008429124839","1700","1"
"17356","Pc","173561","190","1"
"17357","Pc","107073","120","1"
"17358","Pkt","8008857704197","480","1"
"17359","POUCH","6925925908795","430","1"
"17360","POUCH","6925925901499","220","1"
"17361","Pc","705632492895","360","1"
"17363","Pkt","8850477260146","460","1"
"17362","Pkt","8850477111028","670","1"
"17364","Pc","8964002347759","40","1"
"17365","Pc","8964003084059","50","1"
"17366","Pc","4878611125117","260","1"
"7494","Pkt","8964002757978","95","1"
"17367","Pc","8692644102732","150","1"
"17368","BOTTLE","6068357302905","100","1"
"1687","POUCH","8961014024449","450","1"
"2229","POUCH","8961014024432","260","1"
"3322","BOTTLE","8961014250398","440","1"
"245","BOTTLE","8961014250404","470","1"
"14856","Pc","8961014252194","125","1"
"792","Pkt","8961014030525","210","1"
"17369","Pc","2021090007012","190","1"
"8695","Pc","3587925249587","670","1"
"12703","Pc","6293708006939","1030","1"
"12703","Pc","6293708006953","1030","1"
"12703","Pc","6293708006946","1030","1"
"17370","Pc","6291100171255","640","1"
"17371","Pc","6291100171323","550","1"
"14306","Pc","5060340398149","790","1"
"14306","Pc","5060340398125","790","1"
"17372","Pc","8901248456005","720","1"
"17454","POUCH","8901393026153","270","1"
"17453","POUCH","8901393019490","190","1"
"17456","Box","5010029217766","1680","1"
"17457","Box","5010029204735","1640","1"
"17458","Pc","8935001718420","890","1"
"17463","Pc","8690632994871","395","1"
"17462","Pc","8690632014852","395","1"
"17461","Pc","8690632014883","395","1"
"17460","Pc","8690632060804","395","1"
"17459","Pc","8690632060743","395","1"
"16660","Pc","8690572775264","745","1"
"15554","Pc","8993560027209","660","1"
"16587","BOTTLE","8934868153641","890","1"
"3955","Pc","39551","1190","1"
"3954","Pc","39541","1050","1"
"17464","cup","886635001243","150","1"
"727","SACHET","8886950011899","10","1"
"8740","POUCH","8886950012346","50","1"
"17465","Pc","8886950073606","425","1"
"17466","Pc","8886950073835","425","1"
"9318","Pc","8886950031934","175","1"
"201","Pc","8886950052229","70","1"
"14732","Pkt","323900020965","90","1"
"14732","Pkt","323900001282","90","1"
"5791","Pc","6941055154536","60","1"
"17455","Pc","8901393016628","90","1"
"17455","Pc","8901393019377","90","1"
"17467","Pc","40084077","230","1"
"17468","BOTTLE","6003770000168","1260","1"
"17469","POUCH","4014400919974","1090","1"
"11848","JAR","4006067061288","3350","1"
"11848","JAR","4006067084263","3350","1"
"17470","POUCH","6260532822646","540","1"
"17471","Pc","174711","15","1"
"17473","Pc","8964002582587","240","1"
"17473","Pc","8964002582570","240","1"
"17474","Pc","4792081019335","500","1"
"17475","Pc","6941634700161","120","1"
"17476","Pc","8964000798942","40","1"
"17477","Pc","8964000800904","40","1"
"14344","JAR","5410126006957","2180","1"
"17478","JAR","5060113917652","1480","1"
"8150","Box","8964002757992","290","1"
"17479","Box","174791","220","1"
"17480","Box","174801","280","1"
"5380","Bag","787239023016","730","1"
"4091","Pc","40911","340","1"
"17481","Box","8964000596876","230","1"
"17482","BOTTLE","1860076001276","100","1"
"17483","BOTTLE","1860074055004","100","1"
"17484","BOTTLE","1860074053819","180","1"
"17485","Pc","8964000982846","190","1"
"17486","Pc","8964000982440","315","1"
"17487","Pc","8964000982204","190","1"
"17488","Pc","174881","6300","1"
"9338","Pc","4005900655929","820","1"
"8085","Pc","6295124001444","2640","1"
"11962","Pc","6290171010210","4280","1"
"137","Pc","695240105020","100","1"
"137","Pc","695240105037","100","1"
"17489","Pc","8992304047411","420","1"
"7122","Pkt","8964003062019","1320","1"
"17490","TIN","705632492697","580","1"
"17494","Pkt","174941","320","1"
"17495","Pc","174951","880","1"
"17496","Box","8964002798377","115","1"
"7676","Pc","8961008219455","450","1"
"2298","SACHET","8961008219127","80","1"
"17502","Pkt","788821015594","78","1"
"17503","Pkt","7898349703569","1550","1"
"3440","BOTTLE","3610340663451","525","1"
"3339","BOTTLE","3610340663468","510","1"
"3340","BOTTLE","3610340663475","890","1"
"2944","BOTTLE","3574661594231","690","1"
"2949","BOTTLE","8901030825743","740","1"
"2295","Pc","6281006409828","695","1"
"2295","Pc","8710447495698","695","1"
"2295","Pc","8710447495674","695","1"
"16658","BOTTLE","8901088108171","560","1"
"1659","BOTTLE","8901030852145","510","1"
"17504","Pc","850005911289","890","1"
"15027","Pc","8961014251760","835","1"
"15511","Box","6262147002284","1440","24"
"17505","Pc","6261149143223","35","1"
"17505","Box","6261149144220","950","30"
"7804","BUNDLE","8961014252293","245","1"
"4976","Pc","8961014251524","150","1"
"4977","Pc","8961014251555","150","1"
"17506","Pc","9932106542713","480","1"
"17507","Pc","331078600176","630","1"
"13906","Pc","6926868332081","100","1"
"17508","Pkt","175081","240","1"
"2096","Pc","20961","220","1"
"5086","Pc","50861","360","1"
"17509","Pc","175091","100","1"
"11614","Pc","6948813422555","520","1"
"17510","Pc","175101","170","1"
"16693","Pc","1964641643417","130","1"
"2476","Pc","24761","140","1"
"7409","Pc","7236578954626","230","1"
"17511","Pkt","175111","240","1"
"17512","Pkt","175121","380","1"
"17513","Pc","175131","230","1"
"13508","BUNDLE","8006540639085","375","1"
"17514","Pc","","95","1"
"903","Pkt","8964002758043","90","1"
"17516","Pc","6291107674438","280","1"
"17516","Pc","6291107674384","280","1"
"17516","Pc","6291107674414","280","1"
"17516","Pc","6291107674421","280","1"
"17516","Pc","6291107674391","280","1"
"9839","Pc","6291107674452","230","1"
"9839","Pc","6291107674537","230","1"
"17533","Pc","42212010","330","1"
"17534","JAR","80135876","1730","1"
"17535","Box","8964003378332","195","1"
"17536","1kg","175361","3225","1"
"17537","Pc","6780201379610","590","1"
"17538","Pc","175381","690","1"
"17539","Pc","175391","590","1"
"17540","Pc","175401","630","1"
"17541","Pc","175411","3800","1"
"17542","Pc","175421","4000","1"
"17543","Pc","175431","3400","1"
"17544","Pc","175441","4200","1"
"17545","Pc","175451","2800","1"
"17546","POUCH","8731379515681","160","1"
"17547","Pkt","175471","230","1"
"17548","Pc","175481","330","1"
"17549","Pc","8961102507755","50","1"
"17550","Pc","8961102507809","50","1"
"17551","Pc","4878611125186","270","1"
"13509","BUNDLE","8006540639009","405","1"
"2223","Pkt","8006540198391","2600","1"
"17552","Pkt","8006540787243","2600","1"
"17554","POUCH","8961014002348","840","1"
"17555","Pkt","3570200726439","60","1"
"10479","SACHET","8886950011912","50","1"
"218","POUCH","8886950013756","50","1"
"198","Pc","8886950052076","380","1"
"17556","Pc","8886950055398","295","1"
"15931","Pc","8999999530365","590","1"
"15931","Pc","8999999530358","590","1"
"1663","Pc","4005900244796","660","1"
"1663","Pc","4005900477378","660","1"
"2297","Pc","4005900085979","1360","1"
"17380","Pc","173801","90","1"
"17299","CTN","","1920","12"
"16336","CTN","","1920","12"
"16335","CTN","","1920","12"
"304","BOTTLE","8964002809233","820","1"
"15838","Pc","158382","300","1"
"1366","Box","8964002758340","140","1"
"17383","Pc","764460928488","170","1"
"17384","Pc","173841","100","1"
"3463","Pc","34631","220","1"
"5944","Pc","59441","370","1"
"2224","Pkt","8006540788004","2600","1"
"17389","Pc","173891","6750","1"
"17390","Pc","8901248327169","440","1"
"17391","Pc","8999999565138","270","1"
"13840","POUCH","1543225987859","65","1"
"16285","Box","8961101787547","230","1"
"17392","Pc","173921","90","1"
"1365","Box","8964002758364","110","1"
"1364","Box","8964002758357","180","1"
"17393","Pc","945859319647","130","1"
"17394","Pkt","173941","390","1"
"17396","Pc","173961","290","1"
"17397","Pc","173971","360","1"
"17398","Pc","173981","340","1"
"8401","1kg","84011","1600","1"
"8401","100G","84012","170","0.1"
"17399","POUCH","8964000885499","190","1"
"17404","Box","8964003197087","380","1"
"17373","Pc","173731","290","1"
"17374","Pc","173741","7250","1"
"17375","Pc","067990501382","1110","1"
"17376","Pc","5034660021582","2270","1"
"17377","Pc","80823438","790","1"
"17377","Pc","80809494","790","1"
"17377","Pc","80977254","790","1"
"9718","Pc","8934868153610","890","1"
"16588","BOTTLE","8999999564223","450","1"
"17379","Pc","5010527376057","1740","1"
"17378","Pc","5010527371229","1970","1"
"13045","Pc","8712561611145","1430","1"
"503","Pc","6001087375115","770","1"
"2297","Pc","4005900369581","1360","1"
"2297","Pc","4005900098313","1360","1"
"2297","Pc","4305900095979","1360","1"
"17403","Box","8964003197056","380","1"
"17402","Box","8964003197063","380","1"
"17401","Box","8964003197094","380","1"
"17400","Box","8964003197070","380","1"
"8183","Pc","81831","110","1"
"17408","JAR","8428916059998","1475","1"
"17409","JAR","8411356780584","1780","1"
"17410","JAR","8411356690043","2940","1"
"17411","Pc","174111","690","1"
"17412","Pc","8801073115118","550","1"
"17132","cup","8801073212664","590","1"
"17413","cup","8801073212671","590","1"
"17414","Bowl","8801073212640","590","1"
"16660","Pc","8690572784303","745","1"
"16660","Pc","4015000934688","745","1"
"17417","Pump","8901030860119","1580","1"
"17418","Pc","8851932351416","690","1"
"14529","Pc","6281006483569","450","1"
"15209","Box","8964002758227","310","1"
"17419","Pc","174191","1760","1"
"17420","Pc","174201","1360","1"
"17421","Pc","174211","1680","1"
"17422","Pc","174221","1380","1"
"17423","Pc","174231","1080","1"
"17424","Pc","6920707520981","1960","1"
"17425","Pc","174251","290","1"
"17426","Pc","174261","270","1"
"17426","Pc","6938745911654","270","1"
"17427","Pc","6938624074746","425","1"
"17427","Pc","174272","425","1"
"17428","Pc","6958221586381","510","1"
"17428","Pc","174282","510","1"
"17429","Pc","174291","410","1"
"17429","Pc","6985230619670","410","1"
"2572","Pc","25722","620","1"
"17430","Pc","6936380606447","470","1"
"17430","Pc","174302","470","1"
"17431","Pc","174311","520","1"
"17431","Pc","6935083081384","520","1"
"17432","Pc","6935083081391","740","1"
"17432","Pc","174322","740","1"
"17433","Pc","174331","480","1"
"17433","Pc","6985230619540","480","1"
"6850","Pc","68502","580","1"
"17434","Pc","174341","480","1"
"17434","Pc","6931856859686","480","1"
"4079","Pc","40792","580","1"
"7088","Pc","70882","780","1"
"9839","Pc","6291107674582","230","1"
"9839","Pc","6291107671468","230","1"
"9839","Pc","6291107674490","230","1"
"9839","Pc","6291107674568","230","1"
"9839","Pc","6291107674483","230","1"
"9839","Pc","6291107675206","230","1"
"9839","Pc","6291107674506","230","1"
"6293","Pc","62931","240","1"
"17517","Pc","175171","190","1"
"17518","Pc","175181","190","1"
"17519","Pc","175191","140","1"
"17520","Pc","175201","100","1"
"17521","Pc","175211","65","1"
"17522","JAR","5226598732559","120","1"
"12535","Pc","7622201823450","130","1"
"12535","Box","7622201823443","3000","24"
"15840","Box","7622201725174","1160","24"
"15840","Pc","7622201725181","50","1"
"6681","Box","7622201760120","470","24"
"6681","Pc","7622201501495","20","1"
"17523","Pc","6294005000545","50","1"
"17524","Pc","8850632605904","100","1"
"17524","Pc","8850632605928","100","1"
"17524","Pc","8850632605867","100","1"
"17524","Pc","8850632605881","100","1"
"17525","Pc","6956495900445","485","1"
"17526","Pc","6956495900391","485","1"
"17527","Pc","4987176018779","340","1"
"17528","Pc","3014260098834","180","1"
"17529","Pc","5010724529645","440","1"
"8762","Pkt","8964002758142","85","1"
"1218","TIN","4902720151337","5850","1"
"174","Pc","17421","290","1"
"17530","POUCH","8886467076084","760","1"
"11848","JAR","4046234972986","3350","1"
"17579","Pc","8964000543528","270","1"
"17015","Katta","","7000","10"
"11841","POUCH","8850632200017","280","1"
"17580","Pc","8690624203394","260","1"
"17580","Pc","8690624303384","260","1"
"17581","POUCH","4014400914696","1090","1"
"17533","Pc","42212003","330","1"
"17582","Box","5063305005717","295","1"
"17583","Pc","84198402","60","1"
"15528","POUCH","6281036008442","220","1"
"17584","Pc","175841","50","1"
"17585","BOTTLE","5010438005701","120","1"
"17586","Bowl","8801073212633","590","1"
"17587","Bowl","8801073212626","590","1"
"17505","Pc","6261149143216","35","1"
"17505","Box","6261149144213","950","30"
"10574","Box","8964002758371","210","1"
"17589","BOTTLE","855434000283","90","1"
"17590","BOTTLE","855434000290","55","1"
"17591","Bag","3570053726433","230","1"
"17592","Box","8964000596128","230","1"
"17594","Pc","8964000045381","430","1"
"17593","Pc","175931","430","1"
"8129","Pc","81291","110","1"
"15109","BOTTLE","3474636974405","5850","1"
"15097","JAR","3474636975990","6900","1"
"15108","JAR","3474636971039","6900","1"
"17597","Pc","3014260318451","190","1"
"17596","Pc","4902430888325","180","1"
"17595","Pc","3014260017095","230","1"
"9723","Pc","8720181153594","770","1"
"9723","Pc","8717163648643","770","1"
"9723","Pc","8710447276631","770","1"
"9723","Pc","40883113","770","1"
"9723","Pc","8720181153587","770","1"
"14835","Pc","3600524030117","1380","1"
"8695","Pc","3587925249570","670","1"
"17599","Pc","6297000442600","590","1"
"17599","Pc","6297000442617","590","1"
"17599","Pc","6297000442631","590","1"
"17599","Pc","6297000442624","590","1"
"9339","Pc","6297000226736","570","1"
"9339","Pc","6297000669656","570","1"
"9339","Pc","6297000669649","570","1"
"13037","Pc","022200750387","780","1"
"13037","Pc","5996175233594","780","1"
"17600","Pc","4035773148792","530","1"
"11248","Pc","8006540615614","3230","1"
"11248","Pc","5000174442366","3230","1"
"17601","Pc","6294015151961","970","1"
"17602","Pc","6294015156935","970","1"
"17603","Pc","4901331002441","985","1"
"17604","Pc","4901331010903","825","1"
"17606","Pc","8961100022571","140","1"
"17607","Pc","8961100022557","140","1"
"508","Pkt","8961100023660","225","1"
"2707","Pc","6281006527164","430","1"
"2707","Pc","6281006527225","430","1"
"2707","Pc","6281006527188","430","1"
"2707","Pc","6281006527201","430","1"
"1663","Pc","4005900088185","660","1"
"17557","Pc","8964002492268","725","1"
"17558","Pc","8964002492251","865","1"
"17559","Pc","8964002492244","725","1"
"17529","Pc","5010724529652","440","1"
"17560","Pc","6928343003028","130","1"
"15","Pkt","8961014051995","190","1"
"17561","Pc","175611","140","1"
"13168","POUCH","8886950013596","340","1"
"7106","Pc","8961101373207","500","1"
"4310","Pc","8999999540562","690","1"
"14946","BOTTLE","8855044044488","430","1"
"14946","BOTTLE","8855044044464","430","1"
"14946","BOTTLE","8855044044457","430","1"
"17562","TIN","9556001047175","520","1"
"17563","TIN","9556001025272","520","1"
"17564","TIN","9556001054005","520","1"
"17565","TIN","9556001047243","520","1"
"17566","Pc","80845379","390","1"
"17568","BOTTLE","6003770002414","1260","1"
"17567","BOTTLE","6003770000663","1260","1"
"17569","Pc","6291108341018","490","1"
"17570","Pc","6291108340998","490","1"
"17571","Pkt","5060122038584","1040","1"
"17572","POUCH","5060122039123","1040","1"
"17573","POUCH","671866277341","95","1"
"17574","Box","8961100287895","115","1"
"17575","Pc","175751","180","1"
"10769","Pc","6946686480009","540","1"
"17577","Box","8961101788421","175","1"
"17578","Box","8964002798490","115","1"
"17536","500g","175362","1612.5","0.5"
"404","CTN","","8280","36"
"17617","Pc","3947643272210","380","1"
"17618","SACHET","815096004029","100","1"
"17618","Box","815096004036","3000","30"
"17619","Pc","870572005488","30","1"
"17620","Pc","1122336499453","250","1"
"17616","Pc","3574661385600","620","1"
"17616","Pc","3574661385624","620","1"
"17616","Pc","3574661296135","620","1"
"17616","Pc","3574661094038","620","1"
"16178","Pc","3574661385617","620","1"
"8337","Pc","8711600369306","1250","1"
"16941","Box","5053990161935","450","1"
"1689","Box","8964002758401","315","1"
"17626","BOTTLE","8001430111078","1680","1"
"8814","POUCH","4796018131954","280","1"
"17627","POUCH","4796018131961","620","1"
"9154","POUCH","7622201734503","760","1"
"2213","Box","7622201820930","2750","24"
"2213","Pc","7622201820947","120","1"
"17628","Pc","8964000257784","480","1"
"2707","Pc","6281006527249","430","1"
"17629","Pc","8886950039374","570","1"
"17630","JAR","6009679062528","130","1"
"17631","TIN","5391523059244","3020","1"
"17632","Pc","176321","120","1"
"17633","Pkt","176331","425","1"
"17634","Pc","176341","1740","1"
"17635","Pc","6291107674940","390","1"
"17635","Pc","6291107674933","390","1"
"17636","Pkt","3210626427854","220","1"
"2822","BOTTLE","3574661649085","670","1"
"11611","Pc","6291110104229","660","1"
"17637","Pc","8964000783900","20","1"
"17637","Box","8964000783917","230","12"
"8109","boc","8965310050041","115","1"
"8100","POUCH","8961014052008","840","1"
"17641","POUCH","5000159557429","1540","1"
"17640","POUCH","5000159558914","1540","1"
"17639","POUCH","5000159558556","1540","1"
"17638","POUCH","5000159309332","1430","1"
"17642","Pc","6224007949870","680","1"
"242","Pump","8961014238488","1280","1"
"17643","Pc","8961014249033","290","1"
"17644","Pc","176441","120","1"
"4988","Pc","49881","80","1"
"4989","Pc","49891","70","1"
"4992","Pc","49921","160","1"
"4974","Pc","8961014251562","150","1"
"884","BOTTLE","8961014238501","1280","1"
"17646","POUCH","8961014029932","420","1"
"7771","BUNDLE","8961014252279","245","1"
"17648","Pc","7979226053882","130","1"
"17649","Pc","7979225586664","275","1"
"17650","Pkt","8964003102333","120","1"
"17651","Pc","176511","110","1"
"17652","Box","9797089709863","680","6"
"17652","Pc","176522","120","1"
"17653","Box","176531","980","1"
"17654","Box","176541","2070","1"
"17655","Box","176551","1790","1"
"2657","Box","26571","1430","1"
"4621","Box","46211","1975","1"
"4728","Pc","47281","380","1"
"17656","Pc","176561","380","1"
"5493","Pc","54931","380","1"
"17657","Pc","8961101372873","800","1"
"5281","Pc","52811","620","1"
"9717","BOTTLE","8934868153689","450","1"
"17658","Box","769503780801","235","1"
"17659","PATTA","5410853042907","270","1"
"17660","Pkt","695240209919","80","1"
"17661","JAR","176611","320","1"
"17662","JAR","176621","200","1"
"17476","Pc","8964000799673","40","1"
"17476","Pc","8964000799062","40","1"
"17663","Box","176631","1290","1"
"5643","Box","56431","1390","1"
"17664","Box","176641","1070","1"
"17665","Box","176651","2630","1"
"5276","Box","52761","1370","1"
"16884","Pc","8006540789483","230","1"
"165","Pkt","8006540198872","1470","1"
"1096","Pc","8999999003067","460","1"
"11867","Pc","6291109270195","720","1"
"6119","BOTTLE","6291049165001","425","1"
"17669","BOTTLE","8964001524403","1700","1"
"17670","BOTTLE","8964001524410","2650","1"
"17668","POUCH","8964001524380","560","1"
"17668","CTN","8964001524397","2800","5"
"17671","TIN","7344390849966","460","1"
"14310","Pc","3574660482799","330","1"
"14310","Pc","3574660482300","330","1"
"14310","Pc","3574661314419","330","1"
"14310","Pc","3574660483086","330","1"
"2076","Pc","8801051111866","490","1"
"2076","Pc","8801051111859","490","1"
"3420","BOTTLE","8961014250428","395","1"
"17673","Pc","8966000033337","104","1"
"1053","Pc","10532","90","1"
"10202","Pc","012546011426","340","1"
"17675","Box","3570001026080","290","1"
"17676","TIN","8992952954703","930","1"
"17677","POUCH","8858439004036","780","1"
"17678","Pkt","8961100023967","620","1"
"17678","Pkt","8961100023943","620","1"
"17678","Pkt","8961100023950","620","1"
"17679","BOTTLE","022400007755","1520","1"
"17679","BOTTLE","022400007762","1520","1"
"17679","BOTTLE","022400007779","1520","1"
"16178","Pc","3574661241159","620","1"
"16178","Pc","3574661093659","620","1"
"17681","Pc","4005900087812","695","1"
"17682","Pc","8859178706991","390","1"
"11871","Pc","6945507891017","160","1"
"11871","Pc","6945507891024","160","1"
"17683","Pc","6934985786885","140","1"
"17684","Pc","6931428229237","120","1"
"17685","JAR","6291107220246","570","1"
"17686","Pc","","380","1"
"17687","Box","176871","2740","1"
"17688","TIN","6291059069221","4950","1"
"17701","POUCH","8886950018225","160","1"
"17702","POUCH","8886950018201","160","1"
"16342","Pc","8886950031842","118","1"
"17703","Pc","6923289308305","280","1"
"1220","TIN","4902720148931","5850","1"
"6680","Pc","7622201724870","30","1"
"6680","Box","7622201724863","700","24"
"12141","Box","7622201725334","1650","24"
"12141","Pc","7622201725341","70","1"
"6630","Box","7622201818760","2750","24"
"6630","Pc","7622201818777","120","1"
"2308","Box","7622201819477","5300","24"
"2308","Pc","7622201819484","230","1"
"6631","Box","7622201819439","11500","24"
"6631","Pc","7622201819446","500","1"
"6632","Pc","7622201824600","430","1"
"6632","Box","7622201824594","9900","24"
"15390","Pc","8901030807336","890","1"
"17704","Pc","177041","500","1"
"17705","Pc","177051","600","1"
"17706","Pc","177061","650","1"
"15098","Pc","8964003062248","1320","1"
"17707","Pc","8964002347506","100","1"
"12105","Pc","5060453459423","570","1"
"14779","Pc","6297000323060","260","1"
"14779","Pc","6297000165134","260","1"
"17708","Pc","177081","2600","1"
"17709","Pc","177091","2900","1"
"17712","Pc","177121","5450","1"
"17711","Pc","177111","4000","1"
"17710","Pc","177101","7100","1"
"221","Pkt","8961008220352","450","1"
"222","Pkt","8961008220321","860","1"
"223","Pkt","8961008220284","450","1"
"662","SACHET","8961008220345","48","1"
"4979","Pc","8961014251548","150","1"
"17721","Pc","8961006090032","340","1"
"17720","Pc","8961006090056","210","1"
"17719","Pc","8961006090025","320","1"
"9665","JAR","96652","1090","1"
"17722","Pkt","177221","1230","1"
"17723","POUCH","8964003197308","130","1"
"17725","JAR","9556001249166","3800","1"
"9564","Pkt","95642","680","1"
"17726","Pc","8964002642816","95","1"
"17728","Pc","8964000900253","260","1"
"17727","Pc","8964000901069","170","1"
"17729","Pc","177291","190","1"
"17731","POUCH","6001106209124","275","1"
"17732","POUCH","6001106209117","275","1"
"17733","Pc","8886950052243","320","1"
"14573","Pc","0162510025900141","50","1"
"17734","Pc","6260406233226","50","1"
"17736","Pc","6261149033661","50","1"
"17735","Pc","6261149033654","50","1"
"17735","Box","6261149034651","1050","24"
"17736","Box","6261149034668","1050","24"
"5681","Box","6261715250577","800","24"
"17737","Box","710535717945","1220","1"
"17738","Pc","177381","390","1"
"17740","Box","177401","390","1"
"17741","Pc","729875200727","110","1"
"17742","Pc","7702018461738","370","1"
"17743","Pc","7702018465255","1230","1"
"17744","Pump","9556006012413","1490","1"
"17745","Pc","8901030821516","280","1"
"17746","Pc","8999777888381","910","1"
"15554","Pc","8993560027223","660","1"
"15554","Pc","9556111620343","660","1"
"17770","Pc","6974622804558","6900","1"
"17771","Pc","6941291513265","6900","1"
"17772","Pc","6941291533751","7400","1"
"17772","Pc","6941291533744","7400","1"
"17772","Pc","6941291533737","7400","1"
"17769","Pc","177692","8900","1"
"17770","Pc","177702","6900","1"
"17771","Pc","177712","6900","1"
"17772","Pc","177724","7400","1"
"17773","Pc","8961101232269","210","1"
"17762","Pc","8964002347407","40","1"
"1112","Pc","6281006506367","780","1"
"1112","Pc","6281006506596","780","1"
"1112","Pc","6281006506572","780","1"
"2077","Pc","745125129709","370","1"
"17775","Pc","8000500359358","250","1"
"17776","Pc","5011053019302","350","1"
"17776","Pc","5011053021404","350","1"
"17777","Pc","8902433000232","350","1"
"17778","Pc","8902433007828","350","1"
"17779","Pc","8902433000416","350","1"
"17780","POUCH","8690146659112","290","1"
"17780","POUCH","8690146124436","290","1"
"17780","POUCH","8690146658115","290","1"
"17780","POUCH","8690146658214","290","1"
"17780","POUCH","8690146658412","290","1"
"17780","POUCH","8690146053477","290","1"
"17780","POUCH","8690146053347","290","1"
"17781","Pc","8901393017281","640","1"
"17783","Pc","614614357131","250","1"
"17784","Box","8965310041216","115","1"
"6997","Pc","69971","15285","1"
"17785","Pc","6291007901047","320","1"
"17786","Pc","8901063151154","380","1"
"996","Pkt","8964003083182","2350","1"
"1663","Pc","42419334","660","1"
"1663","Pc","40065601","660","1"
"1663","Pc","42349754","660","1"
"1663","Pc","4005808293803","660","1"
"1663","Pc","4005900121707","660","1"
"1663","Pc","4005900036162","660","1"
"503","Pc","8886467065804","770","1"
"503","Pc","8886467065828","770","1"
"503","Pc","8886467065774","770","1"
"503","Pc","8886467065750","770","1"
"503","Pc","8886467065811","770","1"
"503","Pc","8886467065767","770","1"
"503","Pc","8886467065736","770","1"
"503","Pc","8886467065798","770","1"
"503","Pc","8886467065743","770","1"
"16633","Pc","6931078931245","945","1"
"17756","Pc","8001673528824","215","1"
"17756","Pc","8001673528800","215","1"
"17756","Pc","8001673528817","215","1"
"17755","JAR","8002742112173","470","1"
"17754","JAR","8002742112197","445","1"
"17753","Pc","1102020801236","560","1"
"17752","Pc","1122020803214","560","1"
"17751","Pc","8579620354807","260","1"
"17750","Pc","1232021250204","860","1"
"17749","Pc","8001673522365","670","1"
"17748","Pc","8001673522211","500","1"
"17757","Pkt","8964003457273","470","1"
"7551","Pc","75512","325","1"
"2082","Pc","8888202052414","580","1"
"17759","Pc","8964000578452","135","1"
"17762","Pc","8964002347520","40","1"
"17763","Pc","671866277358","30","1"
"17689","Pc","176891","590","1"
"17690","Pc","176901","340","1"
"17691","Pc","8961014030228","25","1"
"3893","Pkt","8961008220215","1480","1"
"17692","Pc","6415019099886","150","1"
"17696","Pc","6291007901085","320","1"
"17695","Pc","8901063004016","450","1"
"17694","Pc","6291007901016","320","1"
"17693","Pc","6291007901030","320","1"
"10979","Pc","431531754016","890","1"
"10980","Pc","531531754013","890","1"
"10981","Pc","631531754010","740","1"
"17697","Box","815096004685","100","1"
"17698","Pc","8964000982884","360","1"
"17699","BOTTLE","8964002619221","1650","1"
"10480","SACHET","8886950012353","10","1"
"7677","Pc","8961008220796","790","1"
"17713","Pc","185002583697","180","1"
"17714","POUCH","8964002960170","95","1"
"17715","POUCH","8964002960125","480","1"
"17716","POUCH","8964002960118","280","1"
"1112","Pc","8712561478762","780","1"
"9839","Pc","6291107671437","230","1"
"4826","Box","48261","630","1"
"3626","Box","36261","500","1"
"4159","Box","41591","390","1"
"8838","Pc","88381","330","1"
"4628","Pc","46281","170","1"
"15790","Pkt","5010232964464","1290","1"
"17717","Pc","3061375125016","2900","1"
"17718","Pc","3600520619002","2900","1"
"17272","Pc","6972919087066","130","1"
"17272","Pc","6972919087028","130","1"
"17764","Pc","177641","270","1"
"17767","Box","866352001825","550","1"
"15671","Pc","8852961016574","110","1"
"11615","Pc","116153","360","1"
"11614","Pc","116143","520","1"
"17768","Pc","8964000505960","300","1"
"17769","Pc","6941291532266","8900","1"
"17788","Box","8961102508462","235","1"
"17789","POUCH","8961014253788","175","1"
"10651","POUCH","8961014254341","10","1"
"17790","Pc","8964000833520","340","1"
"17791","Pc","8964002992294","210","1"
"17791","Pc","8964002992287","210","1"
"17791","Pc","8964002992300","210","1"
"17791","Pc","8964002992317","210","1"
"11403","Pc","8964000833940","220","1"
"17793","POUCH","8961014248654","325","1"
"1515","Pc","15151","80","1"
"17795","Pc","6267063302661","990","1"
"17796","Pc","6260653502779","860","1"
"17796","Pc","0162230065350164","860","1"
"17797","Pc","6260653505626","1280","1"
"17797","Pc","177972","1280","1"
"17798","Pc","6260653505473","1200","1"
"17799","Pc","6267063300124","940","1"
"17800","Pc","6267063303125","290","1"
"17800","Pc","0162300706330020","290","1"
"17800","Pc","0162300706330019","290","1"
"17800","Pc","6267063303118","290","1"
"17801","Pc","0162300706330017","650","1"
"17801","Pc","6267063303101","650","1"
"17801","Pc","6267063303088","650","1"
"17801","Pc","0162300706330014","650","1"
"17801","Pc","6267063303064","650","1"
"17801","Pc","0162300706330018","650","1"
"17801","Pc","0162300706330013","650","1"
"17801","Pc","6267063303071","650","1"
"17802","Pc","6260653505725","960","1"
"17803","Pc","6260406233813","40","1"
"17805","Pc","6260406201164","50","1"
"17804","Pc","6260406201140","50","1"
"16882","Pkt","36393749","1750","1"
"16997","Pkt","36393732","450","1"
"16883","Pkt","36393565","400","1"
"17806","SACHET","8961008219929","45","1"
"17807","Box","8961008219912","450","1"
"17808","TIN","8964001171027","2650","1"
"17809","TIN","8964001171034","1300","1"
"17810","Pc","6291101522841","195","1"
"17811","Pc","6291101520199","80","1"
"17812","Pc","7702018464975","1080","1"
"17812","Pc","7702018464692","1080","1"
"13820","Pc","88826127","770","1"
"17813","Box","8961003512315","355","1"
"17814","Box","8961101784522","230","1"
"997","Pkt","8964003083199","2350","1"
"17816","POUCH","7702018608973","580","1"
"9339","Pc","6297000838168","570","1"
"14608","Pc","8980621754020","370","1"
"14608","Pc","8980621754099","370","1"
"14608","Pc","8980621754082","370","1"
"14608","Pc","8980621754075","370","1"
"14608","Pc","8980621754044","370","1"
"14608","Pc","8980621754051","370","1"
"636","Box","8964002758661","80","1"
"690","Box","8964002758630","80","1"
"903","Pkt","8964002527472","90","1"
"126","Box","8964002758715","80","1"
"7494","Pkt","8964002527427","95","1"
"8762","Pkt","8964002755561","85","1"
"17047","Box","8964002758968","350","1"
"8150","Box","8964002527441","290","1"
"1452","Box","8964002759248","315","1"
"14867","Box","8964002758982","310","1"
"9202","Box","8964002759040","310","1"
"12219","Box","8964002758920","290","1"
"220","Pkt","8961008220390","860","1"
"17818","POUCH","8961008218908","1870","1"
"2905","Pc","29051","1360","1"
"17819","Box","8961103502261","315","1"
"2261","BUNDLE","8961014238471","430","1"
"1547","SACHET","6009679062573","50","1"
"1822","Pc","4113606112025","60","1"
"5286","Pc","52861","340","1"
"17822","Pc","178221","390","1"
"3780","Pc","37801","225","1"
"4140","Pc","41401","230","1"
"5939","Pc","59391","570","1"
"5265","Pc","52651","190","1"
"17823","Pc","178231","2340","1"
"5536","Pc","55361","670","1"
"829","Pkt","788821018915","265","1"
"4662","Pc","","33","1"
"4662","6pc","","198","6"
"4662","Doz","","396","12"
"291","Box","8964002758692","80","1"
"15343","Box","8964002759101","310","1"
"17073","Box","8964002759415","350","1"
"1915","Box","8964002759286","310","1"
"734","Box","8964002759453","315","1"
"121","Box","8964002759200","315","1"
"1857","Box","8964002759644","310","1"
"902","Pkt","8964002527489","90","1"
"15208","Box","8964002758883","310","1"
"1935","Box","8964002755493","210","1"
"10574","Box","8964002755530","210","1"
"1364","Box","8964002755479","180","1"
"17057","Box","8964002759354","355","1"
"4064","Pc","736211118677","390","1"
"661","SACHET","8961008220420","48","1"
"3855","POUCH","7622201494629","700","1"
"16252","Pc","7613036049184","410","1"
"17824","BOTTLE","3068320055008","550","1"
"17031","Box","8964002488216","115","1"
"17826","Pkt","8964002137329","390","1"
"17827","SACHET","886635001045","120","1"
"17831","Pkt","886635000222","190","1"
"17830","Pkt","886635000000","190","1"
"17829","Pkt","886635000239","190","1"
"17828","Pkt","886635000109","190","1"
"17832","Box","886635000147","550","1"
"17833","Box","886635000024","550","1"
"17834","BOTTLE","8410159044947","580","1"
"11834","BOTTLE","118342","770","1"
"15697","BOTTLE","156972","860","1"
"994","Pc","695240105129","70","1"
"17835","Pc","5903416026068","2240","1"
"249","JAR","8961014253849","390","1"
"10953","Pc","109532","900","1"
"15591","Pkt","8964003062316","300","1"
"15592","Pkt","8964003062330","580","1"
"338","JAR","8961102860157","320","1"
"17840","SACHET","886635001052","120","1"
"17841","Box","886635000062","550","1"
"17843","Pc","1262021250201","710","1"
"17842","Pc","1292021250307","670","1"
"17844","Pc","8001673102376","500","1"
"17845","Pc","1132020804210","600","1"
"17846","Pc","1112020802362","610","1"
"17847","JAR","1452022125305","470","1"
"17848","JAR","1442022125207","520","1"
"2297","Pc","4005900788931","1360","1"
"9788","BOTTLE","5011417567050","1180","1"
"9788","BOTTLE","5011417568903","1180","1"
"9788","BOTTLE","5011417552995","1180","1"
"9788","BOTTLE","5011417572337","1180","1"
"9796","Pkt","8001841041391","690","1"
"17849","Pkt","8006540222089","530","1"
"17853","Pc","9555617300162","250","1"
"17854","Pc","9555617300735","250","1"
"11156","Pkt","8964001199212","115","1"
"17855","Pc","8964001199120","60","1"
"17744","Pump","3574669909945","1490","1"
"17856","Pump","8851123375078","1980","1"
"17857","Pump","8851123710251","1860","1"
"17858","120g","3570241726436","140","1"
"660","Pc","8961100002900","240","1"
"7489","Pc","74894","50","6"
"17860","Pc","178601","180","1"
"17861","Pc","5060120171252","330","1"
"16892","Pc","168923","430","1"
"17862","Pc","6281006532403","570","1"
"4362","Pc","43621","40","1"
"17863","POUCH","178631","40","1"
"14227","Pc","8025337347590","1160","1"
"1365","Box","8964002755486","110","1"
"1856","Box","8964002758739","80","1"
"17074","Box","8964002759439","350","1"
"15209","Box","8964002758869","310","1"
"15535","Pc","8964002758838","35","1"
"17866","Pc","5908227125412","170","1"
"1663","Pc","42345121","660","1"
"1663","Pc","4005900034991","660","1"
"1663","Pc","4005900542571","660","1"
"17867","POUCH","6947651800532","470","1"
"17868","TIN","8992952924874","930","1"
"17869","POUCH","6927262801630","470","1"
"17869","POUCH","6927262801531","470","1"
"11272","Pc","6972885410158","110","1"
"11272","Pc","6972885410141","110","1"
"936","Pc","6295124032288","720","1"
"936","Pc","6295124006548","720","1"
"936","Pc","6295124032257","720","1"
"936","Pc","6295124032271","720","1"
"936","Pc","6295124024528","720","1"
"4095","JAR","7622201679309","1250","1"
"13045","Pc","8720181160714","1430","1"
"17870","Pc","8964000578445","130","1"
"14192","Box","8961101787752","235","1"
"973","Box","8964002759422","310","1"
"17871","Pkt","6927262800855","480","1"
"17872","POUCH","8961102503443","85","1"
"2445","Pkt","8006540787205","1470","1"
"2230","POUCH","8006540960073","570","1"
"13761","BUNDLE","8006540639047","375","1"
"1366","Box","8964002755516","140","1"
"4188","Pc","41881","110","1"
"1013","Pc","10131","170","1"
"17873","Pc","6294015102550","525","1"
"17873","Pc","6294015102567","525","1"
"979","Box","8964002758753","315","1"
"8501","Box","8964002759149","315","1"
"17035","Box","8964002759187","350","1"
"17874","BOTTLE","8410159047320","770","1"
"17875","Box","8964001086109","280","1"
"6740","Pc","67401","120","1"
"6187","Pc","61871","120","1"
"17876","Pc","178761","280","1"
"17877","Pc","6261149165935","25","1"
"17877","Box","6261149165942","700","30"
"17878","Pc","6261149033609","35","1"
"17878","Box","6261149034606","800","24"
"17879","Pc","6261149033678","35","1"
"17879","Box","6261149034675","800","24"
"17880","Pc","6261149033685","50","1"
"17880","Box","6261149034682","1050","24"
"17881","Pc","6261149033531","35","1"
"17881","Box","6261149034538","800","24"
"16592","Pc","4800888208699","620","1"
"17882","Pkt","178821","140","1"
"17072","Box","8964002759279","350","1"
"2425","JAR","8901030819704","430","1"
"3548","Pc","8901030819711","940","1"
"17883","Pkt","8961100099030","135","1"
"7672","Pc","8961008220499","550","1"
"620","Pkt","8961008220451","450","1"
"17884","Pc","6269226801035","35","1"
"17884","Pc","6269226801028","35","1"
"8740","POUCH","8886950012360","50","1"
"11714","Pc","8886950072296","35","1"
"7633","Pc","8886950072272","50","1"
"17885","Pc","8904238300203","2350","1"
"17886","Pc","6972311564110","320","1"
"17887","Pc","8001090589149","370","1"
"17886","Pc","178862","320","1"
"17888","Pc","8901207024856","670","1"
"17889","Pc","8901207019234","670","1"
"17890","Pc","4987205937019","2550","1"
"17891","Pc","3574661476261","1850","1"
"14930","PATTA","8801619047552","530","1"
"17892","Pkt","5410126006339","690","1"
"17893","Pc","4008400401027","1750","1"
"5067","Pc","87353990","180","1"
"5067","Pc","87108521","180","1"
"5067","Pc","87108408","180","1"
"17894","JAR","7613038713885","2950","1"
"17895","Pc","7622201674069","570","1"
"14342","Pc","6942836720230","390","1"
"17896","Box","8964000596067","230","1"
"1423","Pc","8961008221250","80","1"
"299","Pc","8961008221069","80","1"
"12854","Box","8964002758906","290","1"
"13298","Box","8964000596050","230","1"
"17897","Pc","8964000257876","390","1"
"17898","Pc","8964000258699","260","1"
"17899","Pc","8964000259221","390","1"
"3187","Pc","6914253440961","70","1"
"1248","Pkt","8964003083212","2350","1"
"17900","Pc","6914253435905","100","1"
"17901","Pc","6914253440930","80","1"
"17901","Pc","6914253440923","80","1"
"7103","Pc","8961008221281","80","1"
"17782","Pkt","736211120861","140","1"
"17902","Pkt","736211119865","190","1"
"17903","Pkt","736211117861","200","1"
"17904","Pkt","614614357032","230","1"
"17905","Pkt","614614357247","210","1"
"17476","Pc","8964000798904","40","1"
"17906","Pc","179061","90","1"
"17907","JAR","8964003015275","470","1"
"17908","Pc","7622100918585","600","1"
"17909","Pc","7622100917144","600","1"
"17910","Box","8964000241233","400","1"
"17911","Pc","6260406234650","50","1"
"17912","Pc","6261149044384","50","1"
"17913","Pc","6260812000047","50","1"
"14573","Pc","6260259001423","50","1"
"14573","Pc","0162510025900142","50","1"
"17914","Pc","6260406200662","50","1"
"17915","Pc","0162510916190023","50","1"
"17915","Pc","6269161900305","50","1"
"17917","Pkt","8964001050773","160","1"
"17919","Pc","8961100280872","480","1"
"17920","POUCH","8964000087305","60","1"
"17921","JAR","515000131109","340","1"
"17922","JAR","42631637","340","1"
"2071","BOTTLE","3574669907880","780","1"
"17923","BOTTLE","6910289449145","350","1"
"17924","Pc","6910289461550","295","1"
"1370","BUNDLE","8961014238464","430","1"
"17930","Pc","6971764150154","660","1"
"17931","Pc","179311","415","1"
"17932","Pc","179321","415","1"
"17933","Pc","179331","415","1"
"635","Pkt","8964002527519","100","1"
"832","Pkt","788821018892","280","1"
"2171","Pc","3610400037208","3750","1"
"17934","Pc","179341","80","1"
"804","POUCH","8961014254860","199","1"
"18187","Box","8964002444878","235","1"
"18188","Pc","7702018980819","1090","1"
"18188","Pc","7702018980833","1090","1"
"18188","Pc","7702018457762","1090","1"
"2222","Pkt","8700216021968","2600","1"
"17904","Pkt","614614357445","230","1"
"8240","POUCH","7622201719371","325","1"
"8242","POUCH","7622201719289","325","1"
"18253","Pkt","6001106114855","130","1"
"14841","Pc","8025337347309","1160","1"
"14221","Pc","8025337347316","1160","1"
"14843","Pc","8025337347477","1160","1"
"10395","Pkt","6971123987285","270","1"
"10395","Pkt","6971123987322","270","1"
"10395","Pkt","6971123987056","270","1"
"10395","Pkt","6971123987223","270","1"
"10396","Pkt","6949832800799","190","1"
"17283","Pkt","639277655318","380","1"
"18254","Pkt","182541","180","1"
"18255","Pkt","182551","310","1"
"18256","Pc","182561","570","1"
"18257","Box","8964000786505","175","1"
"18258","Box","8964002797080","145","1"
"18259","Pc","8964002701001","150","1"
"15978","POUCH","8961102508806","50","1"
"2229","POUCH","8961014032147","260","1"
"15030","Pc","8961014253894","910","1"
"1017","POUCH","8961014032123","460","1"
"18261","Box","038000138973","980","1"
"18262","Pkt","182621","1500","1"
"18263","Pc","182631","180","1"
"18264","tube","8025337331162","2230","1"
"18265","Pkt","182651","80","1"
"18267","SACHET","6040562758265","15","1"
"18266","SACHET","6010835793521","15","1"
"18268","SACHET","6020750000376","15","1"
"2912","Pkt","788821017420","265","1"
"18269","Pkt","4015400630791","430","1"
"18270","Pc","8992304047428","890","1"
"1663","Pc","4005808231232","660","1"
"18271","Pc","95010670","170","1"
"18272","Pc","6922683362524","140","1"
"18273","Pc","6927728501289","170","1"
"18274","Pc","8964001500995","100","1"
"18275","Pkt","182751","130","1"
"17056","Box","8964002759392","350","1"
"2824","Pc","8888202054470","690","1"
"2824","Pc","8888202054487","690","1"
"9820","Pc","8719497181230","880","1"
"9820","Pc","8719497181254","880","1"
"9723","Pc","8714100715468","770","1"
"12598","Pc","4792081010004","820","1"
"15271","Box","6295120029435","3250","1"
"18276","Pkt","8852756304053","1830","1"
"18277","Pkt","5000127079502","1825","1"
"17022","Box","5053990168248","980","1"
"18278","POUCH","7622210515285","130","1"
"18278","POUCH","7622210515278","130","1"
"18278","POUCH","7622210695802","130","1"
"18279","Pc","4009900379564","690","1"
"18279","Pc","4009900381352","690","1"
"14152","Box","5000328136370","950","1"
"18280","Box","8886467116636","320","1"
"13045","Pc","8710908881541","1430","1"
"18281","Pc","6923173601178","280","1"
"18281","Pc","182812","280","1"
"18283","Pc","660939479133","50","1"
"727","SACHET","8886950011929","10","1"
"10479","SACHET","8886950011936","50","1"
"17701","POUCH","8886950018232","160","1"
"17702","POUCH","8886950018249","160","1"
"18284","POUCH","8886950037134","465","1"
"16705","Pc","8886950034140","80","1"
"1625","Pc","8886950054193","65","1"
"18285","Pkt","8886950093277","180","1"
"18286","Pc","8886950093222","200","1"
"18287","Pc","8886950093239","200","1"
"18288","SACHET","","20","1"
"18288","CTN","","5760","288"
"18289","SACHET","","20","1"
"18289","CTN","","5760","288"
"18290","SACHET","","20","1"
"18290","CTN","","5760","288"
"18291","SACHET","","20","1"
"18291","CTN","","5760","288"
"8243","POUCH","7622201719319","325","1"
"8505","POUCH","7622201719340","325","1"
"914","JAR","7622201716356","770","1"
"13239","Pc","7622201722814","100","1"
"7302","Pc","7622201722777","100","1"
"13236","Pc","7622201722692","100","1"
"13238","Pc","7622201722739","100","1"
"1066","Box","8964002759729","310","1"
"17035","Box","8964002759880","350","1"
"18293","Pc","896004102013","80","1"
"18294","Pc","896004101016","100","1"
"18295","Pc","896004103010","120","1"
"18296","Pc","896005101015","70","1"
"18297","Pc","896005101022","70","1"
"18298","Pc","896005102012","70","1"
"18299","Pc","896005201012","40","1"
"18300","Pc","896006103018","30","1"
"18301","Pc","896006106019","40","1"
"18302","Pc","896006107016","30","1"
"18303","Pc","896006110016","60","1"
"10799","Box","8964000769881","540","1"
"18304","Pc","046149414452","340","1"
"14524","Pkt","6078458317470","140","1"
"14524","Pkt","607845831211","140","1"
"14524","Pkt","145248","140","1"
"17938","Pkt","36393923","150","1"
"12494","TIN","290000041602","550","1"
"18307","Pc","8964000749302","220","1"
"17328","Pc","6935687655363","950","1"
"18309","BOTTLE","8411356781246","930","1"
"18308","BOTTLE","8411356781253","990","1"
"18310","Pc","8964002706648","100","1"
"18311","Pc","9870123100144","330","1"
"18311","Pc","183112","330","1"
"18312","Pc","7613036669238","410","1"
"18313","Pc","7613287250612","410","1"
"16221","Pc","7622300878962","390","1"
"16221","Pc","7622210708434","390","1"
"18314","Pc","4008400170428","2600","1"
"11867","Pc","6291109270157","720","1"
"8835","Pc","88351","580","1"
"3523","Pc","35231","140","1"
"18564","Box","769503782034","195","1"
"18565","Pc","764460928495","160","1"
"18566","Pc","3600523596096","670","1"
"18566","Pc","3600523596119","670","1"
"18566","Pc","3600523596034","670","1"
"18566","Pc","3600523596126","670","1"
"3281","Pc","8718951286450","680","1"
"18567","Pc","3600523450435","1790","1"
"18568","Pc","6932511215656","480","1"
"14213","Pc","8025337347576","1160","1"
"18569","Pc","4902430752824","590","1"
"18188","Pc","7702018619696","1090","1"
"2825","Pc","6281006595002","590","1"
"2825","Pc","6281006594982","590","1"
"2825","Pc","6281006595040","590","1"
"9709","BOTTLE","8993417402265","680","1"
"9352","Pc","8852008910445","130","1"
"9352","Pc","8852008910421","130","1"
"9352","Pc","8852008940596","130","1"
"9352","Pc","8852008940015","130","1"
"9352","Pc","8852008910414","130","1"
"18570","TIN","7056324929254","380","1"
"18571","Pc","8935001723554","920","1"
"18572","Pc","185721","280","1"
"18573","Pc","185731","350","1"
"18574","Pc","185741","450","1"
"18575","Pc","8050455007194","3080","1"
"15108","JAR","3474636975327","6900","1"
"1207","Pc","8961008221274","80","1"
"14865","Box","8964002444564","235","1"
"24","POUCH","8961103600370","880","1"
"18577","Pc","423735141372","190","1"
"18578","Pc","8569637942463","380","1"
"18579","Pc","423736192243","260","1"
"639","500g","6392","1000","0.5"
"730","CTN","","4650","12"
"4040","CTN","","4650","12"
"4093","Pc","8964002993390","550","1"
"4093","Pc","8964002993451","550","1"
"1751","CTN","","4380","12"
"1752","CTN","","3900","12"
"872","CTN","","4680","12"
"12946","Box","8801116200139","2900","10"
"18318","Pc","5214001596102","300","1"
"18268","SACHET","6020750000307","15","1"
"18319","Box","8964000786529","175","1"
"18320","Box","8961103069795","290","1"
"8296","Pc","8961014032161","210","1"
"16890","Pc","8980621753580","480","1"
"18321","Bag","6952054901557","930","1"
"18321","Bag","6952054901564","930","1"
"18321","Bag","6952054901595","930","1"
"18321","Bag","6952054901571","930","1"
"18321","Bag","6952054901922","930","1"
"18321","Bag","6952054901540","930","1"
"18321","Bag","6952054901588","930","1"
"11387","Pkt","8964000769898","1350","1"
"15786","Pc","6281036564207","460","1"
"15786","Pc","6281036564108","460","1"
"18322","Pc","183221","310","1"
"18323","POUCH","8964000821183","340","1"
"18324","POUCH","8964000821688","250","1"
"936","Pc","6295124000317","720","1"
"936","Pc","6295124016639","720","1"
"18325","Pc","034000239948","350","1"
"18326","Pc","183261","260","1"
"10395","Pkt","6971123987070","270","1"
"18327","Pc","896003301073","240","1"
"18328","Pc","896003301035","240","1"
"1687","POUCH","8961014032116","450","1"
"1279","POUCH","8961014254853","199","1"
"18316","Pc","183161","450","1"
"18329","Pc","896003201038","390","1"
"18330","Pc","896003201021","370","1"
"18331","Pc","896003201083","370","1"
"18332","Pc","896003201014","370","1"
"18333","Pc","896003201069","390","1"
"18334","Tub","896003101086","750","1"
"18335","Tub","896003101079","750","1"
"18336","Tub","896003202028","590","1"
"18337","Tub","896003204015","650","1"
"18338","Tub","896003202011","590","1"
"18339","Tub","896003202103","590","1"
"8813","POUCH","705632492857","560","1"
"165","Pkt","8006540787137","1470","1"
"1929","Pkt","8006540787229","1470","1"
"18341","Pc","8964002548378","120","1"
"18340","Pc","8964002548361","210","1"
"18342","JAR","788821079183","395","1"
"18344","Pc","8991111112091","690","1"
"18343","Pc","8991111112114","690","1"
"235","POUCH","8961014254846","199","1"
"13121","Box","769503783376","230","1"
"13094","Box","725765102300","115","1"
"8239","Pc","7622201718695","2350","1"
"18346","POUCH","8961102504181","50","1"
"18347","POUCH","8961102504167","50","1"
"18348","Pc","8074690006774","2550","1"
"18349","POUCH","8964001529057","30","1"
"11392","Pc","8964002315147","2280","1"
"18350","BOTTLE","6988888421244","490","1"
"18351","TIN","6934663220342","340","1"
"18352","Box","5000218005687","1650","1"
"18353","Pkt","5011053024559","180","1"
"18354","Pc","3116740015536","270","1"
"18355","Pc","8964002393152","290","1"
"18356","Pc","8964000585863","60","1"
"18357","Pc","8964000585771","60","1"
"18358","Pc","8964000585283","60","1"
"8928","Pc","8964002895014","1200","1"
"2777","Pc","27771","425","1"
"18359","Pc","183591","370","1"
"8676","Pc","86761","80","1"
"3650","Pc","36501","660","1"
"18360","Pump","6291018100156","790","1"
"2071","BOTTLE","6907376201120","780","1"
"18362","BOTTLE","8693855007106","360","1"
"18363","BOTTLE","6281100874799","430","1"
"18363","BOTTLE","6281100874812","430","1"
"18363","BOTTLE","6281100874775","430","1"
"18365","Pc","6945449302787","370","1"
"9338","Pc","4005808130078","820","1"
"18366","Pc","8901030786334","570","1"
"18367","Pc","183671","350","1"
"18368","Pc","183681","430","1"
"18369","Pc","183691","960","1"
"18370","Pc","183701","970","1"
"18371","Pc","183711","1190","1"
"7989","Pc","653341107374","240","1"
"10998","POUCH","8961014251937","530","1"
"8099","POUCH","8961014032130","260","1"
"18372","TIN","6954563422417","490","1"
"12153","CRATE","","640","12"
"13873","CRATE","","690","12"
"18268","SACHET","602075000030","15","1"
"18373","Pc","6291107675879","620","1"
"18374","Pc","6295124002168","2820","1"
"18375","Pc","6295124028946","2820","1"
"18376","Pc","6297007845152","690","1"
"18376","Pc","6953433256459","690","1"
"18376","Pc","6297007845138","690","1"
"18377","Pc","6970760630820","720","1"
"18377","Pc","6970760630822","720","1"
"18378","Pc","6906945215704","340","1"
"18379","Pc","4800888223104","620","1"
"11611","Pc","6291110095183","660","1"
"14306","Pc","5060340392352","790","1"
"12757","Pc","6151513633446","2320","1"
"10769","Pc","6973686731688","540","1"
"18380","Pc","2200003562002","2480","1"
"2625","Box","26251","1180","1"
"2638","POUCH","26381","440","1"
"2743","Pc","27431","720","1"
"4741","Pc","47411","1540","1"
"2633","Box","26331","1140","1"
"2707","Pc","6281006527140","430","1"
"18381","Tub","896003202127","650","1"
"18382","Tub","896003204022","650","1"
"18383","Tub","896003202059","590","1"
"18384","Tub","896003204046","650","1"
"18385","Pc","896004103027","120","1"
"18386","Pc","896006105012","40","1"
"18387","Pc","6954944981175","580","1"
"18388","Pc","6954944981212","740","1"
"18389","Pc","6954944981205","690","1"
"18390","Pc","6954944980369","340","1"
"18391","Pc","4892864607855","790","1"
"18392","Pc","4892864707715","760","1"
"18393","Pc","8964001905417","490","1"
"18394","Pc","6954944980093","390","1"
"18396","Pc","6954944981113","580","1"
"18395","Pc","6954944980086","380","1"
"18397","Pc","6955770800845","380","1"
"18399","Pc","6971233881114","415","1"
"18398","Pc","6957090285456","380","1"
"18400","Pc","6957090200398","280","1"
"18401","Pkt","184011","240","1"
"18402","Pc","6954944980383","580","1"
"18403","Pc","8851123349086","780","1"
"1637","CTN","","3900","10"
"18406","Pkt","3570161726431","40","1"
"15606","TIN","5711953145315","860","1"
"18407","Box","5010029000023","1970","1"
"18408","Box","5000127049307","2060","1"
"10183","POUCH","101834","410","1"
"18409","Pc","49437379","30","1"
"18409","Pc","49437362","30","1"
"18410","Pc","6246717265446","760","1"
"14835","Pc","3600523232796","1380","1"
"1140","Pkt","8964003083175","2350","1"
"18414","Pkt","184141","60","1"
"18415","Pkt","184151","70","1"
"693","CTN","","2400","5"
"18416","Box","8961103060716","175","1"
"18418","Box","8961103060631","175","1"
"18419","Pkt","8964000825068","250","1"
"1535","Pc","osaka","60","1"
"18420","Pc","8964002548705","260","1"
"2631","Box","26311","2640","1"
"4742","Pc","47421","1020","1"
"2673","Pc","26731","530","1"
"2627","Box","26271","2130","1"
"2635","Pc","26351","2390","1"
"17053","Pkt","8961102508387","250","1"
"18422","Pc","184221","720","1"
"14648","Box","8992741963411","3360","24"
"18423","Pc","8992741950213","160","1"
"18424","Box","8992741986021","2520","24"
"18424","Pc","8992741904520","110","1"
"18425","POUCH","6924565910083","290","1"
"18426","BOTTLE","3068320063003","350","1"
"14306","Pc","5060340398132","790","1"
"18427","Pc","184271","190","1"
"18429","Tub","896003202165","650","1"
"18428","Pc","896003201168","400","1"
"18430","Tub","896003204039","550","1"
"18431","Pump","070501017104","950","1"
"9781","Pump","3574660569759","1980","1"
"9781","Pump","3574661333564","1980","1"
"18432","Pc","4902430272933","320","1"
"18433","Pc","4902430255684","320","1"
"7291","BOTTLE","764256225012","150","1"
"7291","BOTTLE","9852485471414","150","1"
"18434","BOTTLE","9300617716754","120","1"
"2255","Pkt","8964003083205","2350","1"
"18411","Pc","3354259846641","2680","1"
"18412","Pc","6916790269487","640","1"
"18413","Pc","6916790269517","640","1"
"18435","POUCH","0769503784786","50","1"
"18437","Box","8961100284368","230","1"
"18436","Box","8961100282616","115","1"
"18438","Box","769503781808","235","1"
"18439","POUCH","8961102504150","50","1"
"16329","Pc","8961008220703","1460","1"
"804","POUCH","8961014254839","199","1"
"7810","Pc","8961014254693","860","1"
"15029","Pc","8961014253856","465","1"
"7784","Pc","8961014253900","910","1"
"18440","BUNDLE","8961101234188","530","1"
"18441","Pkt","8964001086055","350","1"
"18442","BOTTLE","8964000057452","400","1"
"18443","Pc","896003301080","240","1"
"18444","Pc","8993560026813","580","1"
"18444","Pc","8888071610012","580","1"
"18444","Pc","9556111621043","580","1"
"18444","Pc","8993560026080","580","1"
"18444","Pc","9556111621517","580","1"
"7291","BOTTLE","0764256225012","150","1"
"18445","Pc","5507862013599","50","1"
"11867","Pc","6291109270201","720","1"
"11867","Pc","6291109270089","720","1"
"1821","Pc","18211","530","1"
"4067","Pkt","40672","490","1"
"18038","POUCH","8723400793182","780","1"
"17454","POUCH","8901393026139","270","1"
"867","Pkt","633152004727","125","1"
"18446","Pc","8964000844335","430","1"
"7648","Pc","8964002347360","60","1"
"18448","Pc","184481","340","1"
"4082","Pkt","40821","320","1"
"4781","Pc","47811","170","1"
"3163","Box","31631","370","1"
"18449","Pkt","8964000074725","630","1"
"18450","Pkt","8964000074732","630","1"
"17763","Pc","671866277549","30","1"
"727","SACHET","8886950011943","10","1"
"9392","SACHET","8886950011219","20","1"
"10479","SACHET","8886950011967","50","1"
"18452","Box","5000159434249","770","1"
"18453","Pc","6281048105580","630","1"
"18454","POUCH","7702018071579","1980","1"
"18455","Pc","8901023017131","530","1"
"18460","BOTTLE","079400637635","2430","1"
"18459","BOTTLE","079400523754","2430","1"
"18458","BOTTLE","079400523761","2430","1"
"18457","BOTTLE","079400646798","2430","1"
"18456","BOTTLE","079400459473","2430","1"
"18461","Pc","42277798","280","1"
"18170","Pc","5949040100446","430","1"
"3548","Pc","6001087005630","940","1"
"13504","Box","6224510060116","180","1"
"18463","Pc","184631","280","1"
"14914","JAR","8961014255829","245","1"
"4976","Pc","8961014255140","150","1"
"4979","Pc","8961014255133","150","1"
"14237","Pc","8025337347286","1160","1"
"13241","JAR","7622201716387","730","1"
"17272","Pc","6972919088094","130","1"
"3588","Box","769503781396","170","1"
"3587","Box","769503781464","170","1"
"13137","Box","769503782072","235","1"
"7106","Pc","8961101373108","500","1"
"18465","JAR","6972102830769","1180","1"
"18466","Pc","184661","425","1"
"18467","Pc","2831531754012","480","1"
"18468","Pc","184681","480","1"
"13012","Pc","2631531754018","1080","1"
"7989","Pc","653341107671","240","1"
"18469","Pc","184691","580","1"
"18470","Pc","184701","620","1"
"2649","Pc","26491","260","1"
"2651","Pc","26511","540","1"
"4083","Pkt","40831","320","1"
"4083","Pkt","6951572918467","320","1"
"4084","Box","6951572914544","660","1"
"4084","Box","40842","660","1"
"4979","Pc","8961014268348","150","1"
"18471","Tub","896003101055","850","1"
"2686","Pc","26861","260","1"
"4086","Box","40861","890","1"
"18472","Pc","184721","630","1"
"18473","Pc","184731","590","1"
"4780","Pc","6920269742135","180","1"
"4780","Pc","47804","180","1"
"5424","Pc","6920269737698","240","1"
"5424","Pc","54242","240","1"
"5612","Pc","6937903921696","270","1"
"5612","Pc","6937903921214","270","1"
"5612","Pc","6937903915800","270","1"
"5612","Pc","56124","270","1"
"9695","Pc","3044354933116","160","1"
"18474","Pc","8964002648313","430","1"
"18475","Pc","896003201076","370","1"
"18476","BOTTLE","2022060113337","40","1"
"18476","CRATE","","420","12"
"8740","POUCH","8886950012391","50","1"
"18477","POUCH","8961102504143","50","1"
"2929","Pc","8961014254631","510","1"
"16776","CTN","","2280","12"
"18478","POUCH","9506000014500","1130","1"
"18479","POUCH","671866149907","210","1"
"13824","Pc","8682560991152","600","1"
"18484","BOTTLE","3068320084602","1370","1"
"18485","Pc","3094900059807","370","1"
"8173","Pc","8720182211002","1530","1"
"18486","Pump","8851123375696","1430","1"
"6702","Pc","3571700292264","350","1"
"18487","Pc","037600110723","1595","1"
"18487","Pc","037600110754","1595","1"
"7857","Pump","3574669907392","1830","1"
"18488","Pump","079400542502","2150","1"
"18488","Pump","079400542496","2150","1"
"201","Pc","8886950052250","70","1"
"15391","Pc","8964003225063","240","1"
"18489","Pc","CGVCFSK000704","230","1"
"18489","Pc","CGCFK00002452","230","1"
"14302","Pc","8961101373160","90","1"
"18490","Pkt","8961006020114","940","1"
"18491","Pc","8016825929022","790","1"
"18492","Pc","6971764153346","560","1"
"18492","Pc","6971764152530","560","1"
"18492","Pc","6971764153308","560","1"
"2825","Pc","6281006595064","590","1"
"18493","Pkt","5060390458244","490","1"
"18493","Pkt","5060390458237","490","1"
"18493","Pkt","5060390458213","490","1"
"18493","Pkt","5060390458251","490","1"
"18493","Pkt","5060390458220","490","1"
"18493","Pkt","5060390458268","490","1"
"13374","TIN","8858871801002","340","1"
"2223","Pkt","8700216021913","2600","1"
"17552","Pkt","8700216021647","2600","1"
"2409","Pkt","8700216021739","2600","1"
"18496","Pc","8961100095056","215","1"
"18498","Pc","8961100099177","215","1"
"18497","Pc","8961100099184","215","1"
"18499","Pc","3610340668487","1920","1"
"18500","Pc","8964002894833","85","1"
"18501","Pc","8964002894826","75","1"
"2521","Pc","25211","140","1"
"18502","Pc","0735816607241","340","1"
"18503","Pc","6165858300253","1360","1"
"18504","Pc","671866149952","120","1"
"18505","Box","671866278584","235","1"
"8588","Box","8964002444977","235","1"
"8125","Box","8964002444120","235","1"
"12226","Box","8964003377625","235","1"
"18508","Pc","8902433003967","350","1"
"18507","Pc","8902433005824","350","1"
"18506","Pc","8902433005145","350","1"
"18509","Pc","80788751","40","1"
"18510","JAR","8990800011554","3700","200"
"18510","Pc","185102","20","1"
"1035","Pkt","8961008221168","2650","1"
"1474","POUCH","7622201706586","145","1"
"18511","BOTTLE","1860201136811","50","1"
"18511","CRATE","","540","12"
"18512","Pc","8992388144013","180","1"
"15420","BOTTLE","8850389106273","380","1"
"2082","Pc","8935212807562","580","1"
"18513","JAR","8850086191435","1850","1"
"18514","JAR","5000231039508","570","1"
"15928","Pc","4987176102263","630","1"
"2363","Pc","8999999003401","760","1"
"18515","Box","8964003378325","350","1"
"984","Pkt","8700216021685","2600","1"
"2224","Pkt","8700216021937","2600","1"
"18516","Pc","8964000596814","190","1"
"9426","Pc","8964002347353","40","1"
"17762","Pc","8964002347278","40","1"
"227","Pkt","8961008221151","1110","1"
"16207","Pkt","8980621753405","1230","1"
"9763","Pc","4800888221889","940","1"
"9763","Pc","4800888222756","940","1"
"9763","Pc","4800888221902","940","1"
"9763","Pc","4800888222787","940","1"
"9763","Pc","4800888222794","940","1"
"9763","Pc","4800888221919","940","1"
"18521","Pc","6945449302664","130","1"
"9729","BOTTLE","6221155132284","1160","1"
"9729","BOTTLE","6221155132338","1160","1"
"9729","BOTTLE","6221155132321","1160","1"
"18509","Pc","80768029","40","1"
"18509","Pc","80801320","40","1"
"18522","Pc","8997212800677","480","1"
"9214","POUCH","6876351702009","290","1"
"18523","Pc","50312719","450","1"
"14946","BOTTLE","8859128602007","430","1"
"14946","BOTTLE","8859128602205","430","1"
"14946","BOTTLE","8859128602304","430","1"
"14946","BOTTLE","8859128602106","430","1"
"17268","BUNDLE","8886950039299","330","1"
"16407","Pc","164072","325","1"
"2825","Pc","6281006594968","590","1"
"11091","Pc","6954842275628","160","1"
"11091","Pc","6954842275178","160","1"
"18525","Pc","185251","220","1"
"18526","Pc","185261","230","1"
"18528","Box","185281","780","1"
"18529","BOTTLE","","1300","1"
"5024","Pc","6255236458963","260","1"
"18530","BOTTLE","603051173824","100","1"
"1663","Pc","4005808837540","660","1"
"1663","Pc","4005808230518","660","1"
"1663","Pc","4005808837472","660","1"
"1663","Pc","4005808239276","660","1"
"1663","Pc","4005808301843","660","1"
"1663","Pc","4005808519590","660","1"
"18531","tube","7506306244054","1615","1"
"2067","Pc","4005900511461","1520","1"
"2067","Pc","4005808817603","1520","1"
"18532","Pc","012044038918","1570","1"
"18532","Pc","012044038840","1570","1"
"18533","Pkt","4902430540872","1590","1"
"9589","Pc","95892","140","1"
"991","Pc","8961008221243","80","1"
"8310","Pc","8961008223476","80","1"
"18534","TIN","8002470032460","5660","1"
"18535","TIN","185351","620","1"
"12400","Pkt","36399895","110","1"
"17465","Pc","8886950073583","425","1"
"18537","Box","769503780696","115","1"
"18538","Pc","769503780634","230","1"
"18559","Pc","6281006466296","1130","1"
"18560","Pump","5000209100513","830","1"
"18560","Pump","5000209101527","830","1"
"18561","Pc","4005900835659","1780","1"
"18561","Pc","4005900835680","1780","1"
"13579","Box","815096005415","380","1"
"18562","JAR","8961005050037","490","1"
"1935","Box","8964002758333","210","1"
"18563","Pkt","185631","340","1"
"18580","Pkt","4980501002702","90","1"
"18581","Pc","8964003576028","530","1"
"18582","Pc","8964003576042","530","1"
"18583","Pc","8964003576035","530","1"
"18584","Pc","8964003576004","340","1"
"18585","Box","8964000064412","230","1"
"18586","Pc","8964002902019","100","1"
"7144","Pc","8964000750834","240","1"
"7144","Pc","8964000750704","240","1"
"7144","Pc","8964000750681","240","1"
"7144","Pc","8964000750698","240","1"
"18587","Pc","2879398721730","960","1"
"18588","Pc","6165858300260","990","1"
"18589","Pc","7378274910251","1580","1"
"18590","Pc","6274230224879","1390","1"
"4978","Pc","8961014255096","120","1"
"7794","Pc","8961014254648","510","1"
"418","BOTTLE","309972829009","990","1"
"18591","Pc","9310379275017","1800","1"
"18593","Pc","185931","280","1"
"18594","Pc","185941","370","1"
"18595","Pkt","185951","360","1"
"18596","Pkt","185961","230","1"
"18597","Pc","6926676862671","140","1"
"18319","Box","8961103060709","175","1"
"18257","Box","8961103060617","175","1"
"18524","Pkt","5643679429250","260","1"
"3060","Pc","8961014255652","530","1"
"7813","BOTTLE","8961014254679","860","1"
"7814","BOTTLE","8961014254686","860","1"
"2164","BOTTLE","8961014254709","860","1"
"3809","Pc","736211116963","40","1"
"18539","Pc","6009679062948","95","1"
"8151","Box","8964002759576","230","1"
"18540","Pc","8964002347377","60","1"
"18541","Pc","8964000046968","240","1"
"18542","Pc","7344764644739","330","1"
"18543","Pc","8486642230272","1360","1"
"395","CTN","","3660","12"
"7291","CRATE","","3400","24"
"3949","Pkt","8964001269007","220","10"
"14310","Pc","3574660483116","330","1"
"6157","Pc","6682838966655","50","1"
"18544","Pc","185441","130","1"
"18545","Pc","185451","150","1"
"18546","Pc","185461","70","1"
"18547","Pc","185471","180","1"
"18548","Pkt","185481","320","1"
"18549","Pc","185491","60","1"
"18550","Pc","3285481683110","380","1"
"18551","Pc","185511","280","1"
"7034","Pc","70342","290","1"
"18552","Pc","185521","120","1"
"18553","Pc","185531","70","1"
"18554","Pc","185541","230","1"
"2636","Box","26361","3140","1"
"2637","Box","26371","1880","1"
"2652","Box","26521","870","1"
"2653","Box","26531","1320","1"
"2659","Box","26591","1760","1"
"2661","Box","26611","1530","1"
"2668","Box","26681","2070","1"
"2671","Box","26711","2140","1"
"2672","Pc","26721","940","1"
"3256","Box","32561","1330","1"
"6355","Box","63551","870","1"
"18555","Pkt","185551","620","1"
"2676","Pkt","26761","1870","1"
"2674","Box","26741","1130","1"
"2679","Box","26791","1930","1"
"2681","Box","26811","1820","1"
"2684","Box","26841","1930","1"
"18556","Pkt","749921062475","2140","1"
"18558","Pc","185581","110","1"
"18558","Box","8888077109527","3050","30"
"2741","Pc","27411","740","1"
"18598","Pc","185981","120","1"
"18599","Pc","185991","180","1"
"18601","Pc","186011","230","1"
"18600","Pc","186001","450","1"
"18606","Pkt","6281014440073","180","1"
"18607","Pc","186071","880","1"
"18608","Pc","186081","990","1"
"4624","Pc","46241","1290","1"
"2970","Box","29701","5340","1"
"6339","Box","63391","2090","1"
"2215","Pc","7622202020131","10","1"
"2215","Box","7622202020124","350","36"
"4709","Pc","8961100473953","35","1"
"18622","POUCH","8964002862405","160","1"
"18622","POUCH","8964002582891","160","1"
"18623","Pc","8964001436416","20","1"
"2807","POUCH","620514019154","390","1"
"770","POUCH","620514019161","390","1"
"18624","Box","5059319024196","2780","1"
"18625","Box","186251","250","1"
"16766","Pc","6934985787271","160","1"
"15271","Box","5059001000316","3250","1"
"15271","Box","5011417573990","3250","1"
"15271","Box","5059001010063","3250","1"
"15271","Box","5900627073133","3250","1"
"15271","Box","5059001002525","3250","1"
"15271","Box","5059001010070","3250","1"
"15271","Box","5011417567531","3250","1"
"18621","Pc","6446374347862","50","1"
"18626","JAR","4897066835228","350","1"
"14217","pc","8025337346999","1160","1"
"18310","CTN","","2280","24"
"10651","POUCH","8961014260656","10","1"
"15161","Pc","8886950072265","30","1"
"18627","BOTTLE","8964002619214","570","1"
"18628","TIN","712179675476","2950","1"
"4860","Pc","8886467071010","170","1"
"18629","Pkt","5053827191753","1820","1"
"18630","POUCH","8964000717417","340","1"
"18631","Box","8964000769652","2130","1"
"18632","Pc","8719281039853","1550","1"
"7809","Pc","8961014254655","510","1"
"18633","Pc","2367342656837","240","1"
"4975","Pc","8961014255102","120","1"
"18634","SACHET","6060472856288","15","1"
"18609","Pc","5214001596133","250","1"
"18610","Box","6253341407821","150","1"
"18613","SACHET","8964000241059","30","1"
"18614","Box","8964001086048","310","1"
"11091","Pc","6954842275208","160","1"
"18136","Pc","6941946152313","690","1"
"18617","Pc","186171","290","1"
"9392","SACHET","8886950011950","20","1"
"18586","Pc","8964002902002","100","1"
"18618","Pc","6423116321328","30","1"
"18619","Pc","6446371132850","50","1"
"18620","Pc","6446374180452","50","1"
"18621","Pc","6446370711650","50","1"
"18621","Pc","6446374403810","50","1"
"18621","Pc","6446373946530","50","1"
"4484","Pkt","8961008221199","2350","1"
"18314","Pc","183142","2600","1"
"18622","POUCH","8964002582938","160","1"
"18622","POUCH","8964002862429","160","1"
"18622","POUCH","8964002582921","160","1"
"18622","POUCH","8964002582907","160","1"
"18622","POUCH","8964002582914","160","1"
"1540","Pkt","695240210137","190","10"
"18635","Pkt","36391134","60","1"
"18464","Pkt","8964003102180","220","1"
"13824","Pc","8682257126652","600","1"
"18873","Box","769503782133","235","1"
"13824","Pc","8682560990636","600","1"
"7676","Pc","8961008221144","450","1"
"15271","Box","6295120003794","3250","1"
"18636","POUCH","8964000611111","1580","1"
"18637","POUCH","8964000611043","770","1"
"385","Pc","8901030623769","430","1"
"18639","Box","8964000938331","115","1"
"18640","Bag","186401","680","1"
"6702","Pc","676979100951","350","1"
"18641","BOTTLE","8964000024980","485","1"
"18642","Pkt","8961008219899","630","1"
"18644","Pc","4005808813698","910","1"
"1663","Pc","4005900731319","660","1"
"18645","Pc","4005900713353","630","1"
"17516","Pc","6291107674377","280","1"
"17516","Pc","6291107674445","280","1"
"17516","Pc","6291107674407","280","1"
"18646","Pkt","8904340720012","590","1"
"18647","JAR","6954410501838","1180","1"
"18171","Pc","6805699958120","440","1"
"18648","Pc","3574661498430","1380","1"
"18649","Pc","9502930974976","440","1"
"18649","Pc","6805699955006","440","1"
"18532","Pc","037000733959","1570","1"
"18532","Pc","012044000243","1570","1"
"18532","Pc","012044000236","1570","1"
"18532","Pc","012044011133","1570","1"
"18532","Pc","012044045763","1570","1"
"18650","JAR","7891000315507","1620","1"
"18651","TIN","5449000062611","280","1"
"2685","Box","26851","490","1"
"2738","Pc","27381","780","1"
"2742","Box","27421","2120","1"
"3172","Pc","31721","890","1"
"5494","Box","54941","4880","1"
"18652","Pkt","186521","485","1"
"18653","Pkt","186531","460","1"
"18654","Pkt","186541","570","1"
"18655","Pkt","186551","710","1"
"18656","Pc","186561","230","1"
"18369","Pc","6936380625233","960","1"
"15267","Pc","8904125496927","585","1"
"7089","Pc","70892","480","1"
"18657","Pc","6936380625639","980","1"
"18657","Pc","186572","980","1"
"18658","Pc","6971764150116","670","1"
"18532","Pc","012044048207","1570","1"
"3542","Pc","8961014260625","50","1"
"15027","Pc","8961014253887","835","1"
"18586","Pc","8964002902026","100","1"
"18621","Box","","290","6"
"17745","Pc","8901030732423","280","1"
"18659","Pkt","186591","295","1"
"15539","JAR","3433649817635","250","1"
"15539","JAR","3433649608745","250","1"
"15539","JAR","3433649382287","250","1"
"15539","JAR","3433649373384","250","1"
"15990","JAR","8314569415680","360","1"
"676","Pc","8964000833353","440","1"
"218","POUCH","8886950013794","50","1"
"8824","POUCH","8964000241608","40","1"
"8824","POUCH","8964000241189","40","1"
"18660","Pc","8964003576011","340","1"
"296","Pc","8961008221052","400","1"
"18661","Pkt","8964001048381","2400","1"
"17589","CRATE","","480","6"
"18571","Pc","8935001724414","920","1"
"15606","TIN","5711953154157","860","1"
"18663","Pc","8902433003431","590","1"
"18663","Pc","8906002488490","590","1"
"18664","Pc","89007877","170","1"
"18665","Pc","5060340398255","860","1"
"18665","Pc","5060340398316","860","1"
"18665","Pc","5060340398279","860","1"
"18665","Pc","5060340398293","860","1"
"12653","Pc","6291108735190","690","1"
"18666","Pc","4800888223111","620","1"
"12926","Pkt","36391813","130","1"
"16998","Pkt","36393893","100","1"
"9024","Box","8961102504631","235","1"
"1929","Pkt","8700216021623","1470","1"
"18667","Pkt","8700216381987","2600","1"
"2225","Pkt","8700216021807","1470","1"
"2410","Pkt","8700216021869","1530","1"
"18668","POUCH","8964000825884","280","1"
"5928","POUCH","8964000825938","280","1"
"18669","Pkt","8961000025252","30","1"
"18673","Pc","6945449301704","590","1"
"18673","Pc","186732","590","1"
"4352","Box","43521","230","1"
"4711","Pkt","8963920320271","170","1"
"4712","Pkt","742761776939","100","1"
"16170","Pc","161702","260","1"
"18674","POUCH","8851932342865","1160","1"
"18674","POUCH","8851932342858","1160","1"
"18674","POUCH","8851932342889","1160","1"
"18675","Pc","PL159871-200-999-L","690","1"
"18675","Pc","PL159865-200-999-L","690","1"
"17303","Pc","5060415523322","485","1"
"9138","SACHET","8961014261295","20","1"
"7786","Pc","8961014253870","540","1"
"15840","Box","7622202018343","1160","24"
"15840","Pc","7622202018350","50","1"
"17969","Pc","7622202018510","220","1"
"18675","Pc","PL159875-200-999-L","690","1"
"18512","Pc","8992388111138","180","1"
"10198","Box","5000159503273","10000","40"
"14776","JAR","8314569641874","170","1"
"18678","Pc","8961100022991","140","1"
"10481","SACHET","8886950013817","10","1"
"5234","CRATE","","11760","24"
"5358","Pc","53581","60","1"
"18679","Pc","6165856399396","840","1"
"4179","Pc","41791","280","1"
"17377","Pc","80916499","790","1"
"17377","Pc","80892564","790","1"
"17377","Pc","80864233","790","1"
"10187","Pc","8000500367599","100","1"
"18681","Pc","8936114080084","790","1"
"18682","Pc","8936114080558","790","1"
"18682","Pc","8936114080022","790","1"
"18683","Pc","8935001712220","260","1"
"18362","BOTTLE","8693855006659","360","1"
"18362","BOTTLE","8693855000619","360","1"
"18362","BOTTLE","8693855006413","360","1"
"18362","BOTTLE","8693855006628","360","1"
"18362","BOTTLE","8693855000640","360","1"
"18362","BOTTLE","8693855006444","360","1"
"18684","Pc","6951420900033","210","1"
"18684","Pc","6951420900132","210","1"
"18685","Pc","6950869691311","1050","1"
"18686","JAR","3474636975396","10425","1"
"16902","Pc","6291106716603","180","1"
"18687","Pc","8964000900185","230","1"
"12653","Pc","6291107450957","690","1"
"12653","Pc","6291107454382","690","1"
"12653","Pc","6291106067408","690","1"
"12653","Pc","6246756782430","690","1"
"12653","Pc","6824637104337","690","1"
"12653","Pc","6158506068612","690","1"
"12653","Pc","6158506068698","690","1"
"12653","Pc","6225646836088","690","1"
"12653","Pc","6277540606151","690","1"
"12653","Pc","6435648516035","690","1"
"12653","Pc","6158506068629","690","1"
"12653","Pc","6221106481973","690","1"
"12653","Pc","6277540606137","690","1"
"12653","Pc","6824637104320","690","1"
"12653","Pc","6824637104313","690","1"
"12653","Pc","6158506068681","690","1"
"12653","Pc","6158506068674","690","1"
"12653","Pc","6221106481966","690","1"
"12653","Pc","6435648516011","690","1"
"12653","Pc","6266515361706","690","1"
"11607","Pc","","680","1"
"2446","Pkt","8700216021777","1530","1"
"14608","Pc","8980621754013","370","1"
"18690","Pc","186901","390","1"
"18691","Pc","186911","340","1"
"18692","Pc","186921","280","1"
"18693","Pc","8851932404204","720","1"
"18618","Box","","230","8"
"18619","Box","","290","6"
"18620","Box","","290","6"
"18694","Pc","8961132311223","220","1"
"2295","Pc","8712561133647","695","1"
"9338","Pc","4005808130115","820","1"
"2825","Pc","6281006595026","590","1"
"8337","Pc","8710447495704","1250","1"
"8337","Pc","6281006409842","1250","1"
"8337","Pc","8710447495643","1250","1"
"18695","BOTTLE","745114107442","220","1"
"18695","BOTTLE","7451141089790","220","1"
"18695","BOTTLE","745114134462","220","1"
"19081","Pc","788821018717","108","1"
"14095","Pc","8961102814150","590","1"
"1128","BOTTLE","6291106716191","290","1"
"1128","BOTTLE","6291106716221","290","1"
"1128","BOTTLE","6291106716238","290","1"
"18708","BOTTLE","899916000347","230","1"
"18709","BOTTLE","899916000392","230","1"
"7493","Box","74931","690","1"
"6260","Box","62601","490","1"
"18710","Pc","187101","380","1"
"2538","Box","25381","380","1"
"9135","Box","91351","440","1"
"18711","Pkt","187111","390","1"
"3522","Pc","35221","340","1"
"3633","Pc","36331","390","1"
"3634","Pc","36341","280","1"
"9788","BOTTLE","5059001009951","1180","1"
"3772","Pc","37721","390","1"
"5277","Pc","52771","390","1"
"5698","Pc","56981","415","1"
"3644","Box","36441","590","1"
"18712","TIN","7137571753332","580","1"
"223","Pkt","8961008220307","450","1"
"18713","Pc","6281015350616","695","1"
"13246","Pkt","8961102860010","380","1"
"936","Pc","6295124004780","720","1"
"936","Pc","6295124032240","720","1"
"18714","Pc","187141","120","1"
"18715","Pc","187151","120","1"
"18716","Pc","187161","190","1"
"18718","Pc","187181","7800","1"
"10472","Box","6999541206344","750","10"
"18719","Pc","8001673522235","810","1"
"18720","Pc","8356052184987","430","1"
"18746","Box","8961103069788","290","1"
"18747","Pc","8964000074534","120","1"
"18748","Pc","8964000074541","120","1"
"10480","SACHET","8886950012384","10","1"
"18751","SACHET","8886950013787","99","1"
"2297","Pc","4005900088796","1360","1"
"9729","BOTTLE","6221155132314","1160","1"
"10185","JAR","8935001727361","1800","50"
"18752","Pc","6165858300048","840","1"
"12535","Box","7622202018466","3000","24"
"12535","Pc","7622202018473","130","1"
"18753","Pc","8990800024059","70","1"
"18753","Pc","8990800024042","70","1"
"3187","Pc","6927262800794","70","1"
"18754","Pc","187541","220","1"
"6910","Pc","010900111584","290","1"
"18755","Pc","815096000120","215","1"
"18756","Pc","792625892510","280","1"
"18757","Pc","792625892565","390","1"
"18758","Box","792625892800","490","1"
"18759","Box","792625892817","490","1"
"18760","Box","792625892824","490","1"
"18761","Pc","792625892664","390","1"
"18762","Pc","792625892671","390","1"
"18763","Pc","792625892688","390","1"
"18764","Pc","9555192506485","740","1"
"18764","Pc","9555192506416","740","1"
"18765","Pkt","5053827142427","2580","1"
"18768","Pkt","5059319003931","2490","1"
"18792","TIN","7137571710380","315","1"
"18793","POUCH","8964000241936","540","1"
"10450","Pc","6953567985218","1980","1"
"18794","Pc","187941","945","1"
"4095","JAR","7622201766177","1250","1"
"4096","JAR","7622201766054","2120","1"
"3545","Pc","8999999008840","1530","1"
"18795","Pc","6223002050055","640","1"
"4356","Pc","43561","1490","1"
"18796","Pc","187961","1230","1"
"18797","Pkt","187971","245","1"
"18781","Pc","8433982016981","1760","1"
"18798","Pc","187981","375","1"
"18799","Box","187991","1345","1"
"9815","POUCH","98152","260","1"
"18800","Pc","188001","330","1"
"18801","Pc","188011","735","1"
"18802","Pc","8069852235697","750","1"
"18803","Pc","8001673102482","160","1"
"18804","Pc","188041","160","1"
"13824","Pc","8682257124511","600","1"
"3480","Box","34801","660","1"
"4509","Box","45091","780","1"
"18808","Box","8964000064672","340","1"
"18809","Pc","8964000258392","270","1"
"18810","Pc","6423116321410","20","1"
"18811","Pc","6446374509604","50","1"
"18811","Pc","6446374561602","50","1"
"18812","Pc","188121","630","1"
"18813","BOTTLE","764256225029","180","1"
"18813","BOTTLE","764256225043","180","1"
"18813","BOTTLE","764256225098","180","1"
"18813","BOTTLE","764256225036","180","1"
"18813","BOTTLE","764256225326","180","1"
"10191","BOTTLE","8850135557885","390","1"
"1915","Box","8964002526444","310","1"
"121","Box","8964002526512","315","1"
"292","Box","8964002527281","315","1"
"973","Box","8964002526727","310","1"
"979","Box","8964002527328","315","1"
"17073","Box","8964002526697","350","1"
"11091","Pc","6954842275161","160","1"
"11091","Pc","6954842276533","160","1"
"18813","BOTTLE","764256225210","180","1"
"18814","BOTTLE","8961100504510","1720","1"
"18815","Can","8961100504596","2740","1"
"18816","Pc","4084500789869","1270","1"
"18817","Pkt","7702018468492","1920","1"
"18818","Pc","8999999586713","460","1"
"18816","Pc","4084500789715","1270","1"
"15522","Box","655222644589","220","12"
"16693","Pc","6974184075014","130","1"
"18819","Pc","6953186100016","290","1"
"18819","Pc","188192","290","1"
"18820","Pc","188201","190","1"
"13824","Pc","8682257128229","600","1"
"12925","Pkt","36391615","90","1"
"13902","Box","8964002526062","235","1"
"14867","Box","8964002526048","310","1"
"17124","Box","8964002526369","350","1"
"1452","Box","8964002526383","315","1"
"124","Box","8964002527304","310","1"
"17074","Box","8964002526772","350","1"
"734","Box","8964002526796","315","1"
"1454","Box","8964002526550","355","1"
"120","Box","8964002526536","235","1"
"17047","Box","8964002526024","350","1"
"9202","Box","8964002526116","310","1"
"18533","Pkt","4987176138668","1590","1"
"18909","Pkt","4987176077776","1530","1"
"18860","POUCH","8964001644644","990","1"
"18862","POUCH","8964001644149","510","1"
"18865","POUCH","8964000068526","1380","1"
"18866","POUCH","8964000068281","970","1"
"18867","POUCH","8964000068274","270","1"
"18868","POUCH","8964000753866","1030","1"
"18869","Box","8964000068342","1390","1"
"18870","Box","8964000068397","1290","1"
"18871","Box","8964000068403","535","1"
"18910","Pc","189101","670","1"
"18910","Pc","8964002546435","670","1"
"4935","Pc","49351","280","1"
"18911","Box","8964000068359","520","1"
"18912","POUCH","8964001644163","545","1"
"18913","Pc","3014260795085","180","1"
"335","Pc","8991111111964","290","1"
"18914","Pc","8991111112466","760","1"
"18915","Pc","8886950027494","70","1"
"1689","Box","8964002526208","315","1"
"125","Box","8964002527243","315","1"
"635","Pkt","8964002526628","100","1"
"690","Box","8964002526659","80","1"
"18916","Box","8964002526741","230","1"
"18917","Box","8964002526932","230","1"
"10574","Box","8964002527021","210","1"
"1843","Pc","8961014255126","120","1"
"901","Pc","8961014255119","120","1"
"18698","Pc","8964000146064","30","1"
"18699","TIN","831564009983","1850","1"
"9774","Pkt","924565966882","190","1"
"18700","Pc","8961102110528","300","1"
"18701","Pc","8961102110580","160","1"
"18702","Pc","8904238300197","2350","1"
"18703","POUCH","8961014248630","500","1"
"4974","Pc","8961014255164","150","1"
"18704","BOTTLE","8961014252590","170","1"
"18705","Box","8961014032352","280","1"
"679","Pc","8961014032383","280","1"
"9392","SACHET","8886950011981","20","1"
"10479","SACHET","8886950011998","50","1"
"194","Pc","8886950051437","320","1"
"18706","Pc","8961005617360","20","1"
"18706","Box","8961005996663","460","24"
"7175","Pc","71751","2200","1"
"12012","Pc","5060453450826","640","1"
"14095","Pc","8961102814143","590","1"
"14095","Pc","8961102814136","590","1"
"14095","Pc","8961102814129","590","1"
"14095","Pc","8961102814167","590","1"
"18721","Pc","1552022805006","560","1"
"18722","Pc","1562022806002","560","1"
"18724","Pc","8001673522280","430","1"
"7799","Pc","8961014254662","510","1"
"18725","Pc","187251","630","1"
"18726","Pc","8999999007027","820","1"
"18727","Pc","8999999007041","820","1"
"18728","Pc","5011321868403","870","1"
"18729","SACHET","8801619047910","450","1"
"18729","SACHET","8801619047866","450","1"
"18729","SACHET","8801619047859","450","1"
"18729","SACHET","8801619047873","450","1"
"18730","Pc","3751594718860","1980","1"
"11526","Pc","9787514578171","30","1"
"620","Pkt","8961008220468","450","1"
"18731","Box","769503781440","170","1"
"18733","Pc","6971855327939","185","1"
"18733","Pc","6971855325706","185","1"
"18733","Pc","6971855327922","185","1"
"18733","Pc","6971855327908","185","1"
"18734","SACHET","CGHFBCS0456560","70","1"
"18736","SACHET","8700216137737","99","1"
"165","Pkt","8700216021517","1470","1"
"986","Pkt","8700216021548","1470","1"
"18737","Pc","8964000585115","30","1"
"2297","Pc","4005808246878","1360","1"
"2297","Pc","4005900123947","1360","1"
"18738","Box","5010029230284","1830","1"
"18739","Pc","187391","230","1"
"9108","Box","8961102504624","235","1"
"18740","Pkt","3574660531497","590","1"
"503","Pc","8717163640821","770","1"
"503","Pc","8712561249393","770","1"
"18741","Pc","3574661422145","870","1"
"18743","Pc","187431","280","1"
"18744","Pc","187441","280","1"
"2445","Pkt","8700216021586","1470","1"
"18845","Box","8964000064504","540","1"
"18846","Box","8961005996670","940","24"
"18846","Pc","8961005617377","40","1"
"4977","Pc","8961014255157","150","1"
"15377","Pc","8961014255171","180","1"
"7806","Pc","8961014261110","1130","1"
"8635","Pc","8961014261103","1130","1"
"18832","Pump","5055810006846","680","1"
"18832","Pump","5055810006983","680","1"
"18832","Pump","5055810006822","680","1"
"18847","TIN","705632492789","760","1"
"18848","TIN","070563459324","340","1"
"3459","Pc","34591","320","1"
"18850","Pc","188501","720","1"
"18851","Pkt","188511","330","1"
"18852","Pkt","188521","680","1"
"5532","Box","55321","825","1"
"18854","Pkt","188541","190","1"
"18853","Pkt","188531","190","1"
"18855","Pc","188551","230","1"
"18856","Pc","188561","290","1"
"18857","Pkt","188571","330","1"
"6155","Pc","6971414031550","130","1"
"11494","CTN","","4560","12"
"17071","Box","8964002526093","355","1"
"15343","Box","8964002527182","310","1"
"8558","Box","8964002526185","355","1"
"8501","Box","8964002527205","315","1"
"17109","Box","8964002526246","355","1"
"2284","Box","8964002526468","235","1"
"560","Box","8964002527212","310","1"
"18874","Box","8964002526406","235","1"
"1066","Box","8964002527236","310","1"
"17035","Box","8964002526499","350","1"
"17057","Box","8964002526598","355","1"
"130","Box","8964002526611","310","1"
"1854","Box","8964002527311","315","1"
"18766","Pkt","5053827142229","2870","1"
"18767","Pkt","5059319002811","2490","1"
"18769","Pkt","884912129710","2430","1"
"1112","Pc","6281006506473","780","1"
"18770","Pkt","6937754000861","320","1"
"18771","Pc","8002110315243","780","1"
"18772","Pc","6300020155761","640","1"
"18774","Pc","8652402102824","1930","1"
"18773","Pc","8652402102831","1930","1"
"18778","Pc","8652402102763","1840","1"
"18777","Pc","8652402102749","1840","1"
"18776","Pc","8652402102756","1840","1"
"18775","Pc","8652402102770","1840","1"
"18779","Pc","737052351100","15900","1"
"18780","Pc","737052352060","11750","1"
"18781","Pc","8433982017933","1760","1"
"18784","Pc","8964002994090","2670","1"
"18783","Pc","8652402102671","2840","1"
"18782","Pc","8964002994021","5280","1"
"18785","Pc","3351500015245","11450","1"
"18786","Pc","3351500011568","9750","1"
"18787","BOTTLE","8964002343737","90","1"
"10396","Pkt","6949832880739","190","1"
"10396","Pkt","6949832881118","190","1"
"7253","Pc","6971123984314","250","1"
"10395","Pkt","6971123987476","270","1"
"8879","Pc","8961014255799","245","1"
"4800","BOTTLE","8961014245189","460","1"
"18788","BOTTLE","8961014255966","660","1"
"18789","BOTTLE","8961014255959","365","1"
"18790","POUCH","8961014030105","430","1"
"14192","Box","769503782416","235","1"
"18791","Pc","8961014255669","540","1"
"547","Box","8964002527298","315","1"
"17056","Box","8964002526642","350","1"
"18823","Pc","619149960009","40","1"
"18822","Pc","8961102484858","50","1"
"18821","Pc","8961102505676","50","1"
"18824","Pc","6948404681279","90","1"
"18824","Pc","6948404681286","90","1"
"18824","Pc","213263953710","90","1"
"11871","Pc","6945507891031","160","1"
"18825","Pc","6954842277899","130","1"
"11641","Pc","6924095906266","140","1"
"11641","Pc","6924095906778","140","1"
"18826","Pc","188261","290","1"
"18827","Pc","8964000279083","90","1"
"9582","Pc","1523662993118","130","1"
"7115","Pc","71151","20","1"
"18828","Pc","188281","245","1"
"12262","Pc","6948813422531","290","1"
"1222","Pc","12221","220","1"
"18829","Box","5060068555312","280","1"
"18830","Pc","5060068550379","50","1"
"18831","Pc","5055810011239","460","1"
"18832","Pump","5055810006839","680","1"
"18833","Pc","5055810027438","270","1"
"18834","Pc","5060068550508","190","1"
"18835","Pc","5060068550737","450","1"
"18836","Pc","5055810027421","360","1"
"18838","Box","8961103060600","290","1"
"18837","Box","8961103060594","290","1"
"7283","Box","72831","1380","1"
"5488","Box","54881","1220","1"
"4811","Box","48111","1340","1"
"18839","Box","188391","1040","1"
"18840","Box","188401","860","1"
"18841","Box","188411","860","1"
"3696","Pkt","36961","890","1"
"6582","Box","65821","1060","1"
"10704","CRATE","","1450","12"
"6431","BOTTLE","8964002343959","110","1"
"11534","Pc","6200451002552","30","1"
"6087","POUCH","60871","1130","1"
"18842","POUCH","188421","1490","1"
"18844","POUCH","188441","1780","1"
"18843","POUCH","188431","830","1"
"17093","Box","8964002526840","350","1"
"1857","Box","8964002526864","310","1"
"18875","Box","8964002526901","295","1"
"18876","Pc","188761","190","1"
"18877","POUCH","8961014034189","150","1"
"18878","POUCH","8961014031805","695","1"
"14524","Pkt","6972707300230","140","1"
"11091","Pc","6954842275611","160","1"
"18879","TIN","8964002344031","100","1"
"18879","CRATE","","1050","12"
"1443","SACHET","8886950014302","10","1"
"7951","Pc","79511","1970","1"
"18880","BOTTLE","8964002344024","120","1"
"18880","CRATE","","1300","12"
"8834","Pc","88341","1050","1"
"4675","Pc","46751","220","1"
"18881","Box","6253341422312","250","1"
"18882","Box","6253341411996","150","1"
"10192","BOTTLE","8859108200568","460","1"
"10192","BOTTLE","8859108200599","460","1"
"18883","Pc","188831","425","1"
"18884","Pc","188841","425","1"
"8304","BOTTLE","83042","1920","1"
"18885","Pc","8006540941966","190","1"
"18886","Pc","8006540941980","170","1"
"18887","Pc","8004961109927","410","1"
"18888","Pc","188881","1770","1"
"17939","POUCH","030025123163","470","1"
"126","Box","8964002526000","80","1"
"18889","Box","8964002526574","315","1"
"7494","Pkt","8964002526949","95","1"
"8150","Box","8964002526994","290","1"
"18890","Box","745178398787","1020","1"
"15","Pkt","8720608619351","190","1"
"8100","POUCH","8720608619313","840","1"
"18891","Pc","8961005040045","360","1"
"18892","SACHET","8964569519385","50","1"
"18893","Box","8961008224879","450","1"
"18895","Pc","012656707684","1380","1"
"18896","Pc","012656707721","1380","1"
"2335","Pump","4005808725298","1820","1"
"16658","BOTTLE","8901088203913","560","1"
"18897","Pc","188971","1220","1"
"18136","Pc","6937283104542","690","1"
"18898","Pump","8001673522457","1290","1"
"18899","Pc","6951420902006","210","1"
"18900","Pc","6951420902303","250","1"
"11091","Pc","6954842275727","160","1"
"11091","Pc","6954842275673","160","1"
"18901","Pc","3610340670404","530","1"
"18902","Pc","3610340669927","920","1"
"1128","BOTTLE","6291106716245","290","1"
"18903","Pc","5060415523346","350","1"
"18904","Pc","788821000859","395","1"
"13098","Pc","4902430799157","1550","1"
"18905","Pc","6920354814143","390","1"
"18906","Pc","AL-RA-0004","310","1"
"18906","Pc","AL-RA-0005","310","1"
"18906","Pc","AL-RA-0002","310","1"
"18907","Pc","189071","590","1"
"18908","Pc","4987176103222","2350","1"
"880","BOTTLE","8961014261127","365","1"
"7818","BOTTLE","8961014261073","660","1"
"18918","Pc","189181","120","1"
"18919","SACHET","R19L30CSBN","120","1"
"18921","POUCH","8901548311271","1060","1"
"18922","JAR","8714599107874","1560","1"
"15172","Pc","3474636974214","6250","1"
"18923","Box","8961102504990","245","1"
"11615","Pc","6948813422548","360","1"
"18924","Pc","189241","120","1"
"14310","Pc","3574660482263","330","1"
"12856","Box","8964002526963","350","1"
"1855","Box","8964002527229","315","1"
"18926","Pc","6931428201301","160","1"
"16261","JAR","4902430511551","840","1"
"16261","JAR","4902430670043","840","1"
"12270","Pc","8001090222541","1470","1"
"18927","Pc","6934985786670","180","1"
"18928","Pc","189281","90","1"
"18925","JAR","8901207021923","2600","150"
"18925","Pc","189252","20","1"
"3049","Pc","30497","50","1"
"18930","Pc","8964001291770","120","1"
"18931","Pkt","8964003062071","2280","1"
"8747","Box","8961100287826","235","1"
"18932","Pc","6769790401001","140","1"
"3545","Pc","8999999045586","1530","1"
"18953","Pc","8859362508493","490","1"
"18954","Pc","8961101372620","55","1"
"18955","BOTTLE","8964000063156","470","1"
"18956","BOTTLE","8964000063170","470","1"
"18960","BOTTLE","8964000063132","490","1"
"7207","Pc","8859178707011","550","1"
"17593","Pc","8964000045060","430","1"
"18961","JAR","8964003508067","250","1"
"18962","JAR","8964003508074","250","1"
"18963","JAR","8964003508135","270","1"
"18964","JAR","8964003508043","250","1"
"18965","JAR","8964003508128","270","1"
"12270","Pc","8006540268742","1470","1"
"12270","Pc","8006540146064","1470","1"
"18966","BOTTLE","3068320014067","980","1"
"18967","Pkt","7622201402709","450","1"
"18967","Pkt","7622201402686","450","1"
"18968","Pc","2961544500921","440","1"
"18969","Pc","8994993018222","790","1"
"18970","Pc","8994993009015","760","1"
"4685","Pc","46851","2170","1"
"18971","Pc","189711","1890","1"
"18972","Pc","189721","2340","1"
"18973","Pc","189731","690","1"
"3116","POUCH","8803413606126","120","1"
"3116","POUCH","6942683681166","120","1"
"3116","POUCH","6958837580285","120","1"
"3116","POUCH","6928114108136","120","1"
"18974","Pc","189741","70","1"
"18975","Pkt","36399444","660","1"
"18976","Pkt","36393664","210","1"
"18977","Box","8964002526130","235","1"
"18933","Pc","022400265186","2190","1"
"18934","Box","6960093122987","1150","1"
"18935","Pc","8961014253177","400","1"
"18936","Pc","8961014253207","400","1"
"18937","Pc","8961014253214","400","1"
"18940","Pc","5054563180230","520","1"
"18939","Pc","5054563180209","520","1"
"18941","Pc","5010724533406","790","1"
"18942","Pc","4005900163288","1790","1"
"2335","Pump","4005808319794","1820","1"
"2335","Pump","4005808919093","1820","1"
"2335","Pump","4005808232529","1820","1"
"18943","Pump","3574661098531","2480","1"
"18943","Pump","3574661200019","2480","1"
"18944","Pc","8006540458563","820","1"
"17356","Pc","8935001723684","190","1"
"15718","BOTTLE","5056357900444","1040","1"
"15722","BOTTLE","5056357907863","1040","1"
"18947","BOTTLE","5056357900420","1040","1"
"15720","BOTTLE","5056357907887","1040","1"
"18948","BOTTLE","5056357907849","1040","1"
"11821","JAR","6294007501415","990","1"
"18949","Pc","8964000257869","425","1"
"503","Pc","8710447484395","770","1"
"18950","Box","671866278324","475","1"
"20","POUCH","8720608619368","1980","1"
"18951","Pc","745110540045","205","1"
"18952","Pc","745110540052","75","1"
"8307","Box","8964002527359","230","1"
"15535","Box","8964002527069","410","12"
"5928","POUCH","8964000825945","280","1"
"14243","Pc","9021437347385","1160","1"
"14226","Pc","8025337347361","1160","1"
"14234","Pc","8025337347378","1160","1"
"19002","Box","8964002443567","140","1"
"19006","Pc","4426423272309","150","1"
"19005","Pc","4426423272316","150","1"
"19004","Pc","4426423272354","310","1"
"19003","Pc","4426423270091","70","1"
"19007","Pc","4426423270367","110","1"
"19008","Pc","4426423270299","110","1"
"19009","Tub","4426423271630","1095","1"
"19010","Tub","4426423271647","1095","1"
"19011","Tub","4426423271715","1175","1"
"19012","Tub","4426423271722","1145","1"
"19013","Tub","4426423271760","1065","1"
"19014","Tub","4426423271678","1145","1"
"19016","Tub","4426423271708","1175","1"
"19017","Tub","4426423271692","1145","1"
"19018","Tub","4426423271616","1095","1"
"19032","Tub","4426423272378","1245","1"
"7315","Pc","6223007652544","420","1"
"19033","JAR","2020000420330","2750","1"
"19034","Box","884912273116","2550","1"
"8098","Pc","8961014261158","365","1"
"7799","Pc","8961014260786","510","1"
"3542","Pc","8961014262186","50","1"
"19035","Pc","8710103774679","6980","1"
"19036","Can","8961100504619","8780","1"
"17272","Pc","6972919086564","130","1"
"19037","Pc","6972919086281","150","1"
"19038","Pc","190381","110","1"
"1434","Pc","6281031091166","240","1"
"1434","Pc","6281031245446","240","1"
"1434","Pc","6281031091159","240","1"
"19039","Pc","8901314076755","480","1"
"14864","Box","8992741975810","2520","72"
"9729","BOTTLE","8851932458573","1160","1"
"9338","Pc","4005808899289","820","1"
"9338","Pc","4005900804310","820","1"
"9338","Pc","4005900531254","820","1"
"9338","Pc","4005900811080","820","1"
"19040","Pc","5055810030674","480","1"
"19041","Pc","5055810037031","490","1"
"19041","Pc","5055810037055","490","1"
"19041","Pc","5055810037048","490","1"
"19041","Pc","5055810037062","490","1"
"19041","Pc","5055810030698","490","1"
"17566","Pc","80809180","390","1"
"15657","Pc","8990800024486","120","1"
"19042","Pc","8851932399999","925","1"
"19043","POUCH","7702018466993","1320","1"
"19044","Pc","190441","260","1"
"19045","Pc","6291101522537","320","1"
"12946","Box","8801116017164","2900","10"
"12946","Pc","8801116017157","300","1"
"7809","Pc","8961014260793","510","1"
"323","Pc","745604066402","320","1"
"15208","Box","8964002527083","310","1"
"1365","Box","8964002527038","110","1"
"19049","POUCH","8961100023776","710","1"
"6002","Pc","60021","90","1"
"19050","Pc","8964000258149","240","1"
"19051","Pc","190511","1160","1"
"19052","Pc","190521","370","1"
"19053","Pkt","190531","820","1"
"19054","Pkt","190541","940","1"
"221","Pkt","8961008220376","450","1"
"19057","Pkt","8961008221663","440","1"
"19058","Pkt","8961008221670","440","1"
"19059","Pkt","8961008221687","440","1"
"19061","Pc","5060453459416","590","1"
"19062","Pc","5056446708500","140","1"
"13561","Pc","6952841909216","180","1"
"19064","Pc","4792081019328","290","1"
"19065","Pc","3574661730783","790","1"
"11822","Pc","6294007500142","1040","1"
"11822","Pc","6294007505215","1040","1"
"19066","SACHET","8936114080046","230","1"
"19067","Pc","4600680000640","3280","1"
"19068","Pkt","36392025","330","1"
"19069","Pc","190691","680","1"
"5145","Pkt","51452","345","1"
"4937","Pc","49372","490","1"
"4938","Pc","49382","590","1"
"19070","Pc","8964002547463","690","1"
"19070","Pc","190702","690","1"
"2244","Pc","8004961109910","410","1"
"2882","Box","28821","1260","1"
"19071","Box","190711","1840","1"
"2888","Box","28881","1140","1"
"3107","Box","31071","2560","1"
"2991","Box","29911","2660","1"
"2887","Box","28871","1630","1"
"2749","Box","27491","1170","1"
"2906","Box","29061","930","1"
"3174","Box","31741","1040","1"
"2995","Box","29951","1370","1"
"19073","Pc","4426423270053","65","1"
"19072","Pc","4426423270060","65","1"
"19074","Pc","4426423272507","180","1"
"19075","JAR","4426423272361","1245","1"
"19076","JAR","4426423272477","1245","1"
"19077","Tub","4426423271739","1145","1"
"19078","Tub","4426423271746","1065","1"
"8801","Pc","8961014255188","180","1"
"7787","POUCH","8961014255737","440","1"
"19079","POUCH","5051525887541","50","1"
"19080","POUCH","5051525896529","50","1"
"19082","Pc","788821018724","108","1"
"16622","Pc","676979102238","460","1"
"16622","Pc","676979102252","460","1"
"797","POUCH","620514019215","130","1"
"7689","Pkt","620514019024","70","1"
"439","POUCH","620514019208","240","1"
"796","POUCH","620514019222","240","1"
"19083","Pc","6274230332765","1360","1"
"19084","Pc","6274230153285","1440","1"
"15478","Box","648676922174","230","1"
"19085","Pc","4426423270374","80","1"
"19086","Box","8964002759491","235","1"
"9561","Pkt","95612","380","1"
"17377","Pc","80828761","790","1"
"19087","Pc","6805699956058","220","1"
"19088","Pc","3014260838379","180","1"
"19089","Pc","8901012188095","720","1"
"727","SACHET","8886950012001","10","1"
"19090","Pkt","8886950055381","385","1"
"3249","Pc","8904006307700","1120","1"
"19091","SACHET","8963007860676","70","1"
"19092","Pc","792625892701","260","1"
"15346","CTN","","1350","12"
"19093","PATTA","4607006677609","90","1"
"19094","PATTA","4607006673144","100","1"
"1364","Box","8964002527007","180","1"
"19096","Box","8964002527144","235","1"
"19097","Pc","745110540038","310","1"
"19098","Box","190981","230","1"
"19099","Pc","8964002936106","140","1"
"19100","Pc","191001","140","1"
"19101","Pc","191011","140","1"
"19102","Box","8961102504730","240","1"
"19103","Pc","8901088212588","540","1"
"17200","Pc","6911316502659","190","1"
"17200","Pc","6911316502642","190","1"
"19104","JAR","050000314744","2270","1"
"19104","JAR","050000207084","2270","1"
"19104","JAR","050000602360","2270","1"
"1663","Pc","42231332","660","1"
"19103","Pc","8901088210560","540","1"
"10232","Box","6971282340075","1740","1"
"6626","JAR","4005900890504","1190","1"
"4039","JAR","4005900009463","1750","1"
"10230","Box","6971282340068","945","1"
"1434","Pc","6281031091661","240","1"
"9729","BOTTLE","8851932458450","1160","1"
"9036","Pc","7070606050306","430","1"
"2049","Pc","8961101234089","970","1"
"5736","BOTTLE","8961014261097","660","1"
"236","POUCH","8961014261363","395","1"
"235","POUCH","8961014262070","199","1"
"7810","Pc","8961014260847","860","1"
"7794","Pc","8961014260779","510","1"
"19105","TIN","7181221006132","440","1"
"19106","TIN","7051055498352","330","1"
"19107","TIN","6533411503708","280","1"
"19108","Pc","8964000585801","20","1"
"19109","POUCH","8964002958375","90","1"
"15539","JAR","3433649381129","250","1"
"19110","Pc","7961413271100","190","1"
"8762","Pkt","8964002526970","85","1"
"15209","Box","8964002527076","310","1"
"7797","BOTTLE","8961014261141","365","1"
"19111","Pkt","8961101373269","680","1"
"2441","Box","0769503780856","235","1"
"3059","Box","769503783963","230","1"
"19112","Pc","8964000258330","260","1"
"13956","POUCH","8961008221946","1730","1"
"17167","Pc","4580614381024","150","1"
"19113","Tub","4426423271661","1065","1"
"19114","Pkt","8964000043738","950","1"
"19115","Pkt","8964000043707","950","1"
"19116","Pc","6291069719857","440","1"
"19117","Pc","8964002493210","300","1"
"19118","Pc","8964002493319","375","1"
"19119","Pc","8964002493326","375","1"
"19120","Pc","8964002493333","375","1"
"19121","Pc","6291069701685","375","1"
"19122","Pc","3014260243548","4650","1"
"19123","Pc","4901331000195","690","1"
"11091","Pc","6928158555255","160","1"
"11091","Pc","6928158555248","160","1"
"19124","Pump","5060068550553","390","1"
"19124","Pump","5060068550706","390","1"
"19125","Pc","5060068552021","950","1"
"19125","Pc","5060068551987","950","1"
"19125","Pc","5055810006341","950","1"
"19126","Pump","5055810016401","360","1"
"19126","Pump","5055810016418","360","1"
"19126","Pump","5055810016395","360","1"
"19127","BOTTLE","5060068552786","950","1"
"19128","BOTTLE","5060068552809","990","1"
"19129","Pc","5055810030711","460","1"
"19126","Pump","5055810016388","360","1"
"19130","Pc","5055810021603","830","1"
"19130","Pc","5055810021597","830","1"
"19130","Pc","5055810021634","830","1"
"19130","Pc","5055810021627","830","1"
"19130","Pc","5055810021610","830","1"
"19131","SACHET","8961100092222","150","1"
"19132","SACHET","8961100092239","150","1"
"13091","SACHET","130912","70","1"
"19133","BOTTLE","5060068552847","690","1"
"19134","BOTTLE","5060068552823","690","1"
"18112","Pc","8961101234072","1850","1"
"8631","Pkt","8964003062187","2280","1"
"11091","Pc","6954842275703","160","1"
"11091","Pc","6954842275659","160","1"
"17272","Pc","6972919086212","130","1"
"7774","POUCH","8961014255768","830","1"
"2164","BOTTLE","8961014260816","860","1"
"2794","Box","695240208813","780","1"
"19136","Box","6253341410784","200","1"
"19136","Box","6253341410722","200","1"
"19137","Box","2367342656776","240","1"
"19138","Box","2367342656714","240","1"
"18978","JAR","8961005030589","490","1"
"18979","Pkt","8964000151839","130","1"
"18980","Pc","189801","90","1"
"18982","Pc","8964000153734","20","1"
"18981","Pc","8964000153963","40","1"
"18983","TIN","9556001288547","460","1"
"18984","TIN","9556001288561","460","1"
"18985","TIN","9556001288592","460","1"
"18986","Pc","8991115011109","180","1"
"18986","Pc","8991115010102","180","1"
"18986","Pc","8991115012106","180","1"
"18987","Pc","8801073114814","550","1"
"18988","Pc","074603003287","550","1"
"18989","Pc","6939517192646","750","1"
"4586","Pkt","45861","260","1"
"1234","Pc","8410436318860","490","1"
"1234","Pc","5410091728618","490","1"
"1234","Pc","5410091728571","490","1"
"18990","Pc","8901023000287","320","1"
"18990","Pc","8901023000171","320","1"
"8815","BOTTLE","717273501782","740","1"
"18991","JAR","8698740270856","770","1"
"14326","JAR","7613031513062","1120","1"
"18992","Pc","189921","90","1"
"18993","Box","8964000067598","1190","1"
"18994","Box","8964000068175","445","1"
"18995","POUCH","8964001099208","1190","1"
"11165","Box","769503782393","235","1"
"7109","BUNDLE","8961101234133","560","1"
"18996","BOTTLE","189961","350","1"
"18997","Box","8720608620050","375","1"
"18998","Box","8720608620043","180","1"
"18999","POUCH","8720608620067","890","1"
"19000","Pc","736211117168","50","1"
"2593","Pc","25932","70","1"
"19001","Pc","736211115966","70","1"
"19139","Pc","2367342656394","260","1"
"19140","JAR","191401","140","1"
"19141","JAR","191411","190","1"
"25","POUCH","815096005644","1750","1"
"19142","Pc","8991102023511","790","1"
"19143","Tub","4426423271623","1095","1"
"19144","Pc","191441","800","1"
"19145","JAR","8807502377164","1590","1"
"19146","Pc","191461","80","1"
"19147","Pc","191471","220","1"
"14310","Pc","3574660483499","330","1"
"4652","Pc","46521","220","1"
"12124","Pc","5056446709835","540","1"
"12018","Box","5060453454671","570","1"
"19149","POUCH","191491","1100","1"
"19150","Box","8961102505546","240","1"
"15156","POUCH","8961008221717","490","1"
"19151","Pc","6931078931290","1190","1"
"11040","Pc","6294003532987","320","1"
"19152","Pc","9501033202436","190","1"
"19152","Pc","9501033202399","190","1"
"19152","Pc","9501033202450","190","1"
"19153","Box","749921062536","1250","1"
"8396","JAR","8850086191404","1670","1"
"19154","Pkt","191541","160","1"
"19155","Pkt","191551","240","1"
"19156","Pkt","191561","230","1"
"19157","Pkt","191571","360","1"
"19158","Pkt","191581","220","1"
"19159","Pc","191591","130","1"
"4626","Pc","46261","90","1"
"19967","Pc","199671","660","1"
"19968","Pc","199681","590","1"
"19969","Pc","6935539612100","290","1"
"19970","Pc","199701","570","1"
"5379","Pkt","4987157918012","120","1"
"19971","Pc","5012251006637","615","1"
"210","Pc","8886950072401","15","1"
"209","Pc","8886950072302","30","1"
"19973","BOTTLE","8886950096377","370","1"
"19974","TIN","9556092108526","150","1"
"9718","Pc","8999999033224","890","1"
"19975","Pump","8999000411416","270","1"
"19976","Pkt","6945449301193","240","1"
"19976","Pkt","199762","240","1"
"19977","POUCH","8683749025828","460","1"
"19977","POUCH","8683749024128","460","1"
"19977","POUCH","8683749024111","460","1"
"19977","POUCH","8683749024166","460","1"
"19977","POUCH","8683749024173","460","1"
"19978","Pc","199781","50","1"
"19979","Pkt","8683749023398","540","1"
"19979","Pkt","8683749023374","540","1"
"19979","Pkt","8683749023381","540","1"
"19980","Pc","8006540139592","1640","1"
"19977","POUCH","8683749024142","460","1"
"19977","POUCH","8683749024135","460","1"
"19977","POUCH","8683749024159","460","1"
"452","Pc","8961100040025","210","1"
"19981","Pkt","8964002895106","900","1"
"19983","Pkt","8964002895120","1000","1"
"19982","Pkt","8964002895113","850","1"
"19984","Pkt","8964002895137","1100","1"
"19985","Pkt","8964002895144","1200","1"
"19986","Pkt","8964002895151","1300","1"
"19987","Pc","8410522009313","620","1"
"19988","Pc","199881","290","1"
"19989","Pc","199891","350","1"
"19990","PATTA","7610211030203","1120","1"
"19991","Pc","3094900059715","490","1"
"19992","Pc","8718114470467","820","1"
"493","TIN","4932","340","1"
"19993","Box","8964003695019","230","1"
"19994","Box","8964003695071","230","1"
"19995","Box","8964003695033","230","1"
"2212","Pc","22124","1850","1"
"18684","Pc","6951420900125","210","1"
"19996","Pc","4897066831121","120","1"
"19997","Pc","6945507878070","390","1"
"19998","Pc","024183018188","90","1"
"17","Pkt","8720608620845","200","1"
"19999","Pc","8961008222820","190","1"
"10581","Pc","8961101234034","1850","1"
"9842","Pump","8999999026400","1580","1"
"9842","Pump","8999999028152","1580","1"
"9842","Pump","8999999028121","1580","1"
"9842","Pump","8999999026806","1580","1"
"8558","Box","8964003590802","355","1"
"7716","Pc","77162","1160","1"
"20024","Pc","8964003120467","340","1"
"20024","Pc","8964003120443","340","1"
"20026","TIN","655469039797","520","1"
"20025","TIN","734439085375","380","1"
"664","BUNDLE","8961014256154","340","1"
"20027","Pc","5010724525487","790","1"
"9769","Pc","4902430919364","660","1"
"9769","Pc","8001090132017","660","1"
"20028","Pc","3574661558950","890","1"
"20028","Pc","3574661558943","890","1"
"20028","Pc","3574661559155","890","1"
"20028","Pc","3574661558882","890","1"
"20028","Pc","3574661558912","890","1"
"20029","TIN","6931255589771","410","1"
"20030","POUCH","5000314120543","990","1"
"20031","POUCH","5000314120567","990","1"
"611","Box","8961103500229","235","1"
"20032","Box","8961103500465","295","1"
"18223","POUCH","8961103500823","50","1"
"19057","Pkt","8961008222738","440","1"
"18117","Box","8964003590833","235","1"
"7083","Pkt","8964002895021","1200","1"
"18136","Pc","6975117000615","690","1"
"7718","Pc","5052197062281","270","1"
"20033","Pc","8968224014093","90","1"
"13239","Pc","7622202399633","100","1"
"20034","BOTTLE","7869288888004","180","1"
"20034","BOTTLE","7869288888002","180","1"
"20034","BOTTLE","7869288888007","180","1"
"20034","BOTTLE","7869288888001","180","1"
"20034","BOTTLE","7869288888009","180","1"
"20034","BOTTLE","7869288888011","180","1"
"20034","BOTTLE","7869288888005","180","1"
"20034","BOTTLE","7869288888006","180","1"
"20035","Pc","749921020680","430","1"
"20036","Pc","749921020956","430","1"
"20037","Pc","8964000987650","130","1"
"20037","Pc","8964000987674","130","1"
"20038","Pc","6972518491950","590","1"
"20039","Pkt","6972518494210","580","1"
"20040","Pkt","6972518490120","540","1"
"20041","Pc","6972518493640","140","1"
"20042","Pc","200421","80","1"
"14187","POUCH","8700216451215","3350","1"
"11091","Pc","6954842275680","160","1"
"11091","Pc","6928158555279","160","1"
"20044","Box","8961103500304","235","1"
"20045","Pc","7622202211003","500","1"
"20045","Box","7622202210990","11500","24"
"17484","CRATE","","1000","6"
"13238","Pc","7622202399701","100","1"
"2804","Pkt","8964003018535","620","1"
"2805","Pkt","8964003018559","620","1"
"20046","Pc","8964000686638","55","1"
"20047","Pc","8964000686591","55","1"
"20048","Pc","8964000686614","55","1"
"20049","BOTTLE","8964000140710","130","1"
"20050","BOTTLE","8964000140666","130","1"
"20051","BOTTLE","8964000140697","130","1"
"20052","BOTTLE","8964000140703","150","1"
"20053","BOTTLE","8964000140680","130","1"
"19828","POUCH","695240210441","380","1"
"20054","Pc","736211119964","30","1"
"20055","Pc","200551","190","1"
"5878","Pc","6950126100358","70","1"
"20056","Pc","200561","120","1"
"20057","Pc","02031081-100-999","4100","1"
"20058","Pc","01064347-100-127","4000","1"
"21893","Pc","218931","730","1"
"20059","Pc","01060632-100-001","4000","1"
"20060","Pc","02035149-100-999","6300","1"
"20061","Pc","02031695-50M-127","2700","1"
"9793","Pkt","3574661722610","580","1"
"20062","Pc","9908332980056","620","1"
"20063","Pc","9908332980049","620","1"
"20064","Pc","4800318408132","210","1"
"8951","Pc","8077260279547","210","1"
"13049","Pkt","7702018490356","1480","1"
"9688","Pc","3600520228525","1180","1"
"20033","Pc","8962222014093","90","1"
"636","Box","8964002526758","80","1"
"20065","Pc","5055810003104","480","1"
"20065","Pc","5055810006372","480","1"
"20065","Pc","5055810003128","480","1"
"20065","Pc","5055810006389","480","1"
"3542","Pc","8961014263114","50","1"
"20069","Pc","6942836704261","370","1"
"20068","Pc","6942836704322","370","1"
"20067","Pc","6942836704308","370","1"
"20066","Pc","6942836704285","370","1"
"20071","Pc","200711","690","1"
"20072","Pc","6921665468425","120","1"
"20073","Pc","6932803828373","90","1"
"20074","Pc","200741","160","1"
"10828","Pc","8286975430215","640","1"
"14407","Pc","8719281111467","1280","1"
"20075","Pc","200751","480","1"
"20076","Pc","8961101705107","665","1"
"20077","Pc","8961101705039","665","1"
"19697","JAR","4009900545051","990","1"
"20078","POUCH","6942836703226","590","1"
"20078","POUCH","6942836724504","590","1"
"20078","POUCH","6942836703615","590","1"
"20078","POUCH","6942836703288","590","1"
"20079","Pc","8683749020878","320","1"
"20079","Pc","8683749020861","320","1"
"20080","Pc","8964000695210","50","1"
"20081","Pc","8964000695203","50","1"
"20082","Pc","8964000695197","50","1"
"20083","Pc","200831","170","1"
"20084","Pc","200841","340","1"
"20085","Pc","200851","870","1"
"20086","Pc","200861","1730","1"
"20087","Pc","200871","160","1"
"20088","Pkt","200881","290","1"
"20089","Box","788821062215","820","1"
"19851","JAR","8851123741064","840","1"
"20090","Pump","8065223432665","1050","1"
"5247","Pc","8002742112166","450","1"
"5247","Pc","8001673522334","450","1"
"20091","Pc","1352021751003","430","1"
"20092","Box","8961003585890","295","1"
"20093","Box","8964000241714","400","1"
"18192","Pc","735816580551","770","1"
"20094","TIN","7181221001182","490","1"
"1128","BOTTLE","6291106716207","290","1"
"20095","Pc","200951","180","1"
"20096","JAR","200961","1670","1"
"2231","POUCH","8700216451239","285","1"
"2230","POUCH","8700216451260","570","1"
"20097","Pc","671866117043","40","1"
"20097","Pc","671866117050","40","1"
"1094","Pkt","8964001492368","90","1"
"2111","TIN","8886451006783","3070","1"
"20098","Pc","8002660040589","390","1"
"20099","Pkt","5028217006283","215","1"
"20100","Pkt","8961008222974","690","1"
"17257","CRATE","","1440","12"
"19092","Pc","9803378110408","260","1"
"17124","Box","8964003590864","350","1"
"20102","Pkt","6291003625077","370","1"
"20103","Pc","752590363552","690","1"
"20103","Pc","752590303558","690","1"
"20103","Pc","752590153559","690","1"
"20103","Pc","752590333555","690","1"
"3792","CRATE","","3240","24"
"93","Pkt","620514020013","710","1"
"96","Pkt","620514019987","100","1"
"20105","Pc","8717185380927","450","1"
"20106","Pc","8717185380941","450","1"
"20107","Pc","201071","380","1"
"11654","Pkt","8964003062828","2280","1"
"11655","Pkt","8964003062835","2280","1"
"2071","BOTTLE","3574669907057","780","1"
"17745","Pc","8901030942679","280","1"
"13824","Pc","8682560997109","600","1"
"13824","Pc","8682560991497","600","1"
"13824","Pc","8683930301908","600","1"
"10204","Pc","776992005063","440","1"
"7302","Pc","7622202399749","100","1"
"20108","Pc","8964000585948","60","1"
"20109","TIN","5010102241527","390","1"
"20110","Pc","8998389162322","660","1"
"20110","Pc","8998389162346","660","1"
"20110","Pc","8998389162339","660","1"
"20110","Pc","8998389162353","660","1"
"13216","TIN","4037719068508","830","1"
"3103","Pc","8991115000103","240","1"
"20111","BUNDLE","8886950039428","315","1"
"20112","Pc","8964002346509","60","1"
"1663","Pc","8999777014209","660","1"
"1663","Pc","8999777017873","660","1"
"20113","Pc","8801073115514","550","1"
"20114","cup","8801073212688","590","1"
"20115","cup","8801073212404","590","1"
"20116","Pc","201161","440","1"
"20117","Pc","201171","500","1"
"20118","Pc","201181","580","1"
"20119","Pc","201191","650","1"
"20120","Pc","201201","260","1"
"20121","Pc","788821016164","210","1"
"20122","Pc","201221","90","1"
"18232","Pc","0695240104016","70","1"
"18232","Pc","0695240103996","70","1"
"20123","POUCH","8961003658778","100","1"
"19907","POUCH","8961102505263","100","1"
"20124","Pc","201241","140","1"
"20125","TIN","7051055538324","390","1"
"20126","BOTTLE","1860236002518","100","1"
"20127","BOTTLE","1860236002075","100","1"
"20128","BOTTLE","1860071012130","150","1"
"20129","BOTTLE","749921000057","1170","1"
"20130","BOTTLE","749921000019","1170","1"
"20131","BOTTLE","749921000040","1170","1"
"20132","Box","201321","1190","1"
"20133","Box","201331","340","1"
"20134","Box","201341","970","1"
"13090","SACHET","130902","50","1"
"20135","Pc","8992304009204","890","1"
"1047","Pkt","6932065901173","150","1"
"20136","Pc","201361","20","1"
"20137","Pc","201371","30","1"
"237","POUCH","8961014262643","195","1"
"20138","Pc","180539150999","720","1"
"20138","Pc","180534150999","720","1"
"20138","Pc","180540150999","720","1"
"20138","Pc","180543150999","720","1"
"20138","Pc","180541150999","720","1"
"4028","Pkt","8961008222073","1480","1"
"17869","POUCH","6927262801623","470","1"
"20139","Pc","4800888157966","690","1"
"20140","Pc","6001051001446","1180","1"
"19375","Pc","7509552847987","1330","1"
"20142","Pc","3094900059111","510","1"
"20143","Pc","8964001086192","195","1"
"20144","Pc","8851123710572","940","1"
"20145","Pc","8851123711210","940","1"
"20146","Pkt","8961006020121","800","1"
"20147","Pkt","788821010940","95","1"
"20148","Pump","8961014238495","1280","1"
"20149","POUCH","8886950014845","300","1"
"211","BOTTLE","8886950096438","165","1"
"14132","Box","8964003378431","235","1"
"20150","Pc","8886467042317","940","1"
"20150","Pc","8886467042300","940","1"
"1246","Pc","8901030547492","1160","1"
"9723","Pc","8720181153570","770","1"
"9723","Pc","8720181153563","770","1"
"13045","Pc","8720181151194","1430","1"
"13045","Pc","8720181151200","1430","1"
"13045","Pc","8720181151163","1430","1"
"13045","Pc","8720181160738","1430","1"
"18787","BOTTLE","8964002343720","90","1"
"18787","BOTTLE","8964002343744","90","1"
"20151","BOTTLE","8964000332856","230","1"
"20152","Pc","201521","710","1"
"20153","Pc","201531","1560","1"
"20154","Pc","201541","1720","1"
"20156","pc1","3600523823604","2940","1"
"20155","Pc","8994993016563","3970","1"
"11489","Pkt","8961101373498","640","1"
"20157","Pc","201571","530","1"
"13016","BOTTLE","a6","280","1"
"20158","Pc","036000291452","140","1"
"1663","Pc","4005900700766","660","1"
"9111","JAR","7613036299008","1440","1"
"20159","Box","5053990127641","980","1"
"8471","Pkt","84711","50","1"
"20160","Pc","6297000442358","780","1"
"20161","Box","201611","1100","1"
"20162","Pc","3610340672071","1760","1"
"20163","POUCH","201631","220","1"
"20166","Pc","8710103891352","4780","1"
"12036","Pc","8710103774471","4080","1"
"14851","Pc","148513","290","1"
"2944","BOTTLE","8991111152080","690","1"
"2944","BOTTLE","8992725910424","690","1"
"1152","BOTTLE","4792081029334","880","1"
"20167","Pc","201671","390","1"
"20168","Pc","201681","780","1"
"20169","Pc","201691","490","1"
"20170","Pc","201701","190","1"
"16713","Pc","745604690508","40","1"
"10183","POUCH","8000500282373","410","1"
"8828","POUCH","8850477056503","990","1"
"8825","POUCH","8850477054509","990","1"
"11119","POUCH","8850477054158","2490","1"
"11767","POUCH","8850477055155","2840","1"
"10528","POUCH","8850477056152","2490","1"
"10529","POUCH","8850477059153","2490","1"
"20172","Box","8961003584695","295","1"
"3893","Pkt","8961008223209","1480","1"
"7674","Pc","8961008223261","1480","1"
"7673","Pc","8961008223254","740","1"
"4486","Pkt","8961008223216","2950","1"
"15098","Pc","8964003062798","1320","1"
"13960","Pkt","8964003062804","1320","1"
"12220","Pkt","8964003062842","2280","1"
"12435","Pc","0705632329054","500","1"
"163","POUCH","8700216451093","285","1"
"20174","Pc","201741","70","1"
"20175","Pc","745604647847","350","1"
"20176","Pc","745604647823","350","1"
"20177","Pkt","8964003916015","630","1"
"20178","Pkt","8964003916022","630","1"
"20179","POUCH","725765614803","295","1"
"20180","POUCH","725765614810","690","1"
"20024","Pc","8964003120450","340","1"
"20181","Pkt","8964002582303","350","1"
"20181","Pkt","8964002582280","350","1"
"20181","Pkt","8964002582310","350","1"
"20181","Pkt","8964002917211","350","1"
"20181","Pkt","8964002582297","350","1"
"20182","Pc","8964002289622","130","1"
"20182","Pc","8964002289608","130","1"
"20182","Pc","8964002289585","130","1"
"20183","Pc","839796006138","90","1"
"8413","BOTTLE","725765313690","140","1"
"20184","POUCH","8850014431251","130","1"
"20185","JAR","*78*","340","1"
"20186","JAR","*127*","390","1"
"20187","JAR","*88*","390","1"
"20188","JAR","*126*","390","1"
"20189","JAR","*136*","490","1"
"20191","JAR","*96*","390","1"
"20192","Pc","8961008222813","190","1"
"20193","Pc","201931","260","1"
"20194","Can","8964002619764","5600","1"
"20195","BOTTLE","8964000843918","120","1"
"20196","Pc","8964001764588","550","1"
"20198","Pc","8964001764564","480","1"
"20199","Pc","8961014253139","465","1"
"20200","Pc","8961014253160","465","1"
"20201","TIN","8961005090019","720","1"
"20202","TIN","8961005090040","720","1"
"20203","TIN","8961005090088","820","1"
"20204","TIN","8961005090033","720","1"
"20205","Pkt","4902705097896","1160","1"
"20207","Pc","202071","210","1"
"20208","Pc","202081","210","1"
"20190","Pc","201901","130","1"
"611","Box","8961102508332","235","1"
"2944","BOTTLE","3574661552873","690","1"
"20227","Pc","202271","130","1"
"700","POUCH","8700216451161","1670","1"
"20228","BOTTLE","899916000385","230","1"
"12597","Pc","5025970023281","1760","1"
"12597","Pc","4005808944811","1760","1"
"5274","Box","6941057456713","980","1"
"20229","Box","202291","2690","1"
"20230","Box","202301","3340","1"
"20231","Pc","4426423272491","180","1"
"20232","Pc","8991111101323","710","1"
"20233","Pc","8886950054209","165","1"
"12653","Pc","6824637104368","690","1"
"12653","Pc","6266414891236","690","1"
"20234","Pc","614514771198","1750","1"
"20234","Pc","614514080917","1750","1"
"20234","Pc","614514080863","1750","1"
"20234","Pc","614514080849","1750","1"
"20234","Pc","614514080900","1750","1"
"20234","Pc","614514080924","1750","1"
"20235","Pc","6325685695858","2450","1"
"20236","Pc","8652402102817","1930","1"
"20237","Pc","8652402102848","1930","1"
"20239","Pc","8964003774103","1850","1"
"20238","Pc","8964003774240","1850","1"
"20240","Pc","3360372012825","19350","1"
"19853","Pc","8851123350020","1380","1"
"20241","Pc","8004961109903","410","1"
"20242","Pc","202421","220","1"
"20243","Pc","7702018844791","820","1"
"20244","POUCH","6972518490915","320","1"
"20246","Pump","3600523449187","2240","1"
"20245","Pc","3600523439836","2240","1"
"20247","Pc","8851932440806","560","1"
"20248","Pc","3574661430713","1390","1"
"20249","Pc","3574661332529","1390","1"
"15554","Pc","5000158063709","660","1"
"14458","Pc","8719281111276","1280","1"
"7375","Pc","4005900490155","990","1"
"20250","Box","8632574622009","3990","1"
"20251","Box","3216543324184","2750","1"
"20252","Box","9412356856421","4560","1"
"20253","Pc","1657512454273","1590","1"
"20260","Pc","7861147635431","1040","1"
"20259","Pc","7861147635455","1040","1"
"20258","Pc","7861147635448","1040","1"
"20257","Pc","8963300047569","1040","1"
"20256","Pc","7860458332565","670","1"
"20255","Pc","6411127830069","670","1"
"20254","Pc","786905045963","920","1"
"7675","Box","8961008223278","2950","1"
"20262","Box","8961008222882","320","1"
"20263","Box","8961008222844","320","1"
"1443","SACHET","8886950014326","10","1"
"1436","SACHET","8961014263169","10","1"
"19250","SACHET","8961014263152","10","1"
"7276","Pc","8961014262841","99","1"
"17789","POUCH","8961014261288","175","1"
"13542","Pc","8961014261721","310","1"
"14856","Pc","8961014262902","125","1"
"20044","Box","8961103500311","235","1"
"3277","Pc","8961101234065","240","1"
"562","POUCH","8700216451086","1140","1"
"8298","POUCH","8700216451178","2210","1"
"18223","POUCH","08961103500274","50","1"
"18223","POUCH","8961103500274","50","1"
"20264","Pc","786905045918","980","1"
"20265","Pc","786905045826","670","1"
"20267","Pc","786905045857","970","1"
"20266","Pc","5447100365984","1240","1"
"20268","Pc","1657512454266","1590","1"
"20269","Pc","7861563245092","1590","1"
"16803","Box","5053990127665","980","1"
"20270","Pc","8901088200349","690","1"
"20271","Pc","8901200200066","410","1"
"20272","cup","8801073211667","590","1"
"20247","Pc","8851932368605","560","1"
"11473","Pkt","36391400","230","1"
"20273","Pc","8964002575718","290","1"
"20274","BOTTLE","8964000022962","320","1"
"20275","BOTTLE","8964000022931","320","1"
"20276","BOTTLE","8964000022689","400","1"
"14924","Box","8961003554254","315","1"
"20278","Pc","4426423270039","35","1"
"20279","Pc","4426423270015","35","1"
"19302","Pkt","193022","170","1"
"20281","Pc","886635001250","120","1"
"1035","Pkt","8961008223148","2650","1"
"7375","Pc","4005900087843","990","1"
"7375","Pc","4005900088444","990","1"
"7375","Pc","8904256003032","990","1"
"7375","Pc","4005900017543","990","1"
"20282","Pc","8992695554062","930","1"
"17924","Pc","6973653370223","295","1"
"17304","Pc","4567995365690","375","1"
"20283","Pc","8964000585252","60","1"
"20284","TIN","6950930625306","670","1"
"20285","Pc","7702018001538","980","1"
"12653","Pc","6246756782447","690","1"
"12653","Pc","6248671222442","690","1"
"20286","Pc","6971651246182","220","1"
"17050","SACHET","6646458330029","120","1"
"17050","SACHET","6646458330012","120","1"
"11091","Pc","6954842275765","160","1"
"11091","Pc","6947446410199","160","1"
"19697","JAR","4009900545020","990","1"
"20287","Pc","1282021125309","400","1"
"20288","Pc","1172021250203","750","1"
"20289","Pc","1202021250238","750","1"
"20290","Pc","1162021125205","480","1"
"20291","Pc","1192021125233","480","1"
"20292","Pump","1342021450105","625","1"
"20293","Pc","8964001353539","290","1"
"11091","Pc","6954842275697","160","1"
"19998","Pc","7451251223046","90","1"
"20294","Pc","9501063002204","150","1"
"20295","Pc","786905045888","980","1"
"20296","Pc","786905033922","980","1"
"20297","Pc","786905045895","980","1"
"20298","Pc","786905045871","980","1"
"20298","Pc","202982","980","1"
"20299","Pc","8964002575725","95","1"
"20300","BOTTLE","6533411474794","460","1"
"976","Box","8961003512049","295","1"
"20301","Pc","203011","430","1"
"20302","TIN","8964000686010","130","1"
"20303","Pc","8964000686263","15","1"
"20304","Pc","8964000686249","15","1"
"20305","Pc","8964000686430","40","1"
"8588","Box","8964003378516","235","1"
"14865","Box","8964003377298","235","1"
"20306","POUCH","8964003378592","190","1"
"20307","Pc","3014260010317","180","1"
"20319","Pc","43422650002","180","1"
"19462","JAR","194622","980","1"
"10818","Pc","8286975430208","690","1"
"15751","Pc","6957484638594","270","1"
"12066","Pc","8999999058357","320","1"
"680","Pc","8961014032390","90","1"
"15751","Pc","6957484638593","270","1"
"20320","Box","8961103501226","295","1"
"20321","Pkt","8996001356364","210","1"
"20322","Pkt","8996001356340","210","1"
"484","BOTTLE","4842","130","1"
"20323","Pc","203231","620","1"
"20324","Pc","203241","3800","1"
"20325","Pc","203251","4160","1"
"20326","Pc","203261","3750","1"
"20327","Pc","6533411443790","140","1"
"16713","Pc","745604690461","40","1"
"20328","Pc","8964000140017","100","1"
"20329","Pc","8964000140024","130","1"
"20330","Pc","8961101234218","350","1"
"20331","Pc","671866277877","25","1"
"20332","BOTTLE","8964001179009","160","1"
"20333","BOTTLE","8964001179412","160","1"
"20336","BOTTLE","8964001179634","50","1"
"20337","BOTTLE","8964001179641","90","1"
"20338","TIN","8964001179658","100","1"
"20339","TIN","8964001179665","100","1"
"19991","Pc","8016825926687","490","1"
"19991","Pc","3094900059593","490","1"
"20340","Pc","5000101509919","930","1"
"20340","Pc","5000101509872","930","1"
"20340","Pc","5000101509957","930","1"
"20340","Pc","5000101509896","930","1"
"15554","Pc","5011417559215","660","1"
"20341","Pc","4987205937026","2550","1"
"20342","Pc","4987205944581","2550","1"
"20343","Pc","4987205944598","2550","1"
"20344","Pc","8694002299726","590","1"
"20344","Pc","8694002299511","590","1"
"20345","JAR","5017007601302","2550","1"
"2969","Pc","8999999559441","880","1"
"9788","BOTTLE","3059943010406","1180","1"
"9788","BOTTLE","8592326010594","1180","1"
"9788","BOTTLE","5997321755915","1180","1"
"9788","BOTTLE","4002448054634","1180","1"
"9788","BOTTLE","5997321756646","1180","1"
"9788","BOTTLE","5011417541807","1180","1"
"9788","BOTTLE","5997321757957","1180","1"
"9788","BOTTLE","8592326013755","1180","1"
"9788","BOTTLE","5997321757964","1180","1"
"20346","Pc","203461","140","1"
"20347","TIN","7345125069345","660","1"
"1137","Pc","8961008221212","95","1"
"20348","TIN","5904003285318","140","1"
"20349","TIN","5904003282713","140","1"
"20350","Tin","5904003285325","140","1"
"725","Pc","8961008221229","400","1"
"20352","Box","8961003502293","235","1"
"464","Pc","8964003820138","160","1"
"18571","Pc","8935001724599","920","1"
"20353","Pc","8698740273291","890","1"
"20354","BOTTLE","3073781147063","1950","1"
"20355","Pc","717273509061","1590","1"
"20356","Pc","3607342306134","10000","1"
"20357","SACHET","9556001263230","220","1"
"20358","SACHET","9556001280763","220","1"
"20359","SACHET","9556001263926","220","1"
"20360","SACHET","9556001263094","220","1"
"20361","SACHET","9556001297075","90","1"
"227","Pkt","8961008223124","1110","1"
"19057","Pkt","8961008223292","440","1"
"6702","Pc","6769791001354","350","1"
"20362","TIN","90457036","490","1"
"20363","BOTTLE","8964001179016","120","1"
"20364","Pc","8886300007077","1650","1"
"20365","Pc","46055460","80","1"
"10185","Pc","8935001726104","40","1"
"2335","Pump","4005900011817","1820","1"
"17","Pkt","8720608619337","200","1"
"7676","Pc","8961008223117","450","1"
"20366","Pc","8964002346530","20","1"
"8706","POUCH","8961103500427","100","1"
"16780","Pkt","8961014037791","299","1"
"20369","JAR","331078600053","680","1"
"20370","Pump","073852096521","790","1"
"5171","Pc","6281006486416","690","1"
"5623","Pc","6281006486508","590","1"
"20372","Pc","30009287","180","1"
"20371","Pc","300410107543","180","1"
"19088","Pc","3014260823801","180","1"
"16817","Pc","676979204888","680","1"
"20373","Pc","4580614351010","170","1"
"20375","Pkt","8886950027357","115","1"
"553","BOTTLE","8886950096445","255","1"
"20376","Pc","8964002231423","20","1"
"20377","Pc","8966678980872","20","1"
"20378","Pc","8964002231454","20","1"
"20379","Pc","8964002231461","40","1"
"20380","Pc","203801","40","1"
"17329","Pc","8999999033187","890","1"
"7550","CTN","","3200","10"
"20381","Pc","8851123375740","790","1"
"2344","Pc","7702018263813","3180","1"
"20308","Pc","4987176123961","560","1"
"20309","Pc","4987176123954","560","1"
"20185","JAR","201852","340","1"
"1482","Box","7622202227950","700","24"
"1482","Pc","7622202227967","30","1"
"7764","Pc","8961014033823","30","1"
"898","Pc","8961014262919","125","1"
"20310","Pump","6902088970159","840","1"
"20310","Pump","6902088970135","840","1"
"20310","Pump","6902088970142","840","1"
"20311","Bowl","8858439411001","490","1"
"20311","Bowl","8858439411049","490","1"
"20311","Bowl","8858439411025","490","1"
"20311","Bowl","8858439411032","490","1"
"20312","Pc","6914253441814","80","1"
"20310","Pump","203104","840","1"
"6586","Pkt","8964003062644","1320","1"
"8600","Pkt","8964003062668","1320","1"
"7122","Pkt","8964003062859","1320","1"
"18931","Pkt","8964003062866","2280","1"
"20160","Pc","6297000442341","780","1"
"20313","Pc","203131","295","1"
"4484","Pkt","8961008223162","2350","1"
"13837","POUCH","8961008234892","1820","1"
"2336","Pc","8001673100129","240","1"
"7765","Pc","8961014033816","30","1"
"18903","Pc","5060415523339","350","1"
"13678","Pc","136782","850","1"
"20316","Pc","332467821035","690","1"
"10953","Pc","2331531754017","900","1"
"20317","POUCH","203171","580","1"
"195","Pc","8886950051444","220","1"
"19712","Pc","3800020412169","290","1"
"20318","Pc","3800020411971","370","1"
"7623","Pc","8961008222790","60","1"
"9729","BOTTLE","972915","1160","1"
"20382","Pkt","3014260216658","1820","1"
"20383","Pkt","047400115439","1380","1"
"20384","BOTTLE","8859032703241","430","1"
"20384","BOTTLE","8859032703272","430","1"
"20384","BOTTLE","8859032703265","430","1"
"20384","BOTTLE","8859032703258","430","1"
"20384","BOTTLE","8859032703289","430","1"
"11855","Pc","5000159555715","380","1"
"20385","Pc","203851","280","1"
"20386","Box","203861","9350","1"
"20387","Box","9774110357682","5680","1"
"886","BOTTLE","8961100503209","2730","1"
"20388","Pc","6294003597849","520","1"
"20389","Pc","6294003583071","280","1"
"20390","Pc","6294003569006","280","1"
"20391","Pc","203911","425","1"
"20392","Pc","3600522831983","2900","1"
"20393","Pc","3600522832010","2850","1"
"20394","Pc","3600522490388","2850","1"
"20395","Pc","3061375114010","2850","1"
"20396","Pc","3600520887593","2850","1"
"20397","Pc","3600521989722","2850","1"
"20398","Pc","3600521230329","2850","1"
"9161","Pc","7702018494088","300","1"
"20399","Pc","8964002474400","280","1"
"20400","Box","8964002582518","440","1"
"19455","Pc","6927728501272","150","1"
"20401","Pc","4897066830353","150","1"
"20402","Pc","6805699955525","390","1"
"20403","BOTTLE","7051055555390","650","1"
"19510","Pc","5000146980353","770","1"
"19511","Pc","5000309002601","770","1"
"240","Pc","8961014262810","70","1"
"1223","Pc","8961014262926","125","1"
"1211","Pc","8961014262865","99","1"
"620","Pkt","8961008235257","450","1"
"13837","POUCH","8961008214801","1820","1"
"7323","BOTTLE","6513931947213","100","1"
"7323","BOTTLE","6513931937122","100","1"
"10146","Pc","8964000720592","590","1"
"20429","Box","8961003542985","310","1"
"16295","Pc","8961006010474","440","1"
"10934","JAR","6009679064669","240","1"
"12814","BOTTLE","1860236002013","100","1"
"20431","TIN","8964000686027","130","1"
"10849","Pc","745604690690","200","1"
"20434","Box","8964000884423","380","1"
"20433","Box","8964000884379","380","1"
"20435","Pc","6423080608432","2170","1"
"20436","Pc","8964003778392","1670","1"
"20437","Pc","8964003778330","1970","1"
"20438","Pc","8964003778323","1970","1"
"20439","Pc","8964003778385","1670","1"
"20440","Pc","031655644851","9350","1"
"20441","Pc","737052041353","14450","1"
"20442","Pc","088300107407","9850","1"
"20443","Pc","719346022705","9350","1"
"20444","Pc","6290171040736","1780","1"
"20444","Pc","6290171070849","1780","1"
"20444","Pc","6290171070856","1780","1"
"20444","Pc","6290171040705","1780","1"
"20444","Pc","6290171040712","1780","1"
"20444","Pc","6290171070832","1780","1"
"16376","Pc","6290171074649","1380","1"
"16376","Pc","6290171070641","1380","1"
"16376","Pc","6290171074632","1380","1"
"20445","Pc","6290171070658","1380","1"
"20445","Pc","6290171010258","1380","1"
"20445","Pc","6290171070443","1380","1"
"20445","Pc","6290171070689","1380","1"
"20445","Pc","6290171070672","1380","1"
"20404","Pc","5000309002755","770","1"
"16891","Pc","168912","480","1"
"20405","Pc","9000866643565","480","1"
"13896","Pc","6291105540131","660","1"
"20406","Pc","356016854817","690","1"
"20407","Pc","6290171074755","1980","1"
"20408","Pc","6290171073567","2170","1"
"20409","Pc","6290171074748","2170","1"
"503","Pc","7791293048888","770","1"
"503","Pc","7791293048871","770","1"
"20410","Pc","9005800352275","1220","1"
"20415","Pc","8964000844649","480","1"
"20414","Pc","8964000844656","220","1"
"20413","Pc","8964000844632","230","1"
"20412","Pc","8964000844618","220","1"
"20411","Pc","8964000844625","220","1"
"20416","BOTTLE","8964001179023","100","1"
"20417","Pkt","6973467017000","120","1"
"20418","Pkt","4904530532115","90","1"
"6772","BOTTLE","6068357308266","320","1"
"20419","Pc","6291101526481","215","1"
"8631","Pkt","8964003062811","2280","1"
"20420","Pkt","8964003062897","3150","1"
"20421","Pkt","8964003062903","3150","1"
"20422","Box","8961003564352","290","1"
"121","Box","8964003590963","315","1"
"11716","Pkt","1156790100907","70","1"
"1933","CTN","","3050","8"
"20423","Pc","204231","920","1"
"20424","Pc","204241","980","1"
"20425","Box","6253341422282","250","1"
"20427","Pc","6455616357453","720","1"
"7819","Pc","9228032023021","120","1"
"20428","POUCH","8961014265347","99","1"
"9112","POUCH","8850477012219","1050","1"
"1291","Pc","8850007011866","990","1"
"1663","Pc","42299882","660","1"
"1663","Pc","4005900294517","660","1"
"1663","Pc","4005900654717","660","1"
"20447","TIN","8964000664711","250","1"
"20448","Pc","204481","260","1"
"20449","Pc","204491","230","1"
"20450","Pc","204501","180","1"
"20451","Pc","204511","220","1"
"20452","Pc","204521","110","1"
"20453","Pc","204531","260","1"
"20454","Pc","204541","245","1"
"20455","Pc","204551","145","1"
"20456","Pc","204561","415","1"
"20457","Pc","735816519995","1480","1"
"20458","Pc","735816600440","1070","1"
"20459","Pc","735816808884","1070","1"
"20460","Pc","735816624576","1070","1"
"20461","Pc","735816591601","1070","1"
"20462","Pc","8850389900352","130","1"
"20462","Pc","8850389900338","130","1"
"20462","Pc","8850389900321","130","1"
"20462","Pc","8850389900345","130","1"
"20462","Pc","8850389900307","130","1"
"20462","Pc","8850389900314","130","1"
"20463","Pc","8964000505441","180","1"
"1096","Pc","8851932443203","460","1"
"1096","Pc","8851932443197","460","1"
"1096","Pc","8851932443180","460","1"
"18214","Pc","182142","140","1"
"20464","TIN","8857128523292","395","1"
"16588","BOTTLE","8999999033217","450","1"
"20465","Box","8961103600868","550","1"
"17904","Pkt","614614357513","230","1"
"17904","Pkt","614614357490","230","1"
"20466","Pc","6955801500478","240","1"
"20467","Pc","204671","50","1"
"20467","Pc","flag","50","1"
"14939","Pc","8961014262933","125","1"
"20469","Pc","8964002231447","60","1"
"20470","Pc","8001673100150","240","1"
"20471","Pc","8001673100136","240","1"
"20472","Pc","8964002346608","30","1"
"20473","Pc","8964002346615","50","1"
"20474","Pc","8964002346622","70","1"
"20475","Pc","204751","290","1"
"20476","Pc","204761","1220","1"
"20477","TIN","8961008221328","140","1"
"20478","Pc","204781","425","1"
"20479","Pc","204791","820","1"
"18365","Pc","183652","370","1"
"20480","Pc","204801","120","1"
"20481","JAR","4426423272460","1245","1"
"20482","Pc","8964000538319","210","1"
"20483","Pc","204831","440","1"
"20484","Pc","204841","320","1"
"20485","Pc","204851","670","1"
"20486","Pc","204861","240","1"
"20487","Pc","204871","370","1"
"12653","Pc","6291107451442","690","1"
"11040","Pc","6294003539054","320","1"
"11040","Box","6294003539061","7300","24"
"5776","Pc","96197370","160","1"
"5776","Box","7613287322685","5400","36"
"20488","POUCH","4796018132418","1100","1"
"20489","Pc","3574661287263","2900","1"
"20490","Pump","3574661288345","2570","1"
"20491","Bag","5000166004404","4550","1"
"20155","Pc","8994993016525","3970","1"
"16043","Pkt","8961006010467","420","1"
"20492","Pc","8964000578117","210","1"
"20493","Pc","8991111103082","440","1"
"1663","Pc","8999777009281","660","1"
"14913","Pc","8999777007478","410","1"
"221","Pkt","8961008235233","450","1"
"20495","Pc","8964002346639","30","1"
"20494","Pc","8964002346646","50","1"
"2944","BOTTLE","8992725910455","690","1"
"2944","BOTTLE","8991111153261","690","1"
"2944","BOTTLE","8991111153070","690","1"
"20496","Pc","8961014263077","1080","1"
"13037","Pc","022200962995","780","1"
"13037","Pc","022200963435","780","1"
"20410","Pc","9005800352329","1220","1"
"20410","Pc","9005800352237","1220","1"
"20410","Pc","9005800352206","1220","1"
"20410","Pc","9005800369778","1220","1"
"20410","Pc","9005800352299","1220","1"
"20410","Pc","9005800352244","1220","1"
"9668","Pc","4084500488465","1290","1"
"9668","Pc","8006540442494","1290","1"
"9668","Pc","4084500489479","1290","1"
"9668","Pc","8006540442364","1290","1"
"9668","Pc","8001841858395","1290","1"
"20497","Pc","3610340669576","1950","1"
"900","Pc","8961014262827","70","1"
"20498","Pc","633152014375","120","1"
"20499","Pkt","5060068555015","490","1"
"3949","Pc","marker","25","1"
"7804","BUNDLE","8961014263022","245","1"
"20500","Pc","3700082500579","740","1"
"13410","Pc","8964002647354","290","1"
"13243","Pc","676979100890","260","1"
"4693","Pc","8961006070775","570","1"
"20410","Pc","9005800369792","1220","1"
"20501","Pkt","3094900056707","450","1"
"16177","Pc","8720181343469","1415","1"
"16177","Pc","8720181343452","1415","1"
"16177","Pc","8720181343445","1415","1"
"16177","Pc","8720181343476","1415","1"
"16177","Pc","8720181343483","1415","1"
"6624","Pc","4005900492395","1490","1"
"12653","Pc","6248671222688","690","1"
"20502","Pc","8964000826744","660","1"
"20503","Pc","8964000826133","660","1"
"223","Pkt","8961008235240","450","1"
"20505","Pc","8964002346363","150","1"
"1424","Pc","8961008223063","400","1"
"20506","Box","749921062604","2440","1"
"14835","Pc","3600523232819","1380","1"
"14835","Pc","3600524081713","1380","1"
"14835","Pc","3600524123048","1380","1"
"14835","Pc","3600523232802","1380","1"
"20507","Pump","8851123347822","1390","1"
"20508","POUCH","8886950035598","300","1"
"20509","POUCH","8886950035581","300","1"
"20510","Pc","796554907468","330","1"
"20511","Pc","796554907482","330","1"
"20512","Pc","796554907475","330","1"
"20513","Pc","796554907499","330","1"
"20514","Pc","745314145459","560","1"
"20515","Pc","745314145466","560","1"
"20516","Pc","796554907406","560","1"
"20517","Pc","796554907383","560","1"
"20518","Pc","745314145480","560","1"
"21894","Pkt","218941","110","1"
"20519","Pc","796554907420","560","1"
"20520","Pc","745314145473","560","1"
"20521","Pc","796554907437","560","1"
"20522","Pc","745314145497","560","1"
"20523","Pc","796554907413","560","1"
"20524","Pc","796554907390","560","1"
"278","BOTTLE","8961100503193","1830","1"
"20525","Pc","8964000024706","260","1"
"20526","BOTTLE","8964001179405","220","1"
"20527","Pc","205271","40","1"
"20528","Pc","8961100040629","730","1"
"20138","Pc","180545150999","720","1"
"20530","Pc","8964002493678","410","1"
"20529","Pc","8964002493685","700","1"
"20531","Pc","8857101126137","320","1"
"20532","Pc","8859362514203","320","1"
"20533","Pc","8855424100339","490","1"
"20534","Pc","8859362513923","320","1"
"20535","Pc","8859362513930","320","1"
"20536","Pc","8859178767367","550","1"
"20537","Pc","8859178767831","550","1"
"12653","Pc","6290360590325","690","1"
"20538","Pc","205381","230","1"
"20539","Pc","205391","280","1"
"20540","Pc","205401","170","1"
"20017","Pc","735816604769","430","1"
"20541","Box","735816952716","2880","1"
"20542","Box","735816812102","1380","1"
"19352","Pc","4580614371063","330","1"
"20294","Pc","745125124605","150","1"
"20543","Pkt","205431","170","1"
"20349","TIN","5904003285332","140","1"
"20544","Box","8961102503450","170","1"
"20545","BOTTLE","7051055546312","530","1"
"20546","POUCH","8961003658358","100","1"
"10819","Pc","8286975430222","680","1"
"10821","Pc","8286975430550","520","1"
"2707","Pc","6281006584051","430","1"
"2707","Pc","6281006583962","430","1"
"2707","Pc","6281006584020","430","1"
"20547","BOTTLE","745110860716","780","1"
"20548","BOTTLE","745110860723","780","1"
"20549","POUCH","8886950096452","350","1"
"14444","Pc","8886950051451","400","1"
"10481","SACHET","8886950013862","10","1"
"2067","Pc","4005900614520","1520","1"
"20550","Pc","671866277860","25","1"
"20551","POUCH","8964003412289","160","1"
"20551","POUCH","8964003412241","160","1"
"20551","POUCH","8964003412272","160","1"
"20551","POUCH","8964003412265","160","1"
"20551","POUCH","8964003412258","160","1"
"20551","POUCH","8964003412234","160","1"
"20551","POUCH","8964003412531","160","1"
"20551","POUCH","8964003412517","160","1"
"20552","Pc","205521","120","1"
"20553","BOTTLE","205531","220","1"
"7517","Pkt","8964003062682","2280","1"
"15077","Pkt","8964003062699","2280","1"
"11392","Pc","8964003062705","2280","1"
"15076","Pc","8964003062712","2280","1"
"20555","POUCH","4796018131268","720","1"
"20556","Pc","6971486423086","320","1"
"5174","Pc","8888202064622","620","1"
"20557","Pc","6971104321022","160","1"
"20558","Pc","5055034771209","890","1"
"20558","Pc","205582","890","1"
"20559","Pc","205591","570","1"
"20560","Pc","205601","620","1"
"15773","Pc","157732","320","1"
"20562","JAR","5760466738040","2140","1"
"20563","POUCH","6260532822653","550","1"
"16804","Box","8886467116643","450","1"
"13064","Pc","3014230022234","1490","1"
"13064","Pc","8717163962039","1490","1"
"16587","BOTTLE","8999999033149","890","1"
"20742","Pc","6924565926305","340","1"
"20743","POUCH","6924565926312","290","1"
"20744","Pc","207441","220","1"
"18392","Pc","183922","760","1"
"20745","Pc","207451","330","1"
"20746","Pc","886635001304","120","1"
"9971","Pc","8411061043868","21400","1"
"19344","Pump","9556111634814","990","1"
"20747","POUCH","4902430575898","580","1"
"10179","Box","5000159558303","6960","24"
"20748","Pc","6928158580059","330","1"
"6381","Pc","8907412589654","170","1"
"10179","Pc","5000159558280","290","1"
"3095","Pc","9671230200143","480","1"
"20749","BOTTLE","8964000843741","730","1"
"20750","BOTTLE","8964000843727","330","1"
"16759","Pc","8961100040643","630","1"
"20751","Pc","8961100040605","340","1"
"20752","Pc","8964000024102","390","1"
"20753","Pc","8964000506363","380","1"
"20754","JAR","788821022028","820","1"
"20210","Pc","077043002131","1480","1"
"2944","BOTTLE","8850007813545","690","1"
"20755","SACHET","855434009736","25","1"
"20755","Box","855434013672","690","30"
"20756","JAR","8961103501264","240","1"
"15375","Pc","","550","1"
"15375","Pc","6533411427714","550","1"
"20757","Pc","6890767865776","560","1"
"16042","Pkt","8961006020091","380","1"
"742","POUCH","8961103600233","1620","1"
"2068","Pc","7702018980932","980","1"
"2068","Pc","7702018980925","980","1"
"20758","POUCH","8964001165507","190","1"
"2411","POUCH","8964002797318","50","1"
"20759","Pc","8964003062934","320","1"
"15932","Pc","7640129895359","920","1"
"20564","Pc","671866277471","30","1"
"20564","Pc","671866277440","30","1"
"14452","Pc","8719281111665","1280","1"
"12789","Pc","4005808806652","395","1"
"20565","POUCH","8993560027568","290","1"
"20566","Pc","786905045819","680","1"
"20015","Pc","6165853300093","840","1"
"1066","Box","8964003590932","310","1"
"13896","Pc","6291105540216","660","1"
"13896","Pc","6291105540162","660","1"
"12653","Pc","6291107451459","690","1"
"15465","Pc","3700066713711","1380","1"
"15465","Pc","3700066702715","1380","1"
"20568","Pc","8964000941256","220","1"
"20569","JAR","8964002493517","1500","100"
"20569","SACHET","205692","20","1"
"20570","BOTTLE","8964000844311","430","1"
"20571","BOTTLE","8964000844328","430","1"
"20572","BOTTLE","8964000844298","430","1"
"20573","BOTTLE","8964000844304","430","1"
"20210","Pc","077043002117","1480","1"
"20210","Pc","077043002162","1480","1"
"20210","Pc","077043003213","1480","1"
"20574","Pc","6291107678726","490","1"
"20574","Pc","6291107678641","490","1"
"20574","Pc","6291107678702","490","1"
"20574","Pc","6291107678672","490","1"
"20574","Pc","6291107678696","490","1"
"20574","Pc","6291107678658","490","1"
"20574","Pc","6291107678665","490","1"
"19697","JAR","4009900454087","990","1"
"858","Pkt","620514019048","280","1"
"94","Pkt","620514020006","370","1"
"20575","Pc","8964000024713","410","1"
"20576","Pc","8961014263282","1130","1"
"20577","Pc","8961003563690","235","1"
"20580","Pc","8999999601263","440","1"
"20579","Pc","8999999601256","440","1"
"20578","Pc","8999999601249","440","1"
"20581","Pc","1212021651003","430","1"
"20582","Pc","1042020125126","430","1"
"20583","Pc","1522022125800","430","1"
"17215","Pc","8901030971235","990","1"
"7636","POUCH","8886950083186","160","1"
"1945","Pc","8886950073729","240","1"
"1117","Pc","8886950073712","240","1"
"6982","Pc","8886950093383","190","1"
"18232","Pc","0695240104009","70","1"
"268","POUCH","1786111100158","540","1"
"20584","Pc","886635000215","120","1"
"20585","Pump","305210043596","1890","1"
"20587","Pc","8901207027253","390","1"
"2707","Pc","6281006583993","430","1"
"20588","BUNDLE","8961014239683","430","1"
"20589","Pc","8961014263176","250","1"
"20590","Pump","6281006486539","1080","1"
"20591","Pc","080878179794","990","1"
"20592","Pc","4902430887236","1840","1"
"2944","BOTTLE","3574661684291","690","1"
"13837","POUCH","8961008223407","1820","1"
"20593","Pc","8964000057421","210","1"
"20594","Pc","8991102024778","370","1"
"20595","Pc","4801010524007","430","1"
"2082","Pc","8888202052377","580","1"
"20596","Pc","4668810025","290","1"
"1047","Pkt","6932065901142","150","1"
"20597","POUCH","8961103501110","50","1"
"15638","Pc","9671230200709","360","1"
"20598","Box","8964003590987","310","1"
"20599","JAR","305210044005","1480","1"
"20600","Pc","796554222004","190","1"
"20011","Pc","717273504585","1590","1"
"121","Box","8964003591083","315","1"
"8983","Pkt","8961008235103","630","1"
"4484","Pkt","8961008224855","2350","1"
"1035","Pkt","8961008223810","2650","1"
"227","Pkt","8961008224848","1110","1"
"2167","POUCH","8961008235646","2450","1"
"3278","POUCH","8961103600530","870","1"
"13579","Box","8961103600585","380","1"
"1306","250g","13065","100","0.25"
"20601","BOTTLE","8964000843857","210","1"
"20602","BOTTLE","8964000843888","210","1"
"20603","BOTTLE","8964000843529","210","1"
"20604","Pc","8964000900178","230","1"
"20605","TIN","6290400030095","1180","1"
"17162","Box","8961103063816","195","1"
"20606","Pc","6939517193087","960","1"
"20606","Pc","6939517193094","960","1"
"20606","Pc","6939517193063","960","1"
"20606","Pc","6939517193070","960","1"
"18136","Pc","6939517192790","690","1"
"20607","Pc","6294007502283","970","1"
"20607","Pc","6294007502276","970","1"
"13045","Pc","6221155122667","1430","1"
"13045","Pc","6221155152213","1430","1"
"535","Pkt","620514019031","145","1"
"20608","Pc","8964003508425","50","1"
"20609","POUCH","8964000241394","200","1"
"20610","POUCH","8964000241516","200","1"
"20612","Box","8964000241738","360","1"
"20611","Box","8964000241950","360","1"
"20613","POUCH","8964000241585","160","1"
"2969","Pc","8851932466356","880","1"
"20","POUCH","5063305007414","1980","1"
"8100","POUCH","5063305006776","840","1"
"20615","Pc","788821082091","340","1"
"17035","Box","8964003590956","350","1"
"9697","BOTTLE","4005900123978","1740","1"
"9697","BOTTLE","4005900579614","1740","1"
"9697","BOTTLE","4005808237487","1740","1"
"9697","BOTTLE","4005900096654","1740","1"
"9723","Pc","8901030866739","770","1"
"19396","Box","","1500","50"
"20616","Pc","8961014253702","970","1"
"1310","Pkt","8961014037760","175","1"
"20617","POUCH","8961014263183","840","1"
"4978","Pc","8961014264081","120","1"
"4975","Pc","8961014264098","120","1"
"10792","Pc","0729872355994","80","1"
"20618","Pc","671866277891","50","1"
"20619","TIN","6970679241094","380","1"
"20620","Pc","206201","390","1"
"20621","Pc","6253341429649","300","1"
"20622","Pc","6253341424729","250","1"
"20623","POUCH","8006540978344","50","1"
"20624","BOTTLE","9311931424164","1400","1"
"20624","BOTTLE","9311931422160","1400","1"
"20624","BOTTLE","9311931425161","1400","1"
"20625","Pc","9797102385234","200","1"
"20625","Pc","9787122382238","200","1"
"20625","Pc","9787102385235","200","1"
"20625","Pc","9787201382210","200","1"
"20625","Pc","9787122385239","200","1"
"20625","Pc","9797102385296","200","1"
"20626","Pc","206261","290","1"
"18830","Pc","5055810002480","50","1"
"1689","Box","8964003591113","315","1"
"11125","Pc","5000159559485","300","1"
"20629","Pc","735816527549","260","1"
"20628","Pc","735816982553","300","1"
"20630","Pc","4056800868124","890","1"
"20631","Pc","4056800869046","890","1"
"20632","Pc","4056800868681","890","1"
"19775","Pump","8851932398619","1295","1"
"19775","Pump","8851932398640","1295","1"
"20634","Pc","5000101910883","320","1"
"20633","Pc","5000101910968","320","1"
"20635","Pc","8801038600338","680","1"
"20636","Pc","8801038600345","720","1"
"20637","Pc","6294015124217","560","1"
"20637","Pc","6294015124170","560","1"
"20637","Pc","6294015124200","560","1"
"20637","Pc","6294015124194","560","1"
"9733","Pc","4711146118592","620","1"
"9733","Pc","4711146111494","620","1"
"9733","Pc","4711146117595","620","1"
"9733","Pc","4711146128799","620","1"
"9733","Pc","4711146128591","620","1"
"9733","Pc","4711146128492","620","1"
"9733","Pc","4711146111593","620","1"
"9733","Pc","4711146116499","620","1"
"9733","Pc","4711146116598","620","1"
"9733","Pc","4711146118691","620","1"
"17155","Pc","4711146118653","570","1"
"17155","Pc","4711146128751","570","1"
"17155","Pc","4711146128553","570","1"
"17155","Pc","4711146111357","570","1"
"17155","Pc","4711146116451","570","1"
"17155","Pc","4711146112453","570","1"
"17155","Pc","4711146101457","570","1"
"17155","Pc","4711146128454","570","1"
"7123","Pkt","8964003062651","1320","1"
"7516","Pkt","8964003062675","2280","1"
"2298","SACHET","8961008222936","80","1"
"20638","TIN","6442160033896","580","1"
"20639","Pc","644216010288","220","1"
"10227","Box","6971282340051","430","1"
"20640","BOTTLE","8857128523063","340","1"
"20641","Pc","6290201350262","1440","1"
"20642","Pc","6290201350293","1440","1"
"20643","Pc","6290201350286","1440","1"
"12169","POUCH","8853301550017","390","1"
"17697","Box","815096005729","100","1"
"17527","Pc","4987176013866","340","1"
"20646","BOTTLE","8718114560939","760","1"
"20647","BOTTLE","8718114622521","760","1"
"20648","BOTTLE","6281006532380","570","1"
"20649","BOTTLE","6281006532397","570","1"
"20650","BOTTLE","079400206589","1090","1"
"20651","BOTTLE","079400451545","1090","1"
"20652","BOTTLE","079400451521","1090","1"
"20653","BOTTLE","045893038440","1090","1"
"20655","BOTTLE","6281006524163","1120","1"
"20656","BOTTLE","8712561488297","1120","1"
"20657","BOTTLE","6281006524194","1120","1"
"20658","BOTTLE","6281006524200","1120","1"
"20659","BOTTLE","8851932231374","1050","1"
"20660","BOTTLE","8851932231091","1050","1"
"20661","BOTTLE","8851932291323","1050","1"
"20662","Pc","8710908789427","640","1"
"20663","Pc","8718114562575","640","1"
"20664","Pc","8717644242285","640","1"
"20665","Pc","8718114562506","640","1"
"20666","Pc","6281006597587","1090","1"
"20667","Pc","6281006597600","1090","1"
"20668","Pc","6281006597549","1090","1"
"20669","Pc","6281006597563","1090","1"
"20670","Pc","6281006597624","1090","1"
"20674","Pump","8851932231107","1920","1"
"20673","Pump","8851932290272","1920","1"
"20672","Pump","8851932227704","1920","1"
"20671","Pump","8851932275163","1920","1"
"20675","BOTTLE","079400490179","1090","1"
"20679","Pc","8851932355438","490","1"
"20678","Pc","8851932355414","490","1"
"20677","Pc","8851932354998","475","1"
"20676","Pc","8851932354431","490","1"
"20680","Pc","8851932355148","870","1"
"20681","Pc","8851932355131","870","1"
"20682","Pc","8851932353885","870","1"
"20683","Pc","8851932355155","870","1"
"20684","Pc","8851932353878","870","1"
"20685","Pc","8851932353908","870","1"
"20686","Pc","8851932353892","870","1"
"20687","Pc","8851932355049","475","1"
"20688","Pc","8851932355025","475","1"
"20689","Pc","8851932355018","475","1"
"20690","Pc","8851932354974","475","1"
"20691","Pc","8851932354011","475","1"
"20693","Pc","8851932355001","475","1"
"20694","Pump","8851932356701","1640","1"
"20695","Pump","8851932354912","1640","1"
"20719","Pc","207191","390","1"
"20696","Pump","8851932354929","1640","1"
"20697","Pump","8851932355230","1640","1"
"20698","Pump","8851932355254","1640","1"
"20699","Pump","8851932355247","1640","1"
"20700","Pump","8851932354905","1640","1"
"20701","BOTTLE","8710447224366","890","1"
"20702","BOTTLE","8710447224205","890","1"
"20703","BOTTLE","8710447224168","890","1"
"20704","Pc","8710447224175","920","1"
"20705","Pc","8710447224250","920","1"
"20706","Pc","8710447211052","920","1"
"20707","Pc","8718114627007","640","1"
"20708","Pc","8851932399449","590","1"
"20709","Pc","8851932399579","550","1"
"20710","Pc","8851932399777","925","1"
"20711","Pc","8851932399524","925","1"
"20712","Pc","8851932412285","925","1"
"20713","Pc","8851932399388","925","1"
"20332","CRATE","","870","6"
"5980","Pkt","6956726822829","180","1"
"20294","Pc","745125124650","150","1"
"194","Pc","8886950051468","320","1"
"163","POUCH","8700216736817","285","1"
"2230","POUCH","8700216736787","570","1"
"20714","BOTTLE","067990200698","1150","1"
"20718","Pc","067990501443","1140","1"
"20717","Pc","067990501405","1140","1"
"20716","Pc","067990501412","1140","1"
"20715","Pc","067990503843","1140","1"
"20720","Pump","8964002666003","1280","1"
"20721","Pump","8964002666010","1280","1"
"12505","Pc","8961014263497","145","1"
"10651","POUCH","8961014263985","10","1"
"2433","Pc","8886950055343","430","1"
"10575","Box","8964003591151","230","1"
"18848","TIN","705632492796","340","1"
"16693","Pc","6957179490016","130","1"
"16472","Pc","3610340672248","2900","1"
"16473","Pc","3610340672217","2900","1"
"14765","BOTTLE","8964002344246","130","1"
"14765","BOTTLE","8964002344253","130","1"
"20802","BOTTLE","8964000663288","80","1"
"20803","Pc","3600542502146","1620","1"
"20804","Pc","3600542460408","1620","1"
"5759","JAR","42204374","595","1"
"20210","Pc","077043001776","1480","1"
"20210","Pc","077043002148","1480","1"
"5021","Pc","8901012188033","740","1"
"16949","Pc","8901012188064","740","1"
"13942","POUCH","6921211118121","360","1"
"17200","Pc","8935001719083","190","1"
"20805","SACHET","208051","70","1"
"20806","Pc","8964000884270","190","1"
"19951","Pkt","199512","130","1"
"6118","Pkt","8961008235295","1250","1"
"11390","Pkt","8961008235318","1250","1"
"13610","Pc","8961008235110","1170","1"
"13956","POUCH","8961008223445","1730","1"
"20807","JAR","8961100091881","870","1"
"2286","Pkt","8961006040136","265","1"
"20808","Pc","4426423272606","65","1"
"20809","Pc","8961101819033","110","1"
"2163","Pkt","8700216403023","820","1"
"1912","Pkt","8700216402934","820","1"
"20810","Pc","8964000570388","180","1"
"20811","Pc","8964000570258","240","1"
"20812","Pc","3574661332505","1390","1"
"7375","Pc","4005900942142","990","1"
"20813","PATTA","208131","230","1"
"3545","Pc","4792081013678","1530","1"
"3545","Pc","4792081013715","1530","1"
"3545","Pc","4792081013777","1530","1"
"20814","Pc","8901248451161","220","1"
"20829","POUCH","8996001330739","440","1"
"17455","Pc","8935001713074","90","1"
"20831","SACHET","208311","300","1"
"20830","SACHET","8690632042145","315","1"
"20832","Pc","6281006532427","570","1"
"20833","POUCH","725765615213","560","1"
"20834","POUCH","695240210717","270","1"
"20835","SACHET","9311931029017","140","1"
"20836","SACHET","8998666003140","140","1"
"20837","SACHET","9311931024609","140","1"
"20838","SACHET","8996001414002","140","1"
"20839","Pump","735816944964","880","1"
"20840","Pump","735816913854","880","1"
"20841","Pump","0735816923723","880","1"
"20842","Pump","735816509460","770","1"
"20841","Pump","735816923723","880","1"
"13351","Pc","745604690706","200","1"
"1480","Box","8964002488230","115","1"
"7771","BUNDLE","8961014263015","245","1"
"13899","Pc","8961014263046","510","1"
"14769","Pc","8710522386491","720","1"
"20843","JAR","6291069710861","730","1"
"20844","JAR","6291069710830","730","1"
"20845","PATTA","8964001492436","430","1"
"2355","Pc","8964001492252","750","1"
"14524","Pkt","6986255580655","140","1"
"18675","Pc","PM140428-200-999-M","690","1"
"1305","250g","13056","100","0.25"
"7773","BUNDLE","8961014263862","360","1"
"20846","Pc","742761777653","20","1"
"2068","Pc","3014260228767","980","1"
"20847","Pc","8851932391818","925","1"
"20848","Pc","3014260305017","180","1"
"20849","Pc","8886467027109","640","1"
"20849","Pc","8886467027093","640","1"
"4626","Box","","500","6"
"11285","Box","","400","6"
"15978","POUCH","8961102501838","50","1"
"1540","Pc","ball pen","20","1"
"19172","Pc","8964002912872","580","1"
"19173","Pc","6291109920199","670","1"
"19173","Pc","6291100170197","670","1"
"19173","Pc","6291109921240","670","1"
"19173","Pc","6291109921271","670","1"
"19173","Pc","6291100170951","670","1"
"19173","Pc","6291100170388","670","1"
"19173","Pc","6291100170425","670","1"
"19173","Pc","6291109921301","670","1"
"19173","Pc","6291109921288","670","1"
"19173","Pc","6291109921257","670","1"
"19173","Pc","6291109921318","670","1"
"8597","Pkt","8690536840854","1320","1"
"19174","Box","769503781419","170","1"
"19175","Pkt","8964001049180","2550","1"
"19176","Pkt","191761","490","1"
"19177","Pump","8851123375054","1430","1"
"19178","Pump","8851123342377","1600","1"
"19179","Pkt","191791","480","1"
"19180","Pkt","191801","340","1"
"10395","Pkt","8809474035035","270","1"
"10395","Pkt","6949832880623","270","1"
"10396","Pkt","6971123983942","190","1"
"10396","Pkt","6949832880630","190","1"
"10396","Pkt","6970928037652","190","1"
"10396","Pkt","6970928031186","190","1"
"10396","Pkt","6949832800287","190","1"
"10396","Pkt","6970928035061","190","1"
"10396","Pkt","6970928031193","190","1"
"10396","Pkt","6970928031018","190","1"
"10396","Pkt","6949832880531","190","1"
"10396","Pkt","6970928030967","190","1"
"19181","Pc","191811","580","1"
"7318","Pkt","73181","490","1"
"19183","Box","191831","630","1"
"19184","Pc","191841","280","1"
"19185","Pc","191851","1580","1"
"19186","JAR","8428916061298","820","1"
"9138","SACHET","8961014260632","20","1"
"13611","Pc","8961008220536","1170","1"
"19187","Pc","1572022251009","190","1"
"19188","Box","191881","490","1"
"19189","Box","191891","860","1"
"19190","Pkt","191901","890","1"
"19191","Pc","191911","890","1"
"19192","Box","191921","1460","1"
"19193","Pkt","4988190015904","130","1"
"19194","Pc","191941","80","1"
"1935","Box","8964002527014","210","1"
"19195","POUCH","8008857406145","830","1"
"6625","JAR","42204091","880","1"
"1663","Pc","8999777010973","660","1"
"19196","JAR","717273504219","940","1"
"19197","Pc","4902430633277","1330","1"
"19197","Pc","4902430118781","1330","1"
"19198","Pc","7509552816280","2640","1"
"19198","Pc","7509552909654","2640","1"
"19199","Pc","7509552849653","2640","1"
"19199","Pc","7509552816266","2640","1"
"19199","Pc","7509552906509","2640","1"
"19199","Pc","7509552910964","2640","1"
"19199","Pc","7509552908718","2640","1"
"19200","Pc","8964000153277","10","1"
"19201","Pkt","8964002385447","110","1"
"19204","JAR","8964001204947","700","1"
"19203","JAR","8964001204930","700","1"
"19202","JAR","8964001204923","620","1"
"19205","Pc","192051","100","1"
"19220","JAR","6533411535792","370","1"
"19221","Pc","6533411408768","320","1"
"19222","Pc","6533411410716","845","1"
"19223","Pc","182039000173","480","1"
"2050","Pc","8961101234041","960","1"
"19224","Pc","079400858603","860","1"
"19225","Pc","620514002675","180","1"
"19226","Box","192261","1140","1"
"19227","Pc","192271","1040","1"
"19228","Pc","192281","1170","1"
"19229","Pc","192291","1470","1"
"19230","Pc","8964000961858","290","1"
"19231","Pkt","8991102999908","1030","1"
"19232","Pc","6298044198508","790","1"
"19233","Box","8904027300391","230","1"
"19234","Box","192341","230","1"
"19235","Box","192351","280","1"
"19236","Pc","3585632421197","50","1"
"19237","Pc","5907609356833","1340","1"
"19238","Pc","5903416014379","1290","1"
"19239","Pc","5907609378132","3130","1"
"19240","Pc","5901761948912","3040","1"
"19241","Pc","5901761949070","3040","1"
"19242","Pc","5907609345714","3130","1"
"19243","Pc","5907609393173","2930","1"
"19244","Pc","5901761941944","3130","1"
"19245","Pc","5901761949131","2930","1"
"19246","Pc","5901761926071","2880","1"
"19248","JAR","192481","240","1"
"19247","JAR","192471","740","1"
"3565","Pc","4005808801046","1170","1"
"19249","Pkt","6973552578102","170","1"
"3894","Pc","9783332133127","130","1"
"1539","Pkt","695240210342","320","10"
"19250","SACHET","8961014256000","10","1"
"19206","Pc","8964000507209","280","1"
"19207","Pc","8964000507254","270","1"
"19208","Pc","8590311105683","250","1"
"19209","Pc","8964000826065","650","1"
"19210","Pc","8964000826034","650","1"
"19211","Pc","8964000826652","650","1"
"19212","Pc","8964000826010","650","1"
"19213","Pc","8964000826003","650","1"
"19214","Pc","8964000826027","650","1"
"19215","Pc","8964000826140","650","1"
"19216","Pc","8964000826058","650","1"
"19217","Pc","8964000826072","650","1"
"19218","Pc","8964000826331","260","1"
"19218","Pc","8964000826324","260","1"
"19219","BOTTLE","6533411348750","890","1"
"19251","Pc","745110540014","780","1"
"19252","Pc","745110540021","780","1"
"19253","Pc","8961014261325","165","1"
"19254","Pc","8961014261318","165","1"
"19256","Box","8961102503221","295","1"
"19259","Pc","4686735048973","820","1"
"19260","Pc","7358873730399","820","1"
"19261","POUCH","8964000844489","180","1"
"16623","Pc","8961014255782","245","1"
"19262","Pc","8961541730035","120","1"
"19264","Box","8961102504617","580","12"
"19264","Pc","8961102504556","50","1"
"14344","JAR","5410126726947","2180","1"
"19265","Pc","7702018606528","2260","1"
"19266","Pc","7702018606597","3140","1"
"19267","Pc","6291101524258","80","1"
"17050","SACHET","4558385270175","120","1"
"1035","Pkt","8961008222240","2650","1"
"662","SACHET","8961008221830","48","1"
"189","Pc","8961101234010","485","1"
"19268","CRATE","","1320","12"
"19268","BOTTLE","90494499","120","1"
"19269","Pc","8961102504549","50","1"
"19269","Box","8961102504600","580","12"
"19270","POUCH","8720608622948","990","1"
"17072","Box","8964002526420","350","1"
"19271","Pc","8964000257753","270","1"
"19272","Pkt","8964000161500","565","1"
"19173","Pc","6291109921295","670","1"
"19276","Box","8961102503214","290","1"
"19277","Box","8961102503238","315","1"
"3893","Pkt","8961008221625","1480","1"
"13837","POUCH","8961008221977","1820","1"
"19278","JAR","8428916059790","1475","1"
"19279","Box","5059319018966","2680","1"
"19280","Pc","","440","1"
"19280","Pc","192802","440","1"
"19282","POUCH","8885014218038","620","1"
"19281","POUCH","8885014218212","620","1"
"19281","POUCH","8885014218205","620","1"
"19281","POUCH","8885014218229","620","1"
"19283","Pc","8964003276812","120","1"
"19284","Box","8961103060648","195","1"
"18416","Box","8961103064202","175","1"
"19285","Pc","1462022125403","520","1"
"227","Pkt","8961008222226","1110","1"
"19287","POUCH","8964003378110","190","1"
"19288","TIN","6533411393750","960","1"
"19289","TIN","6533411416756","720","1"
"19290","TIN","705105550633","340","1"
"19291","SACHET","6165882776567","120","1"
"9822","Pc","3014230026409","970","1"
"19292","Pc","1552341289433","540","1"
"19293","Pc","8850632603689","280","1"
"19294","Pc","192941","340","1"
"19295","Pc","079200774479","990","1"
"19296","Pkt","5900951305597","1060","1"
"19297","Pkt","5900951305672","1060","1"
"12018","Box","5060453454664","570","1"
"12018","Box","5060453458518","570","1"
"12018","Box","5060453458143","570","1"
"12018","Box","5060453458495","570","1"
"12018","Box","5060453458501","570","1"
"19298","Box","3387390324082","2120","1"
"234","POUCH","8961014261905","285","1"
"2051","Pc","8961101233976","960","1"
"19299","Pc","192991","285","1"
"2374","Pc","23741","320","1"
"5290","Box","52901","4300","1"
"8695","Pc","3587925249617","670","1"
"8695","Pc","3587925249624","670","1"
"1945","Pc","8886950073668","240","1"
"19301","Pc","193011","190","1"
"19302","Pkt","36394258","170","1"
"14306","Pc","5060340397678","790","1"
"7788","POUCH","8961014255744","440","1"
"12535","Pc","7622201720988","130","1"
"12535","Box","7622201720971","3000","24"
"9154","POUCH","7622202036262","760","1"
"15840","Box","7622201507084","1160","24"
"15840","Pc","7622201507091","50","1"
"19316","Tub","8961102110665","1260","1"
"4484","Pkt","8961008222264","2350","1"
"661","SACHET","8961008221816","48","1"
"1576","Box","","2400","48"
"19317","Pc","193171","300","1"
"19318","Pc","193181","340","1"
"8695","Pc","3587925249600","670","1"
"19319","TIN","9556001295248","460","1"
"19321","SACHET","9556001263179","190","1"
"19321","POUCH","9556001263162","3800","20"
"19322","POUCH","4009900545945","630","1"
"19322","POUCH","4009900545921","630","1"
"19322","POUCH","4009900545969","630","1"
"19323","Pc","7610211030401","2890","1"
"19324","POUCH","6942836723668","1320","1"
"19324","POUCH","6942836723651","1320","1"
"19324","POUCH","6942836723644","1320","1"
"19324","POUCH","6942836723637","1320","1"
"13573","POUCH","8997212800837","440","1"
"19325","POUCH","7702018840755","1320","1"
"19326","JAR","89000014","320","1"
"19327","JAR","4987176131249","460","1"
"17870","Pc","8964000578483","130","1"
"19328","SACHET","8964003053420","70","1"
"19329","Pc","735816881122","840","1"
"14029","JAR","717273508637","1760","1"
"19341","Pc","5010724529713","790","1"
"19342","Pc","4210201193616","2970","1"
"15084","Pc","4210201409748","3730","1"
"17812","Pc","7702018465132","1080","1"
"2944","BOTTLE","8992725910202","690","1"
"19343","Pc","025929124514","895","1"
"19343","Pc","025929126952","895","1"
"19343","Pc","025929122282","895","1"
"19343","Pc","025929122831","895","1"
"19344","Pump","8993560027254","990","1"
"2297","Pc","4005808024704","1360","1"
"19345","Pc","4780151579629","320","1"
"19346","Pc","8718951290068","940","1"
"11619","Pc","8901088150750","320","1"
"19347","Pc","6281031257241","730","1"
"19347","Pc","6281031256435","730","1"
"19347","Pc","4015000536738","730","1"
"19347","Pc","4015100302332","730","1"
"12270","Pc","8001090222480","1470","1"
"3850","Pc","8999777000165","620","1"
"19348","Pc","8851123342612","890","1"
"19349","Pc","193491","380","1"
"5980","Pkt","5152158915240","180","1"
"936","Pc","5060621241195","720","1"
"19350","Box","8964000769911","1410","1"
"19351","Pc","6934985797577","290","1"
"19352","Pc","4580614371056","330","1"
"19353","Pc","2547640589543","120","1"
"19250","SACHET","8961014261745","10","1"
"19354","Box","8961103502346","315","1"
"19355","Pc","4988190017502","165","1"
"10227","Box","6971282340501","430","1"
"11214","Box","6971282340235","1340","1"
"19356","Pc","193561","775","1"
"19357","Pc","193571","725","1"
"19358","Pc","193581","570","1"
"18821","Pc","8961102501234","50","1"
"19359","Pc","193591","1040","1"
"19092","Pc","25464972730633","260","1"
"9849","Pc","109001008784","560","1"
"1539","Pkt","695240210359","320","10"
"19360","Pc","8852522224226","490","1"
"19361","Pc","8964500154668","2980","1"
"9697","BOTTLE","4005900900593","1740","1"
"19362","JAR","8964003015398","230","1"
"19363","Pc","5698514878823","220","1"
"19363","Pc","8961014036312","220","1"
"4121","Pc","41211","290","1"
"19364","Pc","6518932670016","90","1"
"18257","Box","8961103064189","175","1"
"18319","Box","8961103064233","175","1"
"18418","Box","8961103064219","175","1"
"19366","JAR","8964003015442","470","1"
"19365","JAR","8964003015299","470","1"
"17004","SACHET","2019050786016","80","1"
"19367","Box","193671","230","1"
"16088","Box","8961102505089","520","18"
"16088","Pc","8961102505072","30","1"
"19368","BOTTLE","6533411357738","440","1"
"19370","Pkt","8961014037326","350","1"
"7814","BOTTLE","8961014260823","860","1"
"14691","Pc","8961014248876","275","1"
"13864","SACHET","1645701801045","50","1"
"19371","SACHET","2022090610028","70","1"
"10570","Pc","8901030585791","100","1"
"19303","Pc","193031","90","1"
"19304","Pc","193041","330","1"
"19305","Pc","193051","330","1"
"19306","Pkt","620514019246","350","1"
"18734","SACHET","187342","70","1"
"19307","BOTTLE","8964000055496","610","1"
"10579","Pc","8961101233969","1850","1"
"19308","Pc","671866277501","50","1"
"19309","Box","671866278591","235","1"
"14411","Pc","8719281111368","1280","1"
"811","Pc","8964000932247","240","1"
"6072","Pc","8964000932230","440","1"
"19314","Pkt","4426423272392","605","1"
"19313","Pkt","4426423272415","625","1"
"19312","Pkt","4426423272453","510","1"
"19310","Pkt","4426423272422","585","1"
"19311","Pkt","4426423272439","605","1"
"2569","Pc","7451787506224","300","1"
"19315","Pc","193151","1450","1"
"17225","JAR","8964000902707","350","1"
"14224","Pc","8025337347002","1160","1"
"10812","Pc","8025337346890","1160","1"
"2167","POUCH","8961008222400","2450","1"
"8695","Pc","3587925249631","670","1"
"14930","PATTA","6291105153270","530","1"
"11820","JAR","6294007500029","920","1"
"11820","JAR","6294007500081","920","1"
"7813","BOTTLE","8961014260830","860","1"
"7773","BUNDLE","8961014261783","360","1"
"19330","Pc","8964001753155","330","1"
"19171","Pc","8961102814075","540","1"
"5342","Pc","3326240049706","770","1"
"503","Pc","8710447484326","770","1"
"503","Pc","4600104041990","770","1"
"19331","Pc","193311","280","1"
"19332","Pc","993145421700","280","1"
"19333","Pc","8935212810111","530","1"
"19333","Pc","8935212810845","530","1"
"19333","Pc","8935212811026","530","1"
"19334","Pc","6297001034101","2370","1"
"19335","Pc","6297001034095","2370","1"
"19336","Pc","6297001034118","2370","1"
"19337","Pc","193371","630","1"
"19338","Pkt","193381","580","1"
"5761","Pc","57611","380","1"
"5832","Pc","58321","440","1"
"19339","Pc","6970559486010","160","1"
"5024","Pc","9202729151419","260","1"
"7676","Pc","8961008222219","450","1"
"19340","Pc","3616303302979","680","1"
"19340","Pc","3607340725289","680","1"
"19340","Pc","3614225086205","680","1"
"19340","Pc","3607340723902","680","1"
"10230","Box","6971282340136","945","1"
"10231","Box","6971282340532","1190","1"
"19373","Pc","8999999710880","225","1"
"19372","Pc","8999999706081","225","1"
"19347","Pc","6281031259122","730","1"
"19347","Pc","6281031248805","730","1"
"19390","Pc","6942836723057","290","1"
"19391","Pc","6942836722999","290","1"
"19392","Pc","8850169047024","410","1"
"9682","Pc","4005828503043","220","1"
"9682","Pc","4005828503029","220","1"
"9682","Pc","4005828503067","220","1"
"13049","Pkt","7702018466191","1480","1"
"19393","Pc","193931","90","1"
"7704","Box","8961003594472","295","1"
"17128","Box","8961003572241","315","1"
"19394","Pkt","4902430733779","2740","1"
"17476","Pc","8964000799109","40","1"
"14457","Pc","8719281111252","1280","1"
"19395","Pc","193951","50","1"
"19396","Pc","193961","40","1"
"19397","SACHET","9876543219831","80","1"
"19398","Pc","8964002137305","720","1"
"19399","Pc","788364955036","50","1"
"19400","Pkt","671866277778","190","1"
"19256","Box","8961103500045","295","1"
"19402","BOTTLE","4806534280132","1140","1"
"18624","Box","5059319024448","2780","1"
"19403","Pc","7622200009794","1120","1"
"19403","Pc","7622210983367","1120","1"
"19403","Pc","7622210983343","1120","1"
"1876","Pc","6974184075038","120","1"
"19404","Pc","194041","320","1"
"18060","Pc","9555617300995","250","1"
"19405","Pc","6295120046173","2190","1"
"19406","Pc","5052197026160","260","1"
"19407","Pc","5010232964822","350","1"
"5776","Box","6294003539160","5400","36"
"5776","Pc","6294003539153","160","1"
"19408","Pc","8964002346936","70","1"
"3545","Pc","6001087012010","1530","1"
"2931","Pc","4035773063743","520","1"
"2931","Pc","4035773011744","520","1"
"19409","Box","8961003612114","115","1"
"16345","Pkt","163452","45","1"
"3363","JAR","8961005030428","220","1"
"19410","Pc","8963920320370","20","1"
"19411","Pkt","8963920320301","640","1"
"19412","POUCH","8961014265538","990","1"
"19293","Pc","8850632603658","280","1"
"19413","Pkt","5060068553967","480","1"
"12653","Pc","6290360597928","690","1"
"12653","Pc","6290360597942","690","1"
"12653","Pc","6290360597959","690","1"
"12653","Pc","6291106069358","690","1"
"12653","Pc","6290360597935","690","1"
"19414","Pc","8964002493234","340","1"
"19415","Pc","6291069757354","580","1"
"19416","Pc","8964002492923","310","1"
"19417","Pc","8964002492961","310","1"
"19418","Pc","8964002492886","290","1"
"12565","Pc","4901331503535","620","1"
"12566","Pc","4901331503542","710","1"
"19419","TIN","194191","2150","1"
"19420","BOTTLE","3474636975655","14000","1"
"13137","Box","769503783734","235","1"
"18873","Box","769503783802","235","1"
"7682","SACHET","8961008221700","30","1"
"17637","Box","8961103062123","230","12"
"19421","Box","8964001529859","230","12"
"19421","Pc","8964001529828","20","1"
"19422","Pc","8964000506257","480","1"
"19423","BOTTLE","199628038714","3320","1"
"19424","Pc","8964000585634","30","1"
"19426","Pc","8964000585641","30","1"
"19425","Pc","8964000585627","30","1"
"19427","POUCH","4794232522626","550","1"
"19428","POUCH","8886300004106","120","1"
"1562","SACHET","6009679064676","50","1"
"19429","Pc","7622201508524","490","1"
"19430","POUCH","8964001182030","125","1"
"19430","POUCH","8964001182085","125","1"
"19430","POUCH","8964001182047","125","1"
"19430","POUCH","8964001182092","125","1"
"19431","Pkt","6921936907086","430","1"
"14310","Pc","3574660020502","330","1"
"1248","Pkt","8964003083274","2350","1"
"19432","TIN","199628104730","2150","1"
"19433","Box","194331","1090","1"
"19434","Box","194341","940","1"
"19435","Box","194351","1460","1"
"19436","Box","194361","1820","1"
"19437","Box","194371","1980","1"
"17272","Pc","6972919088865","130","1"
"18684","Pc","6951420900118","210","1"
"18684","Pc","6951420900156","210","1"
"18684","Pc","6951420900149","210","1"
"19438","Pc","6972603720019","190","1"
"19439","Pc","6922369921458","385","1"
"19440","Pc","4603739982232","130","1"
"2813","Box","28131","960","1"
"2891","POUCH","28911","690","1"
"4620","Box","46201","2230","1"
"6580","Box","65801","1130","1"
"5487","Box","54871","725","1"
"3274","Box","32741","1340","1"
"2750","Box","27501","1470","1"
"2884","Box","28841","2120","1"
"2879","Box","28791","1070","1"
"2886","Box","28861","1740","1"
"19441","SACHET","2022040402802","70","1"
"19441","SACHET","194412","70","1"
"19136","Box","6253341410753","200","1"
"19136","Box","6253341410692","200","1"
"19442","Bag","VIP 923113412227","750","1"
"15535","Box","8964003590390","420","12"
"15535","Pc","8964003590383","35","1"
"503","Pc","4600104041792","770","1"
"14524","Pkt","6973286800029","140","1"
"19443","Pc","194431","1370","1"
"6681","Box","7622202049880","470","24"
"6681","Pc","7622202049897","20","1"
"15083","Pc","4792081014767","290","1"
"14930","PATTA","8801619048825","530","1"
"14930","PATTA","6291105153287","530","1"
"14930","PATTA","6291105153263","530","1"
"14930","PATTA","6291105153294","530","1"
"6626","JAR","42204084","1190","1"
"19444","PATTA","5001881880052","210","1"
"19444","PATTA","5060453459874","210","1"
"19444","PATTA","5060453459881","210","1"
"19445","JAR","5056446709446","230","1"
"19445","JAR","5056446709415","230","1"
"19445","JAR","5056446709439","230","1"
"19445","JAR","5056446709422","230","1"
"2929","Pc","8961014260809","510","1"
"8998","POUCH","8961014255775","830","1"
"19447","JAR","7891000361917","2950","1"
"8695","Pc","3587925249594","670","1"
"10479","SACHET","8886950015217","50","1"
"727","SACHET","8886950015200","10","1"
"17701","POUCH","8886950018256","160","1"
"17702","POUCH","8886950018263","160","1"
"19448","Box","6260128708354","850","24"
"19448","Box","6260128708408","850","24"
"19448","Pc","6260128707593","40","1"
"19448","Pc","6260128707630","40","1"
"12327","Pc","6262373500356","40","1"
"12327","Box","","850","24"
"19449","Pc","6260503620653","60","1"
"12438","Pc","0162510216710054","60","1"
"4870","Pc","48701","490","1"
"19450","Pc","194501","180","1"
"19451","Pkt","194511","40","1"
"8325","Box","769503783901","235","1"
"19452","BOTTLE","6281015510102","430","1"
"19453","Pc","8961100314157","70","1"
"13558","Pc","135582","230","1"
"19454","JAR","725765615497","790","1"
"19455","Pc","6927728501241","150","1"
"19456","Pc","194561","180","1"
"19329","Pc","0735816881122","840","1"
"19457","Pkt","194571","480","1"
"19458","Pc","194581","280","1"
"6401","Pc","64011","195","1"
"19459","Pc","194591","290","1"
"6680","Box","7622202036293","700","24"
"6680","Pc","7622202036309","30","1"
"9155","Box","7622202045646","700","24"
"9155","Pc","7622202045653","30","1"
"513","Box","8961003532139","295","1"
"11867","Pc","6291109270102","720","1"
"4865","Pc","48651","130","1"
"19461","BOTTLE","194611","1770","1"
"19462","JAR","8807502377171","980","1"
"19463","TIN","8437002250270","620","1"
"19464","JAR","8714599524244","1090","1"
"13216","TIN","4037719068515","830","1"
"13216","TIN","4013197767119","830","1"
"13216","TIN","4037719068522","830","1"
"13216","TIN","4037719067228","830","1"
"13216","TIN","4037719065002","830","1"
"13216","TIN","4037719065057","830","1"
"13216","TIN","4037719065033","830","1"
"13216","TIN","4013197767010","830","1"
"13216","TIN","4037719068171","830","1"
"13216","TIN","4037719067204","830","1"
"19465","Pc","032134232248","940","1"
"19465","Pc","032134239186","940","1"
"19465","Pc","032134285053","940","1"
"19466","SACHET","194661","395","1"
"19467","TIN","7891000892473","1590","1"
"19468","POUCH","6901018432194","680","1"
"19469","POUCH","745114929365","670","1"
"19470","Pkt","6260653700823","490","1"
"19471","Pkt","6260653700632","490","1"
"19472","Pkt","6260653700625","490","1"
"19473","Pc","194731","270","1"
"19474","Pc","8901030649905","530","1"
"3714","Pc","3610340640315","950","1"
"19475","Pc","3600520619101","2900","1"
"19476","Pc","3610340669606","1760","1"
"15465","Pc","3700066738615","1380","1"
"15465","Pc","3700066738745","1380","1"
"15465","Pc","3700066738769","1380","1"
"15465","Pc","3700066713674","1380","1"
"15465","Pc","3700066713254","1380","1"
"13896","Pc","6291105540124","660","1"
"13896","Pc","6291105540049","660","1"
"13896","Pc","6291105540025","660","1"
"13896","Pc","6291105540018","660","1"
"13896","Pc","6291105540148","660","1"
"1936","Pc","3701436915780","5140","1"
"18373","Pc","6291107675862","620","1"
"12703","Pc","6293708010349","1030","1"
"12313","Pc","6824637104276","690","1"
"19477","Pc","737052802800","7840","1"
"19478","Pc","8005610295374","7330","1"
"19479","Pc","719346021814","6450","1"
"19480","Pc","1292893654568","280","1"
"19332","Pc","6973686731237","280","1"
"19481","Pc","3521585685132","280","1"
"19482","Pc","194821","280","1"
"19484","Pc","194841","290","1"
"19485","Pc","194851","345","1"
"19483","Pc","194831","160","1"
"5241","TIN","8964002344062","100","1"
"19486","Pc","194861","330","1"
"19487","Pc","194871","260","1"
"18393","Pc","183932","490","1"
"19488","Pc","194881","190","1"
"5105","Pc","51051","1190","1"
"2640","Pc","26401","740","1"
"8307","Box","8964003590543","230","1"
"19490","Pc","8710103881476","6940","1"
"19491","Pc","8710103883401","3380","1"
"19492","Pc","8710103881353","6840","1"
"19493","Pc","8001673102499","160","1"
"19494","Pc","8710103791614","4860","1"
"19495","Pc","194951","590","1"
"19496","Pc","194961","160","1"
"19497","Pc","8710103742821","2930","1"
"19498","BOTTLE","3001534152022","690","1"
"19499","BOTTLE","3001534152001","690","1"
"19500","Pc","195001","680","1"
"19505","PATTA","5000394096011","590","1"
"19504","PATTA","5000394097858","590","1"
"19503","PATTA","8888021200119","430","1"
"19502","PATTA","8888021200157","430","1"
"19501","PATTA","8888021301434","820","1"
"19506","PATTA","4260033152305","820","1"
"19507","Pc","7841646100012","460","1"
"19508","Pc","195081","430","1"
"7770","Pc","8901030871276","560","1"
"19103","Pc","8901088149594","540","1"
"19509","Pc","8901138511487","440","1"
"1663","Pc","8999777016784","660","1"
"1663","Pc","8999777007430","660","1"
"19510","Pc","5000158062993","770","1"
"19511","Pc","5011417539873","770","1"
"19512","Pkt","3059944025102","740","1"
"11896","Pc","8412428025343","840","1"
"19513","Pc","8992304096723","890","1"
"19514","Pc","3274870303166","15650","1"
"11950","Pc","3614273650311","12900","1"
"19515","Pc","3414200640015","6650","1"
"15469","Pc","6290171010470","3930","1"
"19516","Pc","6290201349914","3340","1"
"19517","Pc","6290201349938","3340","1"
"19518","Pc","085715801975","11750","1"
"19520","Pc","6290201350279","1440","1"
"19519","Pc","6290201350255","1440","1"
"19521","Pc","6290201350323","1190","1"
"19522","Pc","6290201350361","1190","1"
"19523","Pc","6290201379645","1190","1"
"19527","Pc","6290201350095","1190","1"
"19526","Pc","6290201349716","1190","1"
"19525","Pc","6290201379683","1190","1"
"19524","Pc","6290201379614","1190","1"
"19530","Pc","6290201350217","1690","1"
"19529","Pc","6290201350194","1690","1"
"19528","Pc","6290201350231","1880","1"
"19531","Pc","6290201350163","1730","1"
"19532","Pc","6290201350156","1730","1"
"19533","Pc","6290201350248","1840","1"
"19534","Pc","3614229823806","13470","1"
"249","JAR","8961014261660","390","1"
"19574","Pc","9873725764554","410","1"
"19575","Pc","735816981150","390","1"
"19576","BOTTLE","735816797416","980","1"
"19577","BOTTLE","735816558185","1080","1"
"19578","Pc","735816893781","780","1"
"19579","Pc","735816593919","840","1"
"19580","Pc","735816611088","980","1"
"4902","Pc","42069775","220","1"
"5776","Box","8445290238351","5400","36"
"5174","Pc","8888202026781","620","1"
"19581","Box","8961101705206","1380","1"
"19582","Pc","195821","2950","1"
"19583","Pc","195831","3650","1"
"19584","Pc","195841","2700","1"
"19585","Pc","195851","6900","1"
"19586","Pc","195861","7900","1"
"19587","Pc","195871","1250","1"
"19588","Pkt","8964003018436","200","1"
"8599","Pkt","8964003062033","1320","1"
"13139","Box","769503783710","235","1"
"19589","Pc","1252021125203","380","1"
"19590","JAR","8002742112180","445","1"
"1117","Pc","8886950074665","240","1"
"15153","Pc","8992222050203","380","1"
"15153","Pc","8992222052993","380","1"
"15153","Pc","8992222050098","380","1"
"15153","Pc","8992222055222","380","1"
"15153","Pc","8992222050142","380","1"
"1663","Pc","8999777014315","660","1"
"19591","Pump","8850007090281","1670","1"
"19592","Pc","8850007040354","685","1"
"19593","Pc","4801010524304","430","1"
"19594","Pc","8888115000151","410","1"
"19595","Pc","8888115000144","630","1"
"17315","Box","8964003378318","350","1"
"19609","Pc","196091","70","1"
"19610","Pc","196101","230","1"
"19611","Pc","196111","95","1"
"19612","Pc","196121","290","1"
"19613","Pc","047400240407","1430","1"
"19614","Pc","8712561485524","680","1"
"9109","Pc","91091","1050","1"
"19615","Pc","196151","720","1"
"3382","Pc","33821","485","1"
"19616","Pc","196161","240","1"
"5510","Pc","55101","395","1"
"19617","Pc","196171","520","1"
"19618","Pc","196181","520","1"
"19619","Bag","196191","370","1"
"19620","Pc","196201","480","1"
"19621","Pc","196211","1640","1"
"19622","Pc","196221","290","1"
"19623","Pc","196231","320","1"
"19624","POUCH","8964000192474","270","1"
"19625","TIN","8964000002506","600","1"
"19625","CTN","8964000002513","2400","4"
"19626","Pc","6932309510017","250","1"
"19627","Pc","196271","570","1"
"19628","Pc","196281","280","1"
"19629","Pc","196291","490","1"
"19630","Pc","196301","290","1"
"19631","Pc","196311","620","1"
"19632","Pkt","196321","245","1"
"1663","Pc","8999777017620","660","1"
"1663","Pc","8999777015893","660","1"
"19633","Box","8961003575761","295","1"
"19634","Box","8961003573248","295","1"
"19635","Box","8961003583704","295","1"
"188","Pc","8961101233952","240","1"
"18438","Box","769503781266","235","1"
"2441","Box","769503783765","235","1"
"5776","Pc","96202364","160","1"
"19535","Pc","6291110003460","1240","1"
"19536","Box","8961102502583","970","10"
"19536","Pc","8961102502545","100","1"
"19537","POUCH","8961102503566","70","1"
"19538","Pc","783320413698","18650","1"
"8401","200G","84013","340","0.2"
"19539","Pc","195391","660","1"
"19540","Pc","195401","680","1"
"19541","Box","8961103060402","175","1"
"19542","Pc","8901030829062","760","1"
"19543","JAR","8681857033308","970","1"
"19543","JAR","8681857033506","970","1"
"19543","JAR","8681857033209","970","1"
"19543","JAR","8681857033001","970","1"
"19544","Pkt","8886001026025","590","1"
"19545","Pkt","195451","145","1"
"19546","Pkt","195461","180","1"
"19547","Pkt","195471","360","1"
"19548","Pc","195481","270","1"
"19549","Pc","195491","120","1"
"19550","Pc","195501","230","1"
"19551","Pc","195511","190","1"
"19552","Pc","195521","245","1"
"19553","Pc","195531","800","1"
"19554","Pc","195541","5300","1"
"19555","Pc","195551","5300","1"
"19556","Pc","195561","3500","1"
"19557","Pc","195571","4950","1"
"19558","Pc","8964002137954","160","1"
"19559","Pc","8964002137985","190","1"
"19560","Pc","8964002137947","150","1"
"19561","Pc","8964002137978","180","1"
"19562","Pc","8964003820107","160","1"
"19563","Pc","8964003820114","190","1"
"19564","Pkt","4426423272408","585","1"
"19565","Pkt","3570185726431","155","1"
"19566","ROLL","195661","580","1"
"12709","Pc","6260161548436","35","1"
"10479","SACHET","8886950015224","50","1"
"5523","Pc","4005808160266","1580","1"
"4112","Pc","4006000020471","1070","1"
"9697","BOTTLE","4005900669865","1740","1"
"7673","Pc","8961008222097","740","1"
"1663","Pc","8999777004163","660","1"
"19637","POUCH","8961100091140","68","1"
"19638","BOTTLE","1860074053543","60","1"
"19638","CRATE","","640","12"
"19639","Pc","6260500510421","60","1"
"12066","Pc","856097008999","320","1"
"15149","Pc","8999999052973","320","1"
"19640","Pc","8999999052980","320","1"
"19641","Pc","5022496181501","490","1"
"19642","Pc","6291069700299","490","1"
"19643","Pc","6291069711721","650","1"
"19644","Pc","6291069712698","550","1"
"18974","Pc","894669008190","70","1"
"19645","Pc","6922996520277","90","1"
"19276","Box","8961103500038","290","1"
"19646","Pc","8801073110168","550","1"
"19647","Pc","8801073113800","550","1"
"19649","Pc","3605970859251","19000","1"
"16585","Pump","8999999033194","1580","1"
"9730","Pump","8999999033231","1580","1"
"19650","Pc","6253341429618","300","1"
"3717","Pc","8961101233945","485","1"
"19651","Pc","8999777017293","910","1"
"14524","Pkt","6972707300193","140","1"
"17455","Pc","8901393017045","90","1"
"17454","POUCH","8901393026146","270","1"
"1342","ROLL","8961006070805","125","1"
"20722","JAR","4426423272538","1245","1"
"20723","JAR","4426423272552","1245","1"
"503","Pc","7791293048857","770","1"
"503","Pc","7791293048864","770","1"
"296","Pc","8961008223087","400","1"
"437","JAR","620514020334","320","1"
"20724","Pc","6974443391039","320","1"
"20725","Pc","207251","480","1"
"20726","Pc","3610340672057","1070","1"
"503","Pc","7791293048895","770","1"
"20338","CRATE","","1050","12"
"4709","Pc","47092","35","1"
"10192","BOTTLE","8859108260548","460","1"
"10192","BOTTLE","8859108260593","460","1"
"15424","Pc","8961014263060","510","1"
"14939","Pc","8961014263848","125","1"
"899","Pc","8961014262834","70","1"
"10998","POUCH","8961014264272","530","1"
"239","Pc","8961014263763","99","1"
"7276","Pc","8961014263756","99","1"
"14856","Pc","8961014263817","125","1"
"234","POUCH","8961014264289","285","1"
"897","Pc","8961014262872","99","1"
"3542","Pc","8961014264012","50","1"
"20727","Pc","8700216610384","415","1"
"20728","Pc","8700216610445","410","1"
"13839","Pc","3040506070029","280","1"
"13839","Pc","3040506070043","280","1"
"20729","Box","8961103501721","680","1"
"20730","Box","8961103502421","295","1"
"20731","Box","8961103501745","295","1"
"20732","Pc","6972998060158","320","1"
"20733","Pc","6972998060837","330","1"
"20858","Pc","8904238302078","860","1"
"20861","Pkt","4904530583056","120","1"
"26","1kg","s1","150","1"
"26","2Kg","s2","300","2"
"26","5Kg","s5","750","5"
"7676","Pc","8961008224824","450","1"
"7673","Pc","8961008235455","740","1"
"7674","Pc","8961008235462","1480","1"
"20862","Pc","8980621754778","490","1"
"20863","Pkt","8980621754785","620","1"
"9994","Box","8961003514890","235","1"
"20864","Pc","8964000241103","80","1"
"20865","Box","8964000241134","200","1"
"20866","Pc","208661","290","1"
"20867","Pc","8964000826041","650","1"
"20868","Pc","8964000826690","650","1"
"20869","Pc","8964002664214","650","1"
"20870","Pc","8964000826720","650","1"
"20871","Pc","8964000826737","650","1"
"20872","Pc","8964000826119","650","1"
"20873","Pc","8964000826713","650","1"
"20874","JAR","8964000826478","550","1"
"19342","Pc","4210201154594","2970","1"
"20875","BOTTLE","2023060233391","250","1"
"20875","BOTTLE","m5","250","1"
"20876","SACHET","8886300016116","30","1"
"20877","Box","8961006010214","145","1"
"20878","Box","208781","490","1"
"20879","Box","208791","590","1"
"20880","Box","208801","530","1"
"20881","Box","208811","320","1"
"20882","Box","208821","440","1"
"20883","Box","8964000192092","1180","1"
"20884","JAR","8961005030497","380","1"
"20885","Pkt","8961006090094","590","1"
"20886","Pkt","8961006090117","810","1"
"12709","Pc","6260161548450","35","1"
"12709","Pc","6260161548405","35","1"
"1128","BOTTLE","6291106716214","290","1"
"17554","POUCH","8961014255751","840","1"
"19567","Pc","8964000843864","80","1"
"15671","Pc","8852961021622","110","1"
"7674","Pc","8961008222103","1480","1"
"19164","BOTTLE","191642","820","1"
"19569","Pc","8964002347056","20","1"
"2335","Pump","4005808280827","1820","1"
"18004","Pc","6291107674889","480","1"
"19474","Pc","8901030942686","530","1"
"19570","Pc","8710447340691","1320","1"
"13049","Pkt","7702018490547","1480","1"
"19571","Box","8008857601052","840","1"
"19572","POUCH","8008857400839","700","1"
"13121","Box","0769503783376","230","1"
"19573","Pc","5060068552366","130","1"
"14132","Box","8964003377854","235","1"
"19596","Pc","305210287303","2920","1"
"19598","Pc","195981","890","1"
"14344","JAR","5410126006940","2180","1"
"1540","Pkt","8964003094041","190","10"
"19599","Pump","8980621754617","530","1"
"19600","Pkt","8964001277828","380","1"
"19601","Box","8964002546282","690","1"
"19601","Box","196012","690","1"
"19602","Box","196021","1740","1"
"19602","Box","8964002547593","1740","1"
"19603","Pkt","196031","890","1"
"19603","Pkt","8964002547050","890","1"
"2390","Pc","8964002546459","190","1"
"2390","Pc","23902","190","1"
"19604","Pc","3351500016815","13500","1"
"19605","Pc","9556006014585","430","1"
"19606","Box","8964000769614","2180","1"
"19607","Box","8964000769638","2070","1"
"19608","Pkt","8961008222394","650","1"
"17476","Pc","8964000798980","40","1"
"17476","Pc","8964000799482","40","1"
"17476","Pc","8964000799024","40","1"
"1035","Pkt","8961008222592","2650","1"
"19652","Pc","196521","160","1"
"19653","Pc","196531","220","1"
"19654","Pc","196541","240","1"
"19655","Pc","196551","260","1"
"19656","Pc","196561","270","1"
"19657","Pc","196571","290","1"
"19658","Pc","196581","310","1"
"19659","Box","196591","890","1"
"19660","Box","196601","1530","1"
"19661","Pc","8961102504532","50","1"
"19661","Box","8961102504594","580","12"
"19662","Box","8961102505041","350","1"
"19690","JAR","8964003576585","720","1"
"997","Pkt","8964003083267","2350","1"
"1187","Pkt","8964003083281","2350","1"
"18524","Pkt","185242","260","1"
"19691","Pc","671866277419","70","1"
"10654","TIN","8886451006790","6100","1"
"19692","Box","8964003378301","350","1"
"1663","Pc","42299806","660","1"
"19693","Pc","8964001086178","195","1"
"19694","Pc","8964001086185","200","1"
"20445","Pc","6290171070634","1380","1"
"20445","Pc","6290171070665","1380","1"
"12653","Pc","6290362343684","690","1"
"18373","Pc","6291107675855","620","1"
"20887","POUCH","9311931209013","250","1"
"11040","Pc","6294017119990","320","1"
"20888","Pc","6281006524279","1120","1"
"20889","Pc","4056800867929","890","1"
"20890","Pc","4064666307671","890","1"
"20891","Pc","4056800868209","890","1"
"20892","Pc","4056800868322","890","1"
"20893","Pc","4056800868964","890","1"
"20894","Pc","4056800867806","890","1"
"18675","Pc","159871200999","690","1"
"18675","Pc","159875200999","690","1"
"18675","Pc","159865200999","690","1"
"19057","Pkt","8961008235370","440","1"
"20895","Pc","8964002346707","50","1"
"9197","Pc","8964002345618","50","1"
"9769","Pc","97694","660","1"
"14524","Pkt","6986255580631","140","1"
"19342","Pc","4210201355502","2970","1"
"7856","Pc","8511669909938","370","1"
"20896","BOTTLE","8964000257111","495","1"
"20897","Pc","515000131079","110","1"
"20898","Box","8964000057582","580","30"
"20898","SACHET","515000131925","20","1"
"20899","Pc","839796006213","70","1"
"20899","Pc","839796006206","70","1"
"20900","Pc","209001","380","1"
"20901","Pc","209011","180","1"
"20902","Pc","209021","1370","1"
"20903","Pc","209031","980","1"
"20904","Box","8961003514944","235","1"
"20905","Pc","8964003916077","190","1"
"20906","Pc","209061","340","1"
"20907","Pc","209071","490","1"
"20908","Pc","209081","670","1"
"20734","Pc","207341","320","1"
"20735","Pc","207351","190","1"
"15447","Pc","154472","130","1"
"20736","Pc","207361","170","1"
"20737","Pc","207371","220","1"
"20738","Pc","207381","240","1"
"20739","Pc","207391","345","1"
"20740","Pc","207401","110","1"
"9823","Pc","614514060124","730","1"
"9823","Pc","614514060926","730","1"
"20760","POUCH","8961103501059","50","1"
"20761","POUCH","8961103501066","50","1"
"20762","Box","8964000769508","1290","1"
"20763","Pkt","6921211114796","295","1"
"20764","Pc","6290171072744","3840","1"
"976","Box","8961003512254","295","1"
"10158","Pc","0705632761618","240","1"
"7774","POUCH","8961014256475","830","1"
"20765","Pc","8964003457013","570","1"
"20766","Pc","8964003457006","570","1"
"20138","Pc","180536150999","720","1"
"20767","Pc","796554222035","290","1"
"12195","Pc","8286975430246","490","1"
"20768","Pc","8851932355032","475","1"
"2335","Pump","4005900490612","1820","1"
"20769","TIN","4796918130064","780","1"
"20770","Box","8964001084570","630","1"
"20771","Pc","4056800867882","890","1"
"20772","Pc","8851932399746","550","1"
"20774","Pc","6281006532441","570","1"
"20773","Pc","6281006532410","570","1"
"20775","Pump","8710908657535","1820","1"
"20776","Pump","8851932452212","1220","1"
"20777","Pc","6281006524255","1120","1"
"20778","Pump","8851932280686","1220","1"
"17614","Pc","8901088210553","690","1"
"19835","BOTTLE","8964002619825","300","1"
"20780","ppc","735816675431","900","1"
"20781","Pc","735816798567","900","1"
"20782","Pc","735816678982","900","1"
"20779","Pc","735816877774","900","1"
"20792","Pkt","8961101819125","240","1"
"20791","Pkt","8961101819637","150","1"
"20790","Pc","8961101819569","200","1"
"20789","Pc","8961101819545","200","1"
"20788","POUCH","8961101819613","100","1"
"20787","POUCH","8961101819477","130","1"
"20786","POUCH","8961101819026","160","1"
"20785","POUCH","8961101819002","150","1"
"20784","POUCH","8961101819071","150","1"
"20783","POUCH","8961101819064","110","1"
"20793","Pc","7860121804993","1590","1"
"20794","Pc","815096000670","190","1"
"13","Pkt","8961103601841","380","1"
"20795","Pc","8964000057377","140","1"
"20796","SACHET","8964000902745","40","1"
"20797","Pc","8964000900093","180","1"
"20798","Pc","8964000900086","230","1"
"3893","Pkt","8961008235394","1480","1"
"8984","Pc","8961008235134","630","1"
"18642","Pkt","8961008235202","630","1"
"15757","Box","8961008235325","2490","1"
"10","POUCH","8961103600516","700","1"
"14738","POUCH","8961103600493","1750","1"
"14","POUCH","8961103601810","810","1"
"441","POUCH","620514019192","130","1"
"20799","BOTTLE","5449000054227","160","1"
"20799","CRATE","","920","6"
"20800","Pc","8964000064481","400","1"
"20801","Pkt","8964003283223","860","1"
"4484","Pkt","8961008236988","2350","1"
"19673","Pc","3610340672224","2900","1"
"20928","Pc","8961014263695","140","1"
"20929","Pc","8961014263312","790","1"
"20930","Pc","8961014263503","490","1"
"17643","Pc","8961014263053","290","1"
"7819","Pc","9228032023014","120","1"
"20931","Pc","8961014263688","70","1"
"20932","Pc","8961014263671","25","1"
"9964","Pc","6290171072591","6240","1"
"13683","Pc","136832","800","1"
"13695","Pc","136952","800","1"
"13698","Pc","136982","800","1"
"13692","Pc","136922","800","1"
"13684","Pc","136842","800","1"
"13691","Pc","136912","800","1"
"13680","Pc","136802","800","1"
"13699","Pc","136992","800","1"
"13688","Pc","136882","800","1"
"9842","Pump","8999999518370","1580","1"
"20402","Pc","5054563109422","390","1"
"20933","Pc","725765615541","790","1"
"20934","Pc","5507862014404","170","1"
"20935","Pc","4023568265083","360","1"
"20935","Pc","4023568265076","360","1"
"20935","Pc","4023568265090","360","1"
"20936","Box","8961003516641","235","1"
"20937","Pc","6294003582678","490","1"
"12682","Pc","126823","460","1"
"20938","Pc","6920231380723","440","1"
"20938","Pc","6920241403184","440","1"
"20938","Pc","6920241390590","440","1"
"20938","Pc","6920231383014","440","1"
"20938","Pc","6920231390531","440","1"
"20938","Pc","6920211372830","440","1"
"20939","Pc","6986548881292","390","1"
"10228","Box","6971282340518","650","1"
"10228","Box","6971282340396","650","1"
"10226","Box","6971282340891","360","1"
"14317","Pc","6971282340907","190","1"
"10820","Pc","8286975431045","640","1"
"20138","Pc","10000055662","720","1"
"20138","Pc","10000055198","720","1"
"4028","Pkt","8961008235431","1480","1"
"4486","Pkt","8961008235400","2950","1"
"20940","Pc","8999999034696","680","1"
"20941","Pc","8999999034733","680","1"
"20942","Pc","8999999041656","680","1"
"20943","Pc","8999999527365","680","1"
"20944","Pc","8964000913895","250","1"
"4902","Pc","42211464","220","1"
"14342","Pc","6942836701024","390","1"
"14513","Pc","182039000661","280","1"
"20945","Pc","9647292157961","160","1"
"20946","Pc","8991102024099","160","1"
"20947","Pc","8991102020305","160","1"
"20948","Pc","209481","440","1"
"4027","Pkt","8961008223223","740","1"
"9803","Box","8850014411093","320","1"
"13670","Pc","8850014513889","220","1"
"15787","Pkt","8961101234225","550","1"
"1047","Pkt","6932065901159","150","1"
"15681","Box","8961008235271","1250","1"
"20949","Box","23898745","920","1"
"20950","Box","83365195","920","1"
"20951","Box","23112353","920","1"
"20952","Box","89541562","920","1"
"20953","Box","23158498","920","1"
"20954","Pc","8924282727887","170","1"
"1540","Pkt","695240210144","190","1"
"1047","Pkt","6932065901135","150","1"
"20955","Pc","6260526422067","160","1"
"20955","Pc","6260526424634","160","1"
"20981","Bag","8850477490109","2230","1"
"1223","Pc","8961014263831","125","1"
"1211","Pc","8961014263770","99","1"
"20982","Pc","8961014263305","840","1"
"20983","Pc","8961014263299","840","1"
"7779","Pc","8961014256383","540","1"
"7786","Pc","8961014256284","540","1"
"15663","Pc","8961014263039","290","1"
"20984","Pc","8961103810168","110","1"
"20985","Pc","8961103810090","140","1"
"20986","Pc","8964000768990","660","1"
"15840","Box","7622202245787","1160","24"
"15840","Pc","7622202245794","50","1"
"20987","Pc","209871","2100","1"
"20988","Pc","209881","3550","1"
"20989","Pc","209891","120","1"
"20990","Pc","209901","590","1"
"1465","Pc","8964003820022","1800","1"
"20991","Pc","8926466645420","680","1"
"20992","Pc","6291101523633","240","1"
"20992","Pc","6291101523695","240","1"
"20993","Box","671866278423","340","1"
"20994","Pc","745110941873","110","1"
"20994","Pc","745110941811","110","1"
"20994","Pc","745110941859","110","1"
"20994","Pc","745110941835","110","1"
"20994","Pc","745110941897","110","1"
"14310","Pc","8801051127218","330","1"
"20995","Pc","8961102503429","85","1"
"20996","JAR","725765615510","750","1"
"20997","Pc","8964000057391","90","1"
"20998","Pc","8961005914766","570","1"
"20999","Pc","8961005914735","570","1"
"21000","Box","8961103502698","295","1"
"2335","Pump","4005900788962","1820","1"
"21001","Pc","5060128980566","490","1"
"21002","Pc","4987176150455","2470","1"
"20815","Pc","8002910043445","1320","1"
"20816","Pkt","8964003916053","115","1"
"20817","CRATE","","820","4"
"20817","BOTTLE","8964001179030","220","1"
"18232","Pc","0695240104023","70","1"
"20818","Pc","8961003554278","235","1"
"20819","Pc","8961003554711","235","1"
"20820","POUCH","8961103501905","120","1"
"20822","Pc","2018070500229","490","1"
"20821","Pc","208211","490","1"
"7090","Pc","70902","430","1"
"19969","Pc","6957090003012","290","1"
"20823","Pc","6253341425474","280","1"
"20824","Pc","6253341425481","250","1"
"20825","POUCH","8964000161418","700","1"
"20826","Pc","6340545408157","2340","1"
"20827","Pc","6290201349709","1190","1"
"20828","Pc","8964003778293","2160","1"
"14093","Pc","4005802324916","760","1"
"14093","Pc","4005802324923","760","1"
"14093","Pc","4005802324909","760","1"
"20850","Pc","4006000005799","760","1"
"20850","Pc","4006000005782","760","1"
"20850","Pc","4006000005805","760","1"
"20850","Pc","4006000005867","760","1"
"20851","SACHET","8690632019246","280","1"
"20852","SACHET","8690632018959","280","1"
"18361","BOTTLE","8693855005478","360","1"
"20501","Pkt","3094900056714","450","1"
"20853","Pc","6298044198515","790","1"
"20854","Pc","6297001034675","790","1"
"20855","Pc","6297001034668","790","1"
"20856","Pc","6297001034682","790","1"
"20857","Pc","6297001034651","790","1"
"20860","Pc","8904238302030","860","1"
"20859","Pc","8904238302085","860","1"
"6166","PATTA","6922502401557","230","1"
"12695","POUCH","6942836703301","1640","1"
"12695","POUCH","6942836703240","1640","1"
"19326","JAR","89006245","320","1"
"20909","BOTTLE","5449000216854","200","1"
"20909","CRATE","","1120","6"
"14608","Pc","8980621754037","370","1"
"19836","BOTTLE","8964002619818","160","1"
"16965","Pc","8964002481187","320","1"
"742","POUCH","8961103601797","1620","1"
"25","POUCH","8961103600363","1750","1"
"20910","POUCH","4891228304119","1590","1"
"20911","Pc","6297000137018","200","1"
"20912","Pc","735816906108","360","1"
"20913","Pc","2774268728294","740","1"
"20914","Pc","8999777004316","910","1"
"20915","POUCH","8006540808771","2540","1"
"9697","BOTTLE","4005900795298","1740","1"
"20916","Pc","5000347008962","560","1"
"20917","Pc","209171","290","1"
"14858","JAR","5695555662336","260","1"
"20918","Pc","8992388145508","200","1"
"148","Pc","8888826019589","380","1"
"20919","Pc","8901030916519","770","1"
"20920","Pc","209201","880","1"
"20921","Pc","209211","770","1"
"20922","Pump","8710908657467","1690","1"
"9016","Pc","90163","130","1"
"13676","Pc","136762","800","1"
"20923","Pc","8964003015688","425","1"
"20924","Pc","8964003015701","425","1"
"20925","Pc","7506306230507","390","1"
"20926","Pc","209261","740","1"
"393","Pc","8964002706112","370","1"
"20927","Box","4800361329149","1790","1"
"7675","Box","8961008235479","2950","1"
"20956","Pump","8851123375849","1430","1"
"20957","Pc","8851123750196","690","1"
"20958","Pump","8851123343091","1440","1"
"20959","Pc","8851123708241","790","1"
"20959","Pc","8851123708227","790","1"
"20959","Pc","8851123708524","790","1"
"20960","Pc","8964002346905","70","1"
"20961","Pc","8964002346660","100","1"
"20962","Pc","8964002347063","100","1"
"20963","Box","8964003591373","315","1"
"20964","Box","8964003591359","315","1"
"19723","Pc","6805699533082","210","1"
"20247","Pc","8851932331302","560","1"
"20850","Pc","4006000005324","760","1"
"20850","Pc","4006000005218","760","1"
"20965","Pc","6294007502894","990","1"
"9697","BOTTLE","6001051002030","1740","1"
"9697","BOTTLE","6001051003112","1740","1"
"9697","BOTTLE","4005808247431","1740","1"
"9697","BOTTLE","6001051002023","1740","1"
"9697","BOTTLE","6001051004850","1740","1"
"10480","SACHET","8886950012445","10","1"
"5211","Bag","8886950013855","1135","1"
"20966","Pc","6920354811852","440","1"
"20967","Pc","8996001600597","240","1"
"16065","Box","745125148809","230","1"
"20968","SACHET","8964000045213","80","1"
"20969","SACHET","8964000045220","80","1"
"20970","POUCH","3570009726432","125","1"
"20971","POUCH","3570008726433","125","1"
"20972","Pc","8901248701419","800","1"
"8695","Pc","3571700295098","670","1"
"8695","Pc","3571700293506","670","1"
"8695","Pc","3571700295111","670","1"
"8951","Pc","1015764279547","210","1"
"20973","Pc","8998866100250","250","1"
"20973","Pc","8998866616249","250","1"
"20973","Pc","8998866100229","250","1"
"20973","Pc","8998866616232","250","1"
"20973","Pc","8998866103084","250","1"
"20973","Pc","8998866100243","250","1"
"20974","Pkt","8690536833290","2280","1"
"8599","Pkt","8964003062637","1320","1"
"20975","Pc","5900020042668","80","1"
"15756","Box","8961008235301","2490","1"
"20361","SACHET","8961008221601","90","1"
"20976","Box","8961003515743","235","1"
"20337","CRATE","","450","6"
"20336","CRATE","","480","12"
"20977","Box","8964003591335","235","1"
"20978","Pc","8964003015428","260","1"
"20979","Pc","792625892657","390","1"
"9723","Pc","8901030866760","770","1"
"7831","POUCH","8700216686235","50","1"
"2298","Box","8961008302607","2400","30"
"20980","Bag","8850477570054","1140","1"
"20980","Bag","8850477490055","1140","1"
"14","POUCH","8961103600240","810","1"
"8695","Pc","3571700295081","670","1"
"8695","Pc","3571700291885","670","1"
"21003","Pump","3574661391335","2520","1"
"20489","Pc","3574661287201","2900","1"
"407","Pkt","8961006040129","240","1"
"21004","Pc","8901030997075","580","1"
"21005","Pc","6291106906493","1540","1"
"21006","POUCH","8992741993333","520","1"
"21006","POUCH","6925425474462","520","1"
"21006","POUCH","8992741993340","520","1"
"21006","POUCH","6925425474363","520","1"
"21006","POUCH","6925425474387","520","1"
"14077","BOTTLE","80879367","920","1"
"221","Pkt","8961008235714","450","1"
"21007","Pc","210071","190","1"
"21008","Pc","210081","140","1"
"19004","Pc","4426423272545","310","1"
"21009","Pc","210091","80","1"
"21010","Pc","210101","150","1"
"21011","Pc","210111","1280","1"
"2944","BOTTLE","9310059050071","690","1"
"20588","BUNDLE","8961014264142","430","1"
"21012","Pc","8964003916060","120","1"
"21013","Pkt","8964003018108","390","1"
"21015","Pc","839796003793","60","1"
"21014","Pc","839796003007","50","1"
"21016","Pc","839796003168","50","1"
"21017","Pc","4878611125193","230","1"
"16816","Pc","8210987651467","210","1"
"1860","JAR","620514020327","330","1"
"991","Pc","8961008223506","80","1"
"21018","Pc","8992388145492","200","1"
"21019","Pc","754604503015","890","1"
"21020","Pc","754604755179","890","1"
"21021","Pc","754604502827","890","1"
"21022","Pc","754604760418","890","1"
"21023","Pc","754604755070","890","1"
"4556","Pc","4607065730109","580","1"
"4556","Pc","4660085512810","580","1"
"19932","CRATE","","500","6"
"180","BOTTLE","8964002686858","470","1"
"1465","Pc","8964002137145","1800","1"
"1047","Pkt","6932065901128","150","1"
"10822","Pc","8286975430291","670","1"
"17507","Pc","8286975430574","630","1"
"21024","Pc","8964002346806","70","1"
"12618","Pc","4014009356866","980","1"
"12618","Pc","4014009357030","980","1"
"12618","Pc","4014009356835","980","1"
"19406","Pc","194062","260","1"
"17022","Box","038000138416","980","1"
"5257","Box","038000138430","980","1"
"20734","Pc","6971486426001","320","1"
"21025","Pc","6972998060905","480","1"
"1508","Pc","15084","140","1"
"10198","Pc","5900951311468","260","1"
"17458","Pc","8935001713388","890","1"
"21026","PATTA","210261","310","1"
"21027","PATTA","5000394041936","310","1"
"19505","PATTA","5000394140851","590","1"
"21028","PATTA","8888021200126","820","1"
"21029","PATTA","5000397047812","820","1"
"19501","PATTA","8888021301410","820","1"
"21030","Pc","639072272086","230","1"
"16285","Box","8961101789015","230","1"
"21032","Pc","6533411446760","390","1"
"21033","Pc","725765615503","750","1"
"20138","Pc","PM180545-150-999-M","720","1"
"20138","Pc","PM180543-150-999-M","720","1"
"20138","Pc","PM180541-150-999-M","720","1"
"20138","Pc","PM180536-150-999-M","720","1"
"21035","Pc","3574669907187","1460","1"
"21034","Pc","3574661427782","1460","1"
"15465","Pc","3700066702692","1380","1"
"15465","Pc","3700066702661","1380","1"
"15465","Pc","3700066713728","1380","1"
"15465","Pc","3700066713704","1380","1"
"15465","Pc","3700066713650","1380","1"
"15465","Pc","3700066702678","1380","1"
"15465","Pc","3700066702647","1380","1"
"15465","Pc","3700066702685","1380","1"
"15465","Pc","3700066702708","1380","1"
"15465","Pc","3700066702654","1380","1"
"12597","Pc","9005800297392","1760","1"
"12597","Pc","4005900619280","1760","1"
"14647","Pc","8992741907125","120","1"
"21036","Pc","3574661656014","1040","1"
"21037","Pc","8700216026888","1390","1"
"21038","JAR","8961014263404","1180","1"
"21039","Pc","6223002233137","650","1"
"21040","Pc","6223002233090","650","1"
"21041","Pc","6223002233052","650","1"
"21042","Pc","6223002233113","650","1"
"21043","Pc","6001087378185","1620","1"
"21044","Pc","6001087376167","1620","1"
"21045","Pc","8901088747370","590","1"
"21046","Pump","8904256008198","2440","1"
"2707","Pc","6001087361354","430","1"
"20847","Pc","8851932399760","925","1"
"20712","Pc","8851932391733","925","1"
"12597","Pc","5025970023274","1760","1"
"18373","Pc","6291107675848","620","1"
"2944","BOTTLE","3574661684284","690","1"
"9785","POUCH","8851932407533","410","1"
"10491","BOTTLE","8714789726137","680","1"
"21047","Bag","8966000028340","280","1"
"15755","Box","8961008235288","2490","1"
"21048","JAR","7613287959348","3350","1"
"21048","JAR","8445290000019","3350","1"
"21048","JAR","8445290720344","3350","1"
"21048","JAR","8445290000040","3350","1"
"14342","Pc","6942836701062","390","1"
"21049","Pc","6972885422854","90","1"
"21049","Pc","210492","90","1"
"20404","Pc","204042","770","1"
"2068","Pc","3014260228743","980","1"
"21050","Pc","8901088722650","980","1"
"21051","Pc","8901088722582","980","1"
"21052","Pc","8901088210546","980","1"
"8","Pkt","8961103600578","190","1"
"14398","Pc","8719281111580","1280","1"
"14395","Pc","8719281111498","1280","1"
"730","Pc","8961008237022","400","1"
"4040","Pc","8961008223094","400","1"
"181","BOTTLE","8964002686919","200","1"
"21053","SACHET","8887290001960","160","1"
"21054","SACHET","8886300001518","160","1"
"21055","SACHET","8886300001310","160","1"
"21056","Pc","5011321868342","1130","1"
"21057","Pc","8964000884157","190","1"
"21058","Box","8961003534553","235","1"
"21059","Box","8961003535376","235","1"
"21060","Box","8961003512919","235","1"
"21061","Pc","210611","195","1"
"1207","Pc","8961008223483","80","1"
"21062","Pc","8961100003419","190","1"
"21063","Pc","8961100003440","290","1"
"19422","Pc","194222","480","1"
"21064","Pkt","8964000053775","240","1"
"21065","Pkt","8961014034301","130","1"
"18002","Pc","6294007500173","1340","1"
"21066","Pc","210661","490","1"
"21067","Pc","8964000800676","30","1"
"15837","Pc","158372","900","1"
"21068","Pc","796554907888","100","1"
"21069","Pc","796554907895","100","1"
"13701","Pc","137012","800","1"
"13686","Pc","136862","800","1"
"13696","Pc","136962","800","1"
"6625","JAR","4006000059334","880","1"
"6624","Pc","4005900841162","1490","1"
"838","Pkt","788821021595","135","1"
"9827","Pc","037361005962","690","1"
"9827","Pc","676979101583","690","1"
"9827","Pc","3610400000257","690","1"
"9827","Pc","3610400000400","690","1"
"9827","Pc","3610400000363","690","1"
"9827","Pc","3610400000318","690","1"
"9827","Pc","3610400000769","690","1"
"21088","Pc","4006000063201","480","1"
"21089","Pc","42300168","480","1"
"21090","Pc","8961101819644","50","1"
"19990","PATTA","7610211032900","1120","1"
"21031","Box","8964003591410","470","1"
"21091","Pc","8964000735695","410","1"
"21092","BOTTLE","6283874777245","220","1"
"21093","Pc","210931","180","1"
"21094","Pc","6652548575416","280","1"
"21095","Pc","9856521547514","280","1"
"21096","Pc","6900991631341","280","1"
"13810","Pc","8964002545735","540","1"
"544","100G","14954","100","0.1"
"9668","Pc","4084500490581","1290","1"
"223","Pkt","8961008235721","450","1"
"620","Pkt","8961008236735","450","1"
"662","SACHET","8961008235189","48","1"
"21097","POUCH","8886950012216","99","1"
"21098","BOTTLE","8411356425652","2980","1"
"185","Pc","5052197062335","630","1"
"1032","Pc","1507000227646","370","1"
"18001","Pc","8964002345670","30","1"
"9057","Pc","8964002345625","50","1"
"21099","Box","8961103502575","295","1"
"10473","Box","8033524894765","1250","72"
"1721","Pc","8964071829361","300","1"
"19396","Pc","pop","40","1"
"18511","BOTTLE","m500","50","1"
"19932","BOTTLE","m1.5","90","1"
"17589","BOTTLE","s1.5","90","1"
"5759","JAR","4006000059303","595","1"
"18033","Pc","079200616007","1190","1"
"21070","Pc","210701","660","1"
"21071","Pc","210711","590","1"
"4604","Box","7622100864110","9400","10"
"21072","Pc","8681511386726","900","1"
"21073","Pc","8681511386771","850","1"
"21074","Box","8961003554735","310","1"
"8307","Box","8964003591427","230","1"
"18684","Pc","6951420900095","210","1"
"21075","Pc","6972603720026","190","1"
"21076","Pc","6934985796129","180","1"
"21077","Pc","6945507871064","290","1"
"15190","Pc","716524961214","1980","1"
"1246","Pc","8901030834646","1160","1"
"1246","Pc","8901030834653","1160","1"
"1246","Pc","8901030834592","1160","1"
"1246","Pc","8901030834639","1160","1"
"1246","Pc","8901030834660","1160","1"
"1246","p c","8901030834622","1160","1"
"21078","SACHET","8961008223636","80","1"
"16965","Pc","323460288208","320","1"
"21079","JAR","6001011321126","720","1"
"16927","Pc","8961014256345","940","1"
"10539","Bag","9447413441258","400","1"
"10541","Bag","9447413441029","4000","1"
"21080","Pc","3574661365138","920","1"
"7857","Pump","3574669907927","1830","1"
"10823","Pc","8286975430567","560","1"
"21081","Pc","8286975430581","680","1"
"21082","Pc","5052197045451","350","1"
"21083","Pc","5052197024180","350","1"
"21084","BOTTLE","3179730109295","470","1"
"21084","BOTTLE","3179730013134","470","1"
"21086","POUCH","5010511481491","845","1"
"21085","POUCH","5010511481187","845","1"
"20416","CRATE","","1000","12"
"2707","Pc","6281006584099","430","1"
"21087","Pc","8901030732430","220","1"
"972","Pc","8901248104159","580","1"
"9710","Pc","8901248104128","920","1"
"164","POUCH","8700216736718","570","1"
"840","Pkt","788821021564","145","1"
"17590","BOTTLE","s500","55","1"
"20336","BOTTLE","c500","50","1"
"20337","BOTTLE","c1.5","90","1"
"21100","Pc","5011501040124","570","1"
"21101","Pc","6573567237867","20","1"
"21102","Pc","8925368723045","20","1"
"9154","POUCH","7622202246135","760","1"
"19172","Pc","8964002912896","580","1"
"19172","Pc","8964002912889","580","1"
"19172","Pc","8964002912858","580","1"
"19172","Pc","8964002912865","580","1"
"21103","Pc","8961102811715","530","1"
"21104","Pc","8961102811968","530","1"
"21105","Pc","8961102811685","530","1"
"10651","POUCH","8961014263992","10","1"
"15030","Pc","8961014256390","910","1"
"19136","Box","6253341423074","200","1"
"19136","Box","6253341423180","200","1"
"21106","Pc","6253341417097","1250","1"
"21106","Pc","6253341417325","1250","1"
"21106","Pc","6253341417189","1250","1"
"21107","Box","8964003592622","350","1"
"10192","BOTTLE","8859108260562","460","1"
"21108","Pc","3614273521307","24600","1"
"21109","Pc","3145891074604","39700","1"
"12653","Pc","6290362343677","690","1"
"12653","Pc","6290362343707","690","1"
"12653","Pc","6246717621617","690","1"
"12653","Pc","6248671222664","690","1"
"21110","SACHET","8961008223629","80","1"
"19462","JAR","833040112231","980","1"
"11813","Pc","3610340672231","2900","1"
"11814","Pc","3610340672255","2900","1"
"11815","Pc","3610340672262","2900","1"
"21112","Pc","897121001111","150","1"
"623","Pc","695240105792","70","1"
"623","Pc","695240105785","70","1"
"623","Pc","gel","70","1"
"17455","Box","8935001716389","3840","48"
"1423","Pc","8961008223513","80","1"
"21113","Pc","8961102504846","10","1"
"21114","Pc","8801073114548","550","1"
"21115","Pc","211151","320","1"
"21116","Pump","8999999574116","2470","1"
"21116","Pump","8999999031022","2470","1"
"21116","Pump","8999999031053","2470","1"
"21116","Pump","8999999031046","2470","1"
"21117","Pc","8712561384841","1120","1"
"21118","Pc","8720181205668","1120","1"
"21119","Pc","3574661500478","2160","1"
"21120","Pc","8851932353915","870","1"
"9697","BOTTLE","4005900098405","1740","1"
"21121","Pc","3574661471198","2120","1"
"19773","Pc","3574661287256","2900","1"
"18942","Pc","4005808222704","1790","1"
"20210","Pc","077043002124","1480","1"
"21122","Pc","211221","1560","1"
"17176","Pc","8964002345595","50","1"
"21123","Pkt","7622210989246","1430","1"
"9827","Pc","3610400035365","690","1"
"9841","BOTTLE","8992725910356","1150","1"
"21124","Pc","620514017730","135","1"
"21125","Box","8964001084556","570","1"
"21126","Pc","7553313887170","20","1"
"21127","Pc","8964000768983","480","1"
"3548","Pc","6001087384742","940","1"
"21045","Pc","8901088200714","590","1"
"21128","Pc","8717163768303","2960","1"
"21128","Pc","5012254061145","2960","1"
"21129","Pc","022400265124","2960","1"
"21130","Pkt","8961006090100","610","1"
"21131","Pkt","8961006090124","920","1"
"21132","Pc","8961101819552","100","1"
"21133","Pc","8964000074770","680","1"
"21113","Pc","8961102504822","10","1"
"21134","Pkt","8964002574117","230","1"
"18188","Pc","7702018582037","1090","1"
"2231","POUCH","8700216736732","285","1"
"10935","JAR","6009679064621","125","1"
"21135","Pc","8961101819101","100","1"
"21113","Pc","8961102504839","10","1"
"778","Pkt","8961008236759","550","1"
"21136","Pc","8964000241868","70","1"
"21137","Box","886635000079","550","1"
"15515","JAR","4009900489119","940","1"
"8539","Pc","8964002345656","30","1"
"7645","Pc","8964002345649","30","1"
"21138","JAR","8964000826485","1050","1"
"21139","Pc","2000471277459","330","1"
"1206","Pc","8961008223100","400","1"
"730","Pc","8961008223070","400","1"
"356","Pc","8850007011149","770","1"
"21140","Pc","8961101819095","230","1"
"20588","BUNDLE","8961014257342","430","1"
"3003","Pc","897121001074","140","1"
"21141","BOTTLE","8410159048976","1140","1"
"21142","Pc","2022090630026","290","1"
"2949","BOTTLE","8711700921565","740","1"
"21143","Pc","8999999526405","515","1"
"21144","Pc","8999999526344","515","1"
"21145","Pc","8999999526467","515","1"
"1663","Pc","4005900408389","660","1"
"21146","Pc","8006540514306","1160","1"
"21147","Pc","8006540514368","1160","1"
"21148","Pc","8001090151780","1440","1"
"21149","Pc","8001090150981","1440","1"
"21150","Pc","8964000506356","590","1"
"21151","Pc","8964003774530","1870","1"
"21152","Pc","8964003774905","1870","1"
"21153","Pc","6290201350170","1870","1"
"21154","Pc","8964003774516","1870","1"
"21155","JAR","725765615527","790","1"
"21157","JAR","725765615534","940","1"
"21158","JAR","725765615558","960","1"
"21159","Pc","8964000062432","490","1"
"21160","Pc","8964000062456","470","1"
"21161","Pc","8964000062210","590","1"
"21162","CTN","725765615183","2800","5"
"21162","POUCH","725765615206","570","1"
"21163","Pc","211631","560","1"
"21164","Pc","8001841429762","940","1"
"21006","POUCH","6925425474424","520","1"
"21165","Pc","7622202277993","990","1"
"12695","POUCH","6942836707729","1640","1"
"21166","Pkt","211661","270","1"
"21167","POUCH","211671","780","1"
"21168","POUCH","211681","780","1"
"21169","Pc","211691","940","1"
"21170","Pc","211701","140","1"
"13399","Pc","8901526005161","480","1"
"14769","Pc","8710447275313","720","1"
"21171","Pc","046149414469","220","1"
"20410","Pc","4005900908070","1220","1"
"20410","Pc","4005900908162","1220","1"
"20410","Pc","4005900907950","1220","1"
"20410","Pc","4005900908131","1220","1"
"21172","Pc","8901207027321","680","1"
"21173","Pkt","8964000769966","520","1"
"21174","Pkt","8964000769973","1390","1"
"21175","POUCH","8961103501691","50","1"
"21176","Pkt","36394739","200","1"
"21177","Pkt","36394722","200","1"
"21178","PATTA","742761776786","180","1"
"1370","BUNDLE","8961014264401","430","1"
"7276","Pc","8961014264555","99","1"
"21179","Pump","5352101746215","280","1"
"21179","Pump","5352101746055","280","1"
"21179","Pump","5352101746031","280","1"
"21179","Pump","5352101746024","280","1"
"21179","Pump","5352101746086","280","1"
"21179","Pump","5352101746048","280","1"
"21179","Pump","5352101746079","280","1"
"21179","Pump","5352101746093","280","1"
"21180","POUCH","5352101746734","180","1"
"21180","POUCH","5352101746758","180","1"
"21180","POUCH","5352101746741","180","1"
"21180","POUCH","5352101746765","180","1"
"21181","Box","8961003564123","235","1"
"21182","Box","8961003514463","235","1"
"21183","Pc","8964000578018","90","1"
"21184","PATTA","211841","35","1"
"21185","Pc","211851","530","1"
"21186","Pc","211861","530","1"
"21187","Pump","8714789613956","1120","1"
"14342","Pc","6942836702403","390","1"
"10491","BOTTLE","5055028349193","680","1"
"2944","BOTTLE","8991111153148","690","1"
"21188","Pc","079400264145","820","1"
"21188","Pc","079400461698","820","1"
"21189","Pc","079400476067","780","1"
"21190","Pc","8991111111995","690","1"
"15617","SACHET","156171","300","1"
"15618","SACHET","156181","300","1"
"15619","SACHET","156191","300","1"
"15620","SACHET","156201","300","1"
"15621","SACHET","156211","300","1"
"15957","SACHET","159571","300","1"
"21191","Pc","8964003576745","340","1"
"21192","Pc","8964003576752","370","1"
"18622","POUCH","8964002582877","160","1"
"21193","JAR","8964002474875","930","1"
"21194","JAR","8964002474882","930","1"
"21195","Pc","211951","170","1"
"21196","Pc","211961","390","1"
"7717","Pc","7717","840","1"
"21197","Pc","8961101233525","80","1"
"21198","JAR","8001132656808","720","1"
"21199","POUCH","8964000062852","580","1"
"21200","Pc","8964000062951","720","1"
"21202","BOTTLE","212021","1500","1"
"21201","BOTTLE","","2400","1"
"21203","Pc","8964002137848","440","1"
"21204","Pc","212041","1980","1"
"21205","Pc","212051","540","1"
"21206","Pc","5285000396857","90","1"
"21207","Pc","8994993013869","1880","1"
"21208","Pc","8994993019670","1880","1"
"21209","POUCH","8964003198091","220","1"
"496","POUCH","8961103600110","880","1"
"21210","SACHET","8961008222196","80","1"
"13611","Pc","8961008235172","1170","1"
"21211","Pc","8994993019656","830","1"
"21212","Pc","8964000695326","20","1"
"14332","Pc","7622202228056","1060","1"
"14333","Pc","7622202228360","1230","1"
"14329","Pc","7622202228322","1060","1"
"14143","POUCH","5000159564557","2250","1"
"21213","SACHET","6953042701562","230","1"
"21214","SACHET","212141","230","1"
"21215","SACHET","212151","230","1"
"21216","Sachet","6953042701555","330","1"
"17180","Pc","8964002345601","50","1"
"21217","Box","8964000068182","535","1"
"1262","POUCH","8961014264067","1610","1"
"16001","BOTTLE","8961014256338","550","1"
"23","POUCH","5063305008756","1040","1"
"2746","Pc","27462","110","1"
"21218","Pc","8720689012652","7580","1"
"12036","Pc","8720689012072","4080","1"
"12036","Pc","8720689012010","4080","1"
"12036","Pc","8720689012034","4080","1"
"21219","Pc","5900951312083","290","1"
"21220","POUCH","6921211117094","360","1"
"851","Pkt","788821021588","135","1"
"837","Pkt","788821021571","135","1"
"21221","Pc","8964000812228","290","1"
"21222","Box","8964003276256","415","1"
"21223","Box","8964003276263","380","1"
"21224","Box","8964000821503","770","1"
"21225","Box","8822111020270","680","1"
"21226","Box","8964000812815","530","1"
"21227","Box","8964000812860","570","1"
"14376","Pc","8719281111146","1280","1"
"224","SACHET","8961008235035","48","1"
"21228","Pc","7977132501473","630","1"
"21229","Pc","7961413274071","95","1"
"21230","PATTA","9647455636111","270","1"
"21231","Pc","9647432316623","200","1"
"21232","Pc","9647757154122","160","1"
"21233","Box","8961103060723","175","1"
"21234","POUCH","8961103066077","50","1"
"21235","POUCH","8961103066053","50","1"
"21236","POUCH","8961103066060","50","1"
"11619","Pc","8901088047043","320","1"
"21237","Pc","212371","1530","1"
"21238","Pc","212381","430","1"
"21239","Pc","212391","1030","1"
"21243","Pc","89600290","190","1"
"21244","Pc","89600184","220","1"
"21244","Pc","89600375","220","1"
"21244","Pc","89600269","220","1"
"21245","Pc","89600672","250","1"
"20623","POUCH","8700216818346","50","1"
"14524","Pkt","6945584842667","140","1"
"14524","Pkt","6985688454847","140","1"
"21246","TIN","4796018132609","680","1"
"21247","Pc","7622210077691","990","1"
"13681","Pc","136812","800","1"
"13702","Pc","137022","800","1"
"13700","Pc","137002","800","1"
"13694","Pc","136942","800","1"
"21248","Pc","8964002346950","50","1"
"21249","Pc","8964002346943","30","1"
"21250","Pc","8801038583433","580","1"
"5355","Pc","8901248428255","610","1"
"21251","Pc","8851123343428","660","1"
"11091","Pc","6954842275758","160","1"
"11091","Pc","6954842275956","160","1"
"11091","Pc","6954842275734","160","1"
"21253","POUCH","8850297990025","320","1"
"20160","Pc","6297000442327","780","1"
"21254","Pc","212541","160","1"
"21255","POUCH","769503784809","50","1"
"8984","Pc","8961008221489","630","1"
"11597","POUCH","8961103500984","50","1"
"21256","POUCH","8961103501530","30","1"
"21257","PATTA","8964000768259","390","1"
"12653","Pc","6290362341031","690","1"
"12653","Pc","6290360597911","690","1"
"12653","Pc","6290362341024","690","1"
"20234","Pc","614514080887","1750","1"
"20234","Pc","614514080870","1750","1"
"20234","Pc","614514771143","1750","1"
"20234","Pc","614514771136","1750","1"
"21240","Pc","745314132046","580","1"
"21242","Pc","745314132022","580","1"
"21241","Pc","745314132039","400","1"
"21243","Pc","89600207","190","1"
"20234","Pc","614514771204","1750","1"
"21258","Pc","6290201349907","1940","1"
"1246","Pc","8901030834615","1160","1"
"21260","Pc","8006540431559","1820","1"
"21259","Pc","8006540431528","1495","1"
"21261","Pc","8720181466427","1340","1"
"21261","Pc","8720181468391","1340","1"
"21261","Pc","8720181492617","1340","1"
"18675","Pc","159873200999","690","1"
"18675","Pc","160206200999","690","1"
"21262","Pc","6294017117583","480","1"
"21263","Pc","6294017120576","480","1"
"21264","BOTTLE","609456374996","80","1"
"21264","BOTTLE","609456374828","80","1"
"21264","BOTTLE","8975841623560","80","1"
"21264","BOTTLE","8965468535643","80","1"
"21265","BOTTLE","609456384995","280","1"
"21265","BOTTLE","609456375825","280","1"
"21265","BOTTLE","8965468536640","280","1"
"1624","Pc","8886950054216","210","1"
"1080","Pc","8886950073743","140","1"
"12618","Pc","4014009357757","980","1"
"12618","Pc","4014009356941","980","1"
"12618","Pc","4014009357092","980","1"
"20584","Pc","205842","120","1"
"14738","POUCH","8961103601988","1750","1"
"14","POUCH","8961103602251","810","1"
"742","POUCH","8961103602268","1620","1"
"21266","Pc","8961006090049","340","1"
"21267","Pc","8964000695883","50","1"
"11639","Pc","8964004135057","1480","1"
"10130","Pc","6940524000190","270","1"
"21268","Pc","212681","720","1"
"5878","Pc","6950126100341","70","1"
"3083","Pkt","0695240210229","230","1"
"21269","Pc","671866149846","230","1"
"21270","Pc","735816553432","240","1"
"21271","Pc","0735816769956","240","1"
"21272","Pc","5054563023803","390","1"
"19820","Pc","8851007199332","390","1"
"16850","Pc","8999999033132","450","1"
"8100","POUCH","5063305008848","840","1"
"15","Pkt","5063305008763","190","1"
"4604","Pc","7622100864103","950","1"
"14765","BOTTLE","8964002344239","130","1"
"21243","Pc","89600283","190","1"
"21273","POUCH","3570106726434","370","1"
"21274","POUCH","3570103726437","370","1"
"1781","Pkt","6924429873493","130","1"
"10416","Pc","6922139431385","80","1"
"21275","Pc","5060390419993","160","1"
"21275","Pc","5060390419771","160","1"
"21275","Pc","5060390419818","160","1"
"21276","POUCH","8964001644279","850","1"
"13610","Pc","8961008221526","1170","1"
"8983","Pkt","8961008221533","630","1"
"2366","Pc","3574661730790","940","1"
"21277","Pc","8964001050759","310","1"
"21278","Pc","8964002893829","560","1"
"21279","POUCH","8964000159965","1770","1"
"15123","POUCH","4014400932492","1090","1"
"10192","BOTTLE","8859108260555","460","1"
"17566","Pc","80051657","390","1"
"21280","Box","8962767546653","260","1"
"21281","Pc","7640111506829","1570","1"
"21281","Pc","7640111506836","1570","1"
"21281","Pc","7640111506850","1570","1"
"21282","Pc","8001090678256","920","1"
"21283","Pc","8006540315798","980","1"
"21284","Pc","8006540049914","920","1"
"14067","Pkt","6922386810223","340","1"
"21285","Pc","4792081021925","460","1"
"21286","Pc","212861","40","1"
"10826","Pc","8286975430321","520","1"
"21287","Pc","6291106488227","750","1"
"21288","Pc","3014260776725","180","1"
"17757","Pkt","8964003991241","470","1"
"17757","Pkt","8964003991234","470","1"
"21289","Pc","1542022250807","720","1"
"21290","Pc","8964003457136","370","1"
"21290","Pc","8964003457105","370","1"
"21290","Pc","8964003457112","370","1"
"21290","Pc","8964003457129","370","1"
"21291","Pump","8964003457778","660","1"
"21291","Pump","8964003457808","660","1"
"21291","Pump","8964003457785","660","1"
"21291","Pump","8964003457792","660","1"
"21291","Pump","8964003457815","660","1"
"21292","Pc","8964000507087","480","1"
"21293","Pc","8961102504174","50","1"
"11286","POUCH","8961103500991","50","1"
"21256","POUCH","8961103501516","30","1"
"5969","Pc","644216012985","450","1"
"21294","Pc","5205010429628","220","1"
"21295","Pc","8964004215001","80","1"
"21296","Pc","666666011240","180","1"
"21297","Pc","6000045150221","180","1"
"21298","POUCH","3245421944145","470","1"
"21299","POUCH","3245421944169","470","1"
"21300","Pkt","3384122191875","620","1"
"21301","Pkt","3011261040107","970","1"
"21302","Pc","199628064768","50","1"
"13","Pkt","8961103600165","380","1"
"12653","Pc","6295199791073","690","1"
"12653","Pc","6295199791066","690","1"
"12653","Pc","6290362343653","690","1"
"12653","Pc","6295199791042","690","1"
"12653","Pc","6782536811100","690","1"
"21303","Pc","8700216780254","220","1"
"12934","Pc","8964003916442","320","1"
"2804","Pkt","8964003916466","620","1"
"2805","Pkt","8964003916473","620","1"
"21304","Pc","213041","120","1"
"1944","Pc","8886950073736","140","1"
"21","Pkt","5063305005632","1180","1"
"21305","Pc","213051","3860","1"
"11091","Pc","6954842275895","160","1"
"11091","Pc","6954842275796","160","1"
"21306","Pc","9556564086864","290","1"
"394","Pc","8964002706266","240","1"
"11810","Pc","3610340672125","2900","1"
"11076","Pc","3610340672132","2900","1"
"11811","Pc","3610340672149","2900","1"
"21307","Pc","8964002474387","280","1"
"21234","POUCH","8964000472057","50","1"
"21308","POUCH","8961103066589","245","1"
"19510","Pc","5011417588598","770","1"
"21309","Pc","745110860884","290","1"
"21310","Pc","8961008237213","250","1"
"21311","POUCH","6294017126431","1760","1"
"21312","JAR","8964002493562","350","1"
"21313","JAR","8964002493524","350","1"
"21314","Pc","8961003591037","50","1"
"19250","SACHET","8961014264975","10","1"
"14939","Pc","8961014264661","125","1"
"2929","Pc","8961014264432","510","1"
"2164","BOTTLE","8961014264524","860","1"
"14856","Pc","8961014264630","125","1"
"21315","Pc","8961014003949","490","1"
"21316","Pc","213161","380","1"
"21317","Pc","213171","440","1"
"10393","Pc","5400141902389","90","1"
"21318","Pc","213181","290","1"
"21319","Pc","213191","180","1"
"21320","Pc","213201","230","1"
"21321","Pc","213211","520","1"
"21322","Pc","213221","560","1"
"21323","Pc","213231","270","1"
"21324","Pc","213241","395","1"
"21325","Pc","213251","140","1"
"21326","Pc","213261","180","1"
"21327","PATTA","213271","270","1"
"21328","PATTA","213281","120","1"
"21329","Pc","213291","90","1"
"21330","Pc","213301","120","1"
"21331","Pc","213311","135","1"
"21332","Pc","213321","180","1"
"21333","Pc","213331","120","1"
"21334","Box","213341","120","1"
"21335","Box","213351","130","1"
"21336","Box","213361","260","1"
"21337","Pc","8964002429936","50","1"
"21338","Pc","8964003812195","50","1"
"21339","Pc","8964002429356","50","1"
"21340","Pc","8964002429363","50","1"
"21341","Pc","8964003813109","50","1"
"21342","Pc","8964003812171","50","1"
"21343","Pc","8964003812188","50","1"
"21344","POUCH","213441","95","1"
"21345","Pc","213451","85","1"
"21346","Pc","213461","160","1"
"21347","Pc","213471","430","1"
"21348","Pc","213481","220","1"
"21349","Pc","213491","125","1"
"21350","Pc","213501","380","1"
"21351","Pc","213511","145","1"
"21352","Pc","213521","260","1"
"21353","Pc","213531","195","1"
"21354","Pc","213541","170","1"
"21355","Pc","213551","145","1"
"21356","Pc","213561","330","1"
"21357","Pc","213571","110","1"
"21358","Pc","213581","140","1"
"21359","Pc","213591","380","1"
"21360","Pc","213601","490","1"
"21361","Box","213611","495","1"
"21362","Box","8964001644255","610","1"
"21363","Pc","8964000695715","50","1"
"12068","Pc","8901030638985","330","1"
"21364","Pc","6910021100204","220","1"
"350","BOTTLE","3574669909594","840","1"
"7375","Pc","8904256001762","990","1"
"21365","Pc","213651","1460","1"
"21366","Pc","213661","730","1"
"21367","Pc","213671","560","1"
"21368","Pc","213681","620","1"
"21369","Pc","8964000062449","1130","1"
"21370","Pc","8964000062463","960","1"
"21371","Pc","8965310052045","50","1"
"14342","Pc","6942836703820","390","1"
"17453","POUCH","8901393016680","190","1"
"21372","Pc","8964002346738","20","1"
"21373","Pc","8961103502582","50","1"
"21374","POUCH","745604194709","500","1"
"21374","CTN","745604194747","2500","5"
"8554","Pc","8964002345632","30","1"
"11022","Pc","8964002345663","30","1"
"17255","Pc","8964002345588","50","1"
"6662","Pc","8901248451031","880","1"
"21375","Pc","213751","325","1"
"8993","250g","","180","0.25"
"21376","Box","749921062789","790","1"
"21377","SACHET","8997007430966","120","1"
"21377","SACHET","8997007430973","120","1"
"10198","Pc","5900951311321","260","1"
"21265","CRATE","","3120","12"
"21378","Box","7622202306044","470","24"
"3855","POUCH","7622202245961","700","1"
"12653","Pc","6290362343417","690","1"
"8152","5Kg","46973","1200","5"
"7636","POUCH","8886950083216","160","1"
"21379","Pc","8961100314102","95","1"
"21380","Pc","3384127022013","1290","1"
"21381","TIN","8961008235615","150","1"
"18228","Pc","8980621754310","460","1"
"14607","Pc","8980621753566","480","1"
"16889","Pc","8980621753603","480","1"
"14605","Pc","8980621753542","480","1"
"21382","POUCH","0710535832600","540","1"
"21383","Pc","6223007533904","820","1"
"11555","Pc","115552","370","1"
"16594","BOTTLE","745604690874","100","1"
"12935","Pkt","8964003916459","320","1"
"21384","Pc","8991991594062","930","1"
"9643","BOTTLE","4796002584506","990","1"
"21385","Pc","8718114698021","640","1"
"21386","TIN","6988888421282","590","1"
"21387","Pc","8698740270870","880","1"
"21388","TIN","6988888421312","445","1"
"21389","TIN","6931255589764","445","1"
"21390","TIN","6931255589795","445","1"
"21391","Pc","213911","490","1"
"12653","Pc","6295199791059","690","1"
"12653","Pc","6290362343578","690","1"
"12653","Pc","6290362343745","690","1"
"21392","SACHET","8961102860317","80","1"
"11274","CRATE","","700","12"
"9763","Pc","4800888221896","940","1"
"11091","Pc","6954842275864","160","1"
"21393","Pc","8851123702010","310","1"
"21394","Pc","8964000695531","20","1"
"21418","Pc","214181","220","1"
"21419","Pc","6518932659585","150","1"
"21420","Pc","6518932777487","150","1"
"21421","Pc","6518932748487","150","1"
"21422","Pc","6518932776787","150","1"
"21423","Pc","6518932510589","150","1"
"21424","Pc","6518932916589","150","1"
"21425","Pc","6518932105587","150","1"
"14306","Pc","5060340399702","790","1"
"14306","Pc","5060340399689","790","1"
"21426","Box","8964000769645","2070","1"
"2004","JAR","769503785790","730","1"
"8695","Pc","3525486918221","670","1"
"21427","Pc","8961014263367","820","1"
"2707","Pc","6001087361316","430","1"
"2707","Pc","6001087365802","430","1"
"2707","Pc","6001087361286","430","1"
"2707","Pc","6001087361347","430","1"
"2707","Pc","6001087376129","430","1"
"21428","Pc","214281","40","1"
"21428","JAR","","1050","30"
"626","BOTTLE","8964002343850","110","1"
"14431","Pc","8719281111818","1320","1"
"21395","Box","5900020040794","1120","1"
"21396","TIN","7613036191883","2000","1"
"808","Pkt","8961008220673","550","1"
"8985","Pc","8961008220666","630","1"
"7672","Pc","8961008236742","550","1"
"21397","Box","8961003504372","235","1"
"7614","JAR","788821020239","640","1"
"21398","JAR","788821076144","330","1"
"21399","Pc","213991","2560","1"
"21400","BOTTLE","6294002407095","1520","1"
"21401","Pc","6294002416318","1180","1"
"21402","Pc","6221033001015","630","1"
"21403","Pc","6294002411627","745","1"
"21404","BOTTLE","6294002407071","1480","1"
"21405","POUCH","8690684004443","580","1"
"21406","POUCH","8001129062834","720","1"
"833","Pkt","788821021977","280","1"
"20990","Pc","8964000507063","590","1"
"21407","Pc","732388496839","90","1"
"21408","POUCH","073982207316","180","1"
"21409","Pc","7398880540499","110","1"
"21410","Pc","214101","360","1"
"21411","Pc","8992741906753","130","1"
"21412","Pc","8992741907033","80","1"
"21412","Pc","8992741907026","80","1"
"2068","Pc","3014260228750","980","1"
"1663","Pc","4005808298334","660","1"
"13400","Pc","8901526610273","1070","1"
"13399","Pc","8901526610280","480","1"
"14779","Pc","8850169007165","260","1"
"10491","BOTTLE","8714789726229","680","1"
"21413","Pc","214131","530","1"
"21414","Pc","8999999601270","880","1"
"21415","Pc","8961014263091","920","1"
"21416","Pc","8961014263107","1300","1"
"21417","Pc","8961014263084","1650","1"
"1223","Pc","8961014264654","125","1"
"2261","BUNDLE","8961014264395","430","1"
"240","Pc","8961014263725","70","1"
"9138","SACHET","8961014264005","20","1"
"21429","POUCH","8961014265354","99","1"
"3542","Pc","8961014264784","50","1"
"21430","Pkt","8964003083168","3600","1"
"18232","Pc","0695240100216","70","1"
"21431","Pc","3570257726437","390","1"
"21432","Pc","8964003820244","480","1"
"21433","Pc","8964003820220","570","1"
"9170","POUCH","8886950083223","80","1"
"21434","Pc","8886950051482","425","1"
"10197","Pc","5900951311505","270","1"
"9733","Pc","4711146101495","620","1"
"9733","Pc","4711146111395","620","1"
"9733","Pc","4711146128898","620","1"
"17155","Pc","4711146118455","570","1"
"310","POUCH","8964003729325","880","1"
"1961","Pkt","788821021953","175","1"
"6910","Pc","5205010419629","290","1"
"21435","Pc","214351","930","1"
"21436","Pc","8961014009583","340","1"
"21437","Pc","5070400994891","595","1"
"21438","BOTTLE","8698740271099","830","1"
"18362","BOTTLE","8693855007342","360","1"
"20794","Pc","8961103600462","190","1"
"15122","Pc","7622201805982","940","1"
"3060","Pc","8961014264487","530","1"
"7810","Pc","8961014264548","860","1"
"239","Pc","8961014264562","99","1"
"7813","BOTTLE","8961014264456","860","1"
"7814","BOTTLE","8961014264494","860","1"
"1263","POUCH","8961014264074","2430","1"
"7794","Pc","8961014264470","510","1"
"21470","Pc","8801073411388","1850","1"
"21471","Pc","8801073411395","1850","1"
"21472","JAR","8964000192726","1200","1"
"15787","Pkt","5038483682920","550","1"
"2110","TIN","8886451008169","3070","1"
"21473","BUNDLE","214731","200","1"
"21474","Pc","7622202318269","490","1"
"21475","Pc","7622202318917","1230","1"
"10179","Pc","5000159559034","290","1"
"21255","POUCH","0769503784809","50","1"
"21476","Pc","214761","520","1"
"21477","Pump","8851932355223","1640","1"
"20028","Pc","3574661087245","890","1"
"20028","Pc","3574661087276","890","1"
"1187","Pkt","8964003083694","2350","1"
"21478","Pc","8809052581015","290","1"
"18461","Pc","42289197","280","1"
"2822","BOTTLE","9556006000250","670","1"
"20138","Pc","PM180540-150-999-M","720","1"
"13242","Pc","8964004257322","320","1"
"18053","Pc","5060415523353","330","1"
"21271","Pc","735816769956","240","1"
"21479","Pc","8961103502667","200","1"
"978","Box","8961003544811","235","1"
"120","Box","8964003592271","235","1"
"21480","Pkt","4902705005891","1060","1"
"21481","Pc","925100013104","470","1"
"17","Pkt","5063305008732","200","1"
"10203","Pc","8992741905381","80","1"
"2901","Pc","8964003820213","460","1"
"7682","SACHET","8961008237473","30","1"
"7784","Pc","8961014256291","910","1"
"121","Box","8964003592257","315","1"
"21482","POUCH","8961103502735","50","1"
"13","Pkt","8961103602244","380","1"
"21439","SACHET","745604652087","30","1"
"5980","Pkt","6940202851151","180","1"
"21440","Pc","3610340672163","560","1"
"21441","Pc","8964001764571","345","1"
"21442","BOTTLE","p2","320","1"
"21443","BOTTLE","p1","1000","1"
"21444","Box","8961103501752","250","1"
"17302","Box","8961103502902","295","1"
"21445","Can","8961100503254","9250","1"
"19504","PATTA","5000394141117","590","1"
"21027","PATTA","5000394126091","310","1"
"21446","Pc","6938300011089","1090","1"
"13663","Pc","6236541210125","240","1"
"2112","TIN","8886451008152","3070","1"
"21447","Pc","4800024571571","1070","1"
"21448","Pc","5507862012547","440","1"
"21448","Pc","5507862012561","440","1"
"21448","Pc","4023568265168","440","1"
"21449","Pc","5507862012820","290","1"
"21449","Pc","5507862012837","290","1"
"21450","Pc","4023568265175","290","1"
"21450","Pc","5507862012592","290","1"
"21450","Pc","5507862012585","290","1"
"21450","Pc","5507862012578","290","1"
"21451","Pc","5507862012646","340","1"
"21451","Pc","214512","340","1"
"21452","Pc","214521","220","1"
"21452","Pc","5507862012653","220","1"
"21453","Pc","8964002481668","130","1"
"9774","Pkt","6245659668827","190","1"
"8549","Pc","85494","495","1"
"21454","Pc","4426423272613","605","1"
"830","Pkt","788821022004","280","1"
"832","Pkt","788821021991","280","1"
"21455","BOTTLE","8964000053140","110","1"
"902","Pkt","8964003590284","90","1"
"21456","Pc","8801073113381","550","1"
"21457","POUCH","8961103501042","50","1"
"21458","Pc","8964000982860","360","1"
"21459","BOTTLE","5449000283467","80","1"
"21459","CRATE","","860","12"
"10481","SACHET","8886950013909","10","1"
"21460","POUCH","8886950037127","870","1"
"21461","Pc","8964004245015","80","1"
"21462","Pc","214621","1570","1"
"21463","Pc","8964004135033","980","1"
"21464","Pc","214641","980","1"
"21465","BOTTLE","5032619312279","1380","1"
"21465","BOTTLE","5032619312262","1380","1"
"21465","BOTTLE","5032619312255","1380","1"
"21465","BOTTLE","5032619312224","1380","1"
"21465","BOTTLE","5032619312231","1380","1"
"21466","Pc","5053990161669","980","1"
"21467","Pc","8964000769997","960","1"
"299","Pc","8961008223490","80","1"
"19462","JAR","6938270106822","980","1"
"21468","Pump","9556006060360","1580","1"
"21469","Pump","9556006060278","1580","1"
"13682","Pc","136822","800","1"
"13677","Pc","136772","800","1"
"8695","Pc","3525486918054","670","1"
"8695","Pc","3525486949133","670","1"
"21483","Pc","214831","700","1"
"21484","Pc","214841","650","1"
"21485","Pc","214851","350","1"
"21486","Pc","8851123349864","780","1"
"21487","Pc","214871","195","1"
"21488","Pc","8720181444708","1180","1"
"21488","Pc","8720181357893","1180","1"
"19344","Pump","9556111634821","990","1"
"21489","POUCH","8001129060502","495","1"
"13689","Pc","136892","800","1"
"21490","Box","8964003592295","235","1"
"21491","Pc","8964000263013","90","1"
"21492","Pc","8964001747215","350","1"
"21493","Pc","817078887026","180","1"
"17949","POUCH","8964000885963","140","1"
"10827","Pc","0331078600077","750","1"
"10827","Pc","8286975431007","750","1"
"10830","Pc","8286975431052","480","1"
"15743","Pc","0331078605157","630","1"
"10828","Pc","0331078600046","640","1"
"12653","Pc","6290362343547","690","1"
"12653","Pc","6246717622508","690","1"
"12653","Pc","6290362343967","690","1"
"12653","Pc","6290362343639","690","1"
"12653","Pc","6290362343714","690","1"
"234","POUCH","8961014264807","285","1"
"21495","Box","8961103065520","100","1"
"21496","Box","8961103065513","100","1"
"21497","box","8961103065506","100","1"
"21498","Box","214981","120","1"
"21499","Pc","3829176401520","40","1"
"21500","Pc","7622202205743","780","1"
"12696","Pc","7622202205361","990","1"
"14331","Pc","7622202229619","1130","1"
"21501","Pc","8964000241349","70","1"
"10232","Box","6971282340037","1740","1"
"10227","Box","6971282341133","430","1"
"21502","Pc","6949354800581","140","1"
"21503","Pc","215031","1690","1"
"21504","Pc","215041","1040","1"
"21505","Box","215051","2150","1"
"14202","Pc","8025337346906","1160","1"
"20333","CRATE","","870","6"
"1149","Pc","735745952597","340","1"
"10531","Pc","8964002137213","730","1"
"17698","Pc","176982","360","1"
"21506","Pc","7962383622503","150","1"
"21507","Pc","8886950058016","170","1"
"21508","Pc","8886950058009","170","1"
"21509","Pc","215091","500","1"
"21510","Pc","215101","550","1"
"21511","Pc","215111","340","1"
"21512","Pc","8964003199821","200","1"
"2901","Pc","8964003820206","460","1"
"21513","Box","769503784403","240","1"
"18318","Box","5214001596119","2900","10"
"2944","BOTTLE","8850007816652","690","1"
"16177","Pc","8720181343490","1415","1"
"10191","BOTTLE","8850135576145","390","1"
"379","Pc","8964004257001","485","1"
"21514","Pc","89601938","220","1"
"7809","Pc","8961014264531","510","1"
"1211","Pc","8961014264579","99","1"
"10651","POUCH","8961014264760","10","1"
"20616","Pc","8961014263633","970","1"
"661","SACHET","8961008235066","48","1"
"21515","Pc","620514012452","280","1"
"21516","Pc","620514000305","135","1"
"143","Pkt","8961103601063","250","1"
"21519","Pc","5859267539991","70","1"
"21518","Box","745760170548","230","24"
"21517","Box","745760170531","230","24"
"21520","POUCH","735745839119","70","1"
"21520","POUCH","735745839126","70","1"
"21520","POUCH","735745839133","70","1"
"21520","POUCH","735745839102","70","1"
"21521","JAR","9338500000239","570","1"
"21522","Pc","9238500032127","70","1"
"21522","Pc","9238500032110","70","1"
"21522","Pc","9238500032134","70","1"
"21522","Pc","9238500032103","70","1"
"19250","SACHET","8961014265385","10","1"
"12837","Pkt","8964003062972","580","1"
"15591","Pkt","8964003062989","300","1"
"12270","Pc","8006540853795","1470","1"
"14716","Pc","8901088000451","1130","1"
"21523","pv","3574661499666","1390","1"
"21524","Pc","3574661499321","1390","1"
"21525","Pc","3574661336404","1390","1"
"13352","Pc","745604690652","200","1"
"9726","Pc","8999999539375","340","1"
"4333","Pc","8901248451253","490","1"
"12643","POUCH","5000159561662","370","1"
"15840","Box","7622202318221","1160","24"
"15840","Pc","7622202318238","50","1"
"21526","Pc","8886950031033","175","1"
"197","Pc","8886950051505","70","1"
"20034","BOTTLE","7869288888008","180","1"
"20034","BOTTLE","7869288888010","180","1"
"19068","Pkt","190682","330","1"
"21527","Pkt","215271","190","1"
"8307","Box","8964003592356","230","1"
"12","Pkt","8961103600219","200","1"
"503","Pc","7791293050638","770","1"
"10194","TIN","8720039760301","520","1"
"21528","Pc","6223007533911","480","1"
"13143","BOTTLE","131432","565","1"
"1792","Pc","745604690553","40","1"
"21529","Pc","745604690607","40","1"
"21530","Pc","745604690591","40","1"
"21244","Pc","89601969","220","1"
"21531","Pc","8965310055008","100","1"
"20023","p c","8964004257056","340","1"
"1032","Pc","8964004257018","370","1"
"1744","Pkt","4987176024060","4170","1"
"21532","Pc","89601846","250","1"
"12653","Pc","6291108738931","690","1"
"21073","Pc","6290361620083","850","1"
"21533","Pkt","8964001026600","190","1"
"21534","Box","8961103067524","290","1"
"21535","Box","8961103067548","240","1"
"21536","Pc","8961102860348","80","1"
"21537","Pc","8961006020077","50","1"
"21538","Pc","8964000506639","780","1"
"10190","BOTTLE","6261422502587","430","1"
"10190","BOTTLE","6261422502341","430","1"
"10190","BOTTLE","6261422502525","430","1"
"21539","Pc","8964003508838","50","1"
"21540","Pc","8964000572504","200","1"
"21541","Pc","8964000572764","220","1"
"21542","Pc","8964000572481","220","1"
"21543","Pc","8964000572221","220","1"
"21544","Pc","8964002346684","100","1"
"21545","Box","8961103502926","295","1"
"21546","Box","8961103502537","390","1"
"21547","Box","8961103501950","390","1"
"21548","Box","8961103501974","390","1"
"21549","Box","8961103501998","390","1"
"21550","Box","8961103502780","390","1"
"19384","Box","8964003592318","275","1"
"21551","Pc","215511","550","1"
"11811","Pc","6294016149387","2900","1"
"21552","Pc","5038483682821","500","1"
"21553","Pc","8964001199267","140","1"
"20724","Pc","6970895718943","320","1"
"20734","Pc","6972998060721","320","1"
"12083","Pc","8710908748806","880","1"
"21261","Pc","8717163762202","1340","1"
"21261","Pc","8717163762233","1340","1"
"21261","Pc","8717163762226","1340","1"
"8695","Pc","3571700297030","670","1"
"8695","Pc","3571700291861","670","1"
"21570","Pc","5054563070951","980","1"
"21571","Pc","5054563110435","980","1"
"21572","Pc","5054563084521","980","1"
"8152","25kg","","5850","25"
"21573","Pc","6973905861868","220","1"
"21574","Pc","215741","290","1"
"21575","Pc","215751","560","1"
"21576","CTN","8964001042006","2300","5"
"21576","POUCH","8964001042136","460","1"
"21577","BOTTLE","8964001042037","2600","1"
"21578","Pc","8964000241486","70","1"
"10657","TIN","8427030008363","3400","1"
"21581","Pc","8961014264227","440","1"
"21580","Pc","8961014263336","440","1"
"21579","Pc","8961014264180","820","1"
"21554","POUCH","8965310054872","50","1"
"21582","POUCH","8961101373597","190","1"
"21583","POUCH","8961101373580","190","1"
"21584","POUCH","8961101373566","190","1"
"21585","POUCH","8961101373603","190","1"
"21586","Box","8961101373573","190","1"
"21587","Pc","8964003812164","200","1"
"21588","Pc","8964003813390","50","1"
"21589","Box","8961102503726","170","1"
"21590","Pc","8961008235561","1120","1"
"21591","Pc","8964000263747","50","1"
"21592","Pc","8964000263822","50","1"
"21593","Pc","8964000263846","50","1"
"21594","Pc","8964000263785","50","1"
"21595","Pc","8964000770009","650","1"
"21596","Pc","8964003774134","1850","1"
"21597","Pc","8964003774257","1850","1"
"21598","Pc","8964003774080","1850","1"
"21599","Pc","8964003774233","1850","1"
"21600","Pc","8964003774554","1950","1"
"21601","Pc","8964003774561","1950","1"
"21602","Pc","8964003774585","1950","1"
"21603","Pc","8964003774592","1950","1"
"657","Pc","3061375781038","950","1"
"926","Pc","3061375781052","950","1"
"1336","Pc","3061375781205","950","1"
"2072","Pc","3061375781069","950","1"
"20336","BOTTLE","8964001179672","50","1"
"21554","POUCH","8965310054865","50","1"
"21555","Pc","8801073411432","1850","1"
"20526","CRATE","","820","4"
"21556","POUCH","8964003199302","140","1"
"21557","Pc","215571","490","1"
"13391","Pc","8964004257308","320","1"
"13568","Pc","8964004257223","320","1"
"10227","Box","6971282340525","430","1"
"12696","Pc","7622202278105","990","1"
"20234","Pc","614514771150","1750","1"
"21558","Pc","215581","390","1"
"21559","Pc","215591","3550","1"
"19182","BOTTLE","1860200302385","120","1"
"925","Pc","3061375781045","950","1"
"21560","Pc","4801010525103","670","1"
"875","JAR","5022496103046","730","1"
"21561","JAR","6291069207415","730","1"
"21562","JAR","6291069760439","730","1"
"21563","JAR","6291069760446","730","1"
"21564","Pc","8961014265217","150","1"
"21565","BUNDLE","8961014264883","430","1"
"21427","Pc","8961014264197","820","1"
"87","Pkt","872","145","1"
"19998","Pc","8964002481897","90","1"
"21566","BUNDLE","8961101234140","425","1"
"21567","JAR","8961103503039","240","1"
"21568","TIN","199628039704","6770","1"
"2167","POUCH","8961008218922","2450","1"
"21569","Pc","50312610","395","1"
"21604","Pc","8964000192696","240","1"
"15557","SACHET","8961008235585","30","1"
"21605","Pc","216051","550","1"
"21606","POUCH","8964000192481","245","1"
"9668","Pc","8006540424186","1290","1"
"21607","Box","216071","1280","1"
"21608","Box","216081","840","1"
"9265","Pkt","620514020747","340","1"
"21609","Pkt","620514015163","280","1"
"21610","Pkt","788821016461","137","1"
"1035","Pkt","8961008238036","2650","1"
"4484","Pkt","8961008238012","2350","1"
"1262","POUCH","8961014264838","1610","1"
"900","Pc","8961014263732","70","1"
"3542","Pc","8961014265507","50","1"
"15793","POUCH","8961014034806","140","1"
"21612","JAR","8964003576851","590","1"
"21611","JAR","8964003576875","630","1"
"21613","Pump","8961014264463","1430","1"
"21614","Pump","8961014264500","1425","1"
"21615","Pc","89003978","660","1"
"21616","Pc","216161","110","1"
"21617","Box","769503785486","230","1"
"21618","Pc","3570007746036","140","1"
"21619","Pc","3572277223002","250","1"
"195","Pc","8886950051499","220","1"
"200","Pc","8886950052274","210","1"
"21636","Pc","216361","520","1"
"21637","PATTA","216371","220","1"
"21638","PATTA","216381","220","1"
"21639","Pc","216391","245","1"
"21640","Pc","216401","310","1"
"21641","Box","216411","4970","1"
"21642","Pc","216421","320","1"
"21643","Pc","216431","350","1"
"1152","BOTTLE","8901030937187","880","1"
"21644","Pc","8851123350044","780","1"
"21645","Pc","8851123349802","780","1"
"20234","Pc","614514561751","1750","1"
"21646","Pc","8801073115088","550","1"
"15440","Pkt","8850477020528","620","1"
"21647","BUNDLE","8961101234126","425","1"
"21648","Pc","735745359266","220","1"
"21649","Pc","735745359273","220","1"
"21650","Pc","8964000263808","50","1"
"9859","Pkt","8992696419162","2700","60"
"12653","Pc","6290362345541","690","1"
"21651","Box","4800361000239","1430","1"
"1059","Pkt","8961103600073","380","1"
"14412","Pc","8719281111603","1280","1"
"14441","Pc","8719281111245","1280","1"
"15152","Pc","8719281112235","1280","1"
"21652","Pc","3248718522324","120","1"
"15102","Pc","717273600478","920","1"
"21653","Pc","8851123711517","940","1"
"20410","Pc","4005900908100","1220","1"
"20410","Pc","4005900908049","1220","1"
"20410","Pc","4005900907899","1220","1"
"9788","BOTTLE","5059001011824","1180","1"
"9788","BOTTLE","5900627055184","1180","1"
"21533","CTN","","3330","18"
"21654","Pc","6253341429489","250","1"
"21655","Pc","8964004257032","590","1"
"21656","Pc","8964004257049","490","1"
"21657","Pc","8025337347064","1160","1"
"18609","Box","5214001596140","2450","10"
"21658","Box","8966000063716","1110","1"
"21659","Pkt","216591","80","1"
"21660","Pc","788821150134","137","1"
"1248","Pkt","8964003083632","2350","1"
"21661","Pc","079400469267","1470","1"
"21662","Pc","079400479907","1470","1"
"21663","Pc","079400266545","1470","1"
"21664","Pc","079400479150","1470","1"
"21172","Pc","211722","680","1"
"21665","Pc","216651","160","1"
"21626","CRATE","","900","12"
"21627","CRATE","","900","24"
"21666","BOTTLE","42117131","80","1"
"21666","CRATE","","900","12"
"21667","BOTTLE","40822099","80","1"
"21667","CRATE","","900","12"
"21668","Pc","8961103502674","30","1"
"21243","Pc","89601976","190","1"
"21243","Pc","89601921","190","1"
"21669","Pc","8961014034646","90","1"
"21670","JAR","8961103500656","240","1"
"10942","SACHET","8961008237343","50","1"
"226","POUCH","8961008237367","540","1"
"225","POUCH","8961008238050","1150","1"
"21671","Pc","8964003820237","630","1"
"21672","Pc","8964000192047","440","1"
"21673","Box","8961103503169","235","1"
"21674","Pc","8700216842242","460","1"
"21675","Pc","8700216842273","780","1"
"18903","Pc","8964004257117","350","1"
"21676","Pc","2023072428006","50","1"
"21676","Pc","216762","50","1"
"21677","BUNDLE","8961100023417","460","1"
"21678","BUNDLE","8961100023424","460","1"
"21679","BUNDLE","8961100023394","460","1"
"21680","BUNDLE","8961100023431","460","1"
"21681","BUNDLE","8961100023400","460","1"
"14140","POUCH","5000159557528","2250","1"
"21084","BOTTLE","3179730011857","470","1"
"7375","Pc","4005808816019","990","1"
"21682","Pc","3600541729711","1950","1"
"1462","Pc","8961008223780","250","1"
"21683","Pc","620514020228","360","1"
"21684","Pc","620514020235","440","1"
"21685","Pc","620514020259","365","1"
"2444","Pkt","8961103601124","250","1"
"21688","Pc","8964000736371","390","1"
"21689","Pc","6533411432732","210","1"
"21690","Bag","8961100093106","1940","1"
"11091","Pc","6954842275970","160","1"
"21691","Pkt","6931428280016","540","1"
"17272","Pc","6972919086571","130","1"
"20748","Pc","6928158580097","330","1"
"3588","Box","0769503781396","170","1"
"21692","Pc","8964000065051","1160","1"
"17945","POUCH","8964002958214","100","1"
"21693","POUCH","8964002958009","200","1"
"21694","POUCH","8964002958047","130","1"
"21695","Pc","796554817385","110","1"
"21696","Pc","796554817477","110","1"
"538","POUCH","8961103600103","1750","1"
"21490","Box","8964003592042","235","1"
"21697","POUCH","8886950018140","445","1"
"21698","POUCH","8886950018157","445","1"
"21699","BOTTLE","8886950018010","530","1"
"21700","TIN","7297359008839","960","1"
"21700","TIN","7297359006743","960","1"
"21700","TIN","7297359005319","960","1"
"21700","TIN","7297359009584","960","1"
"10206","Box","6970895718967","320","1"
"21701","Pc","8964004180019","100","1"
"21701","Pc","217012","100","1"
"21702","Pc","217021","60","1"
"21703","Pc","217031","100","1"
"20155","Pc","3600524051044","3970","1"
"21705","Pkt","8850163100206","1850","1"
"21704","Pkt","8850163100107","1850","1"
"2071","BOTTLE","3574661743202","780","1"
"9719","Pc","8851932399883","925","1"
"21706","Pc","8851932399456","925","1"
"9787","Box","5059001012142","2580","1"
"9787","Box","5059001012203","2580","1"
"8966","Box","8961103600844","490","1"
"21726","Box","8961103503282","295","1"
"215","POUCH","8886950015262","520","1"
"642","Pc","8961008223698","250","1"
"21591","CTN","","1100","24"
"21592","CTN","","1100","24"
"21593","CTN","","1100","24"
"21594","CTN","","1100","24"
"21650","CTN","","1100","24"
"19114","Pkt","8964003916428","950","1"
"21727","Pc","620514001708","300","1"
"21728","POUCH","620514019970","100","1"
"9652","Pc","5012254059777","890","1"
"16665","Pc","8710908812576","890","1"
"10709","BOTTLE","8964001118145","420","1"
"18","Pkt","5063305007230","400","1"
"21729","TIN","8961100503636","2050","1"
"21730","TIN","8961100503643","3380","1"
"7623","Pc","8961008221922","60","1"
"21731","Box","8961003563270","235","1"
"21732","Box","8961003569654","235","1"
"11812","Pc","3610340672088","2900","1"
"8308","Box","8964003593087","230","1"
"8504","Box","8964003593124","230","1"
"8307","Box","8964003593100","230","1"
"7697","Pc","788364955128","50","1"
"21733","Pc","3687330952789","190","1"
"19145","JAR","8807502375955","1590","1"
"1968","Pc","6295120005156","280","1"
"899","Pc","8961014263749","70","1"
"15377","Pc","8961014257489","180","1"
"21734","POUCH","8961014266528","590","1"
"21735","POUCH","8961014266511","295","1"
"21736","Pc","217361","530","1"
"21737","Pc","217371","460","1"
"21738","Pc","217381","410","1"
"21739","Pc","217391","410","1"
"21740","Pc","6970559485303","410","1"
"11091","Pc","8808158528337","160","1"
"10651","POUCH","8961014265491","10","1"
"21669","Pc","8961014034950","90","1"
"804","POUCH","8961014265323","199","1"
"898","Pc","8961014264647","125","1"
"21772","Pc","5060593000165","430","1"
"21773","Pc","5060593000103","430","1"
"21774","Pc","5060593000196","430","1"
"21775","Pc","5060593000110","430","1"
"21776","Pc","5060593000141","430","1"
"21777","Pc","5060593000172","430","1"
"21778","Pump","5060593000431","1140","1"
"21780","Pc","5060593000516","720","1"
"21779","Pc","5060593000554","720","1"
"21781","Pc","5060593000530","720","1"
"21786","Pc","5060593000547","720","1"
"21787","Pc","5060593000158","430","1"
"21782","Pc","5060593000226","430","1"
"21783","Pc","5060593000233","430","1"
"21784","Pc","5060593000202","430","1"
"21785","Pc","5060593000219","430","1"
"21788","POUCH","7702018467266","2570","1"
"21789","POUCH","7702018466979","1880","1"
"1805","ROLL","18052","600","12"
"10421","Pc","8964000115060","110","1"
"21790","Box","8964000884386","380","1"
"21791","POUCH","8961008236957","720","1"
"21792","Box","6224007974995","450","1"
"21793","Box","8964003592646","350","1"
"8741","POUCH","8886950096285","200","1"
"21795","Pc","8964002345700","30","1"
"21796","Pc","8964002345687","20","1"
"21797","Pc","8964002345694","20","1"
"10824","Pc","8286975430789","540","1"
"20980","Bag","8850477000865","1140","1"
"21798","BOTTLE","8961005010024","390","1"
"21686","Pc","620514020273","390","1"
"21687","Pc","620514020242","410","1"
"722","Pkt","8961103601094","250","1"
"21707","POUCH","8851123348119","720","1"
"21708","TIN","8411356780355","11200","1"
"21709","Pc","4902470171036","190","1"
"21710","Pc","620514020020","145","1"
"15592","Pkt","8964003062996","580","1"
"21711","Pc","6253341429519","250","1"
"21712","Pc","6518932679828","120","1"
"21713","SACHET","8961008237336","40","1"
"92","Pkt","620514020730","340","1"
"18516","Pc","8964003508333","190","1"
"1474","POUCH","7622202333972","145","1"
"6632","Box","7622202318870","9900","24"
"6632","Pc","7622202318887","430","1"
"12653","Pc","6290360597966","690","1"
"15440","Pkt","8850477018617","620","1"
"21714","Pc","8961014264906","245","1"
"7764","Pc","8961014034912","30","1"
"1263","POUCH","8961014264845","2430","1"
"232","POUCH","8961014264821","1100","1"
"9138","SACHET","8961014264777","20","1"
"234","POUCH","8961014265514","285","1"
"21715","Pc","6931428210082","295","1"
"21716","Pc","8886467237140","360","1"
"21716","Pc","8886467137143","360","1"
"21717","Pc","8691111273562","290","1"
"21717","Pc","8691118962223","290","1"
"21718","Pc","6291107677330","730","1"
"21718","Pc","6291107677316","730","1"
"21718","Pc","6291107677354","730","1"
"21718","Pc","6291107677309","730","1"
"21719","Pc","8711600804357","360","1"
"21719","Pc","8712561538077","360","1"
"17301","Box","8961103502223","295","1"
"3567","Pc","8964004257124","460","1"
"21243","Pc","89602010","190","1"
"21799","Pc","9311931082036","680","1"
"21801","Pc","218011","295","1"
"21800","Pc","6976374680435","230","1"
"9202","Box","8964003593018","310","1"
"21802","Box","8964003592967","355","1"
"21803","Pc","6974443390216","220","1"
"21804","Pc","6974443391145","320","1"
"21804","Pc","218042","320","1"
"21805","Pc","6974443391152","310","1"
"20732","Pc","6971538758968","320","1"
"21806","Pc","6975896429911","140","1"
"21807","Pc","6975896429768","140","1"
"21807","Pc","218072","140","1"
"21806","Pc","218062","140","1"
"15255","Pc","6927262805812","70","1"
"19543","JAR","8681857033100","970","1"
"19543","JAR","8681857033407","970","1"
"21808","Pc","8851123710084","1430","1"
"21809","Pc","8886467048258","1430","1"
"21810","Pc","8886467048234","1430","1"
"14403","Pc","8719281111894","1280","1"
"14422","Pc","8719281112136","1280","1"
"14430","Pc","8719281111696","1280","1"
"21811","Pc","8964002936045","140","1"
"19091","SACHET","8963007860690","70","1"
"21812","Pc","8964002936021","140","1"
"14244","Pc","8025337347293","1160","1"
"21815","Pc","620514013190","50","1"
"21814","BOTTLE","620514001678","1120","1"
"21813","BOTTLE","620514013336","1120","1"
"21816","Pc","620514000695","290","1"
"21817","Pc","5410076981090","1820","1"
"21818","Pc","5000174500097","1820","1"
"21819","Pc","735816769017","1330","1"
"17259","250g","172594","100","0.25"
"21820","Pc","5060593000011","415","1"
"21821","Pc","5060593000035","415","1"
"21822","Pc","5060593000028","415","1"
"21823","Pc","5060593000042","415","1"
"21824","Box","8961101789251","235","1"
"13397","Pc","6518931929467","120","1"
"13397","Pc","6518931928378","120","1"
"21825","Pc","3610340674976","880","1"
"19438","Pc","972603720019","190","1"
"21826","Pkt","8964003018399","190","1"
"21827","Pkt","8964003018412","190","1"
"21828","Pc","620514017129","145","1"
"21829","JAR","8961103502711","240","1"
"144","Pkt","5063305006738","360","1"
"21830","Pc","788364955111","80","1"
"12036","Pc","8720689012058","4080","1"
"12036","Pc","8720689012041","4080","1"
"12036","Pc","8720689012027","4080","1"
"2757","Pc","27572","460","1"
"16490","Pc","6928568900515","270","1"
"21831","Pc","218311","190","1"
"10998","POUCH","8961014264814","530","1"
"21832","SACHET","8961014034288","30","1"
"21833","Pc","218331","260","1"
"21834","Pc","8964003576790","640","1"
"21835","Pc","8964003576783","640","1"
"21836","Can","8964000006504","9100","1"
"21837","Pkt","8851123345880","2180","1"
"21838","Pc","4892018009702","190","1"
"4027","Pkt","8961008237671","740","1"
"21840","Pc","218401","590","1"
"21841","Pc","218411","660","1"
"380","Pc","8964004257087","390","1"
"821","Pc","8964004257070","290","1"
"9841","BOTTLE","8991111153278","1150","1"
"9841","BOTTLE","8991111153056","1150","1"
"21842","Pc","5038483739020","500","1"
"21844","Pc","6001106226602","500","1"
"21843","Pc","5052197003789","500","1"
"1098","Pc","8853976000176","170","1"
"3324","Pc","8901030871269","320","1"
"13725","Pc","8964002647729","490","1"
"13725","Pc","8964002647767","490","1"
"13725","Pc","8964002647781","490","1"
"13725","Pc","8964002647743","490","1"
"13725","Pc","8964002647736","490","1"
"13725","Pc","8964002647750","490","1"
"21845","Pc","218451","820","1"
"21846","Pc","218461","820","1"
"9774","Pkt","9780251379629","190","1"
"21847","Pc","218471","740","1"
"21848","Pc","218481","830","1"
"850","Pkt","788821021946","118","1"
"21849","Pc","218491","340","1"
"21850","Pc","5205010499621","290","1"
"19115","Pkt","8964003916435","950","1"
"21851","Pc","218511","800","1"
"21852","Pc","0199628097742","1180","1"
"21853","Pc","6442160031816","620","1"
"21854","Pc","6442160032806","360","1"
"21855","Pc","8961100094530","640","1"
"21856","Box","745760170524","230","24"
"21857","POUCH","735745811085","100","1"
"21858","POUCH","735745811092","100","1"
"21859","POUCH","735745811146","100","1"
"22255","Pc","222551","1940","1"
"14142","POUCH","5000159558709","2250","1"
"20763","Pkt","8990800025339","295","1"
"20763","Pkt","8990800020341","295","1"
"21860","Pc","8003440991206","820","1"
"3423","Pkt","8961103600837","250","1"
"13725","Pc","8964002647712","490","1"
"16706","Pc","8000500423585","390","1"
"16706","Pc","8000500423608","390","1"
"21952","Pc","6281004761034","240","1"
"21953","Box","8886451012067","1480","1"
"21954","Pc","8961014266948","660","1"
"10197","Pc","6221134012965","270","1"
"21955","JAR","6988521322044","880","1"
"10202","Pc","073390055264","340","1"
"10202","Pc","073390055240","340","1"
"10202","Pc","073390055172","340","1"
"21956","POUCH","8008857300344","580","1"
"6984","Pc","8684254000164","580","1"
"6984","Pc","8684254000195","580","1"
"6984","Pc","8684254000171","580","1"
"6984","Pc","8684254000225","580","1"
"6984","Pc","8684254000201","580","1"
"21957","Pc","8961014257359","150","1"
"21958","Pkt","219581","380","1"
"21959","JAR","219591","90","1"
"21960","JAR","219601","90","1"
"21961","JAR","219611","90","1"
"21962","JAR","219621","90","1"
"21963","Pc","8964000812402","130","1"
"21964","Pc","8964000825846","130","1"
"10650","Pc","8961014266498","370","1"
"21579","Pc","8961014263343","820","1"
"21965","Pc","8961014263381","820","1"
"21966","BOTTLE","8961014267044","345","1"
"235","POUCH","8961014265316","199","1"
"18789","BOTTLE","8961014266047","365","1"
"18703","POUCH","8961014263473","500","1"
"7678","SACHET","8961008237350","270","1"
"13837","POUCH","8961008237381","1820","1"
"21967","Pc","8901030895487","450","1"
"21968","Pc","8999999570095","540","1"
"19998","Pc","8964002481989","90","1"
"17272","Pc","6972919086359","130","1"
"21741","Pc","6972919086038","120","1"
"19447","JAR","7891000071823","2950","1"
"9788","BOTTLE","5900627070286","1180","1"
"9788","BOTTLE","5999109544124","1180","1"
"16","POUCH","5063305011107","1680","1"
"22","Pkt","5063305009746","590","1"
"144","Pkt","5063305011084","360","1"
"11848","JAR","4061445366652","3350","1"
"21732","Box","8961003564390","235","1"
"22094","Pc","8964000826775","650","1"
"22095","Pc","8964000826768","650","1"
"22096","Pc","8964000826751","650","1"
"22097","Pc","8964000826683","650","1"
"13664","Pc","7693775872748","180","1"
"14906","Pkt","8961103601100","250","1"
"18122","Box","8961103503497","295","1"
"22098","Pc","8961103502605","100","1"
"22098","Box","8961103502612","590","6"
"22099","Pc","8964000982464","390","1"
"22100","Pc","788821016522","450","1"
"22106","Pkt","788821014955","380","1"
"22101","Pc","788821012814","360","1"
"22102","Pc","788821015099","450","1"
"22103","Pc","788821018083","430","1"
"22104","Pc","788821018076","430","1"
"22105","Pc","788821018069","430","1"
"5736","BOTTLE","8961014266108","660","1"
"22107","1kg","221071","220","1"
"22108","Pc","221081","150","1"
"20682","Pc","206822","870","1"
"20664","Pc","8712561888325","640","1"
"20663","Pc","206632","640","1"
"21720","Box","8961003514340","315","1"
"21721","Pc","5060593000004","415","1"
"17717","Pc","3610340672101","2900","1"
"19475","Pc","3610340672095","2900","1"
"21722","POUCH","8964000161357","500","1"
"21723","Pc","217231","480","1"
"21724","Pc","217241","380","1"
"21243","Pc","89601952","190","1"
"21725","POUCH","8964001154334","520","1"
"17200","Pc","8935001727392","190","1"
"20027","Pc","5010724528990","790","1"
"20833","CTN","725765615190","2800","5"
"7901","POUCH","8961008237374","1230","1"
"1204","TIN","4800361427401","2850","1"
"871","Pkt","8961103600080","190","1"
"21741","Pc","6972919086236","120","1"
"21742","Pc","8961102861628","780","1"
"21743","Pc","8961102861611","410","1"
"21744","Pc","8901030860102","890","1"
"21745","Pc","8901030860126","890","1"
"17329","Pc","8901030667190","890","1"
"9723","Pc","8901030866746","770","1"
"21746","Pc","7622210957375","980","1"
"21747","POUCH","8992741952590","760","1"
"21747","POUCH","8992741994088","760","1"
"21747","POUCH","8992741952583","760","1"
"216","POUCH","8886950015255","270","1"
"21749","BOTTLE","8964002344451","50","1"
"21748","BOTTLE","8964002344468","50","1"
"21750","Box","8964003592974","350","1"
"9723","Pc","8901030866784","770","1"
"21751","Pc","8851932354332","920","1"
"4326","Pc","735745952740","345","1"
"21752","Pc","217521","380","1"
"187","Pc","8961101231477","720","1"
"7766","Pkt","8961014030488","199","1"
"21753","Pc","217531","220","1"
"21755","Pc","217551","120","1"
"21754","Pc","217541","120","1"
"21756","Pc","8964002345755","30","1"
"21757","Pc","8964002345762","50","1"
"23","POUCH","5063305006752","1040","1"
"10241","Pc","102412","20","1"
"2931","Pc","4035773014745","520","1"
"18916","Box","8964003592936","230","1"
"21758","Pc","8961102505881","50","1"
"21759","BOTTLE","1860200311035","120","1"
"10203","Pc","8992741906494","80","1"
"10203","Pc","8992741904902","80","1"
"15787","Pkt","5010232967472","550","1"
"7857","Pump","3574669907736","1830","1"
"21760","Box","5052197003819","1560","1"
"21761","Pc","8961100099986","25","1"
"21762","Pc","8999999526597","515","1"
"21763","Pc","8999999526382","515","1"
"21764","Pc","8851123350068","1380","1"
"21765","Pc","217651","1550","1"
"21766","Pc","8964003916602","415","1"
"21767","Pc","8964003916596","415","1"
"21768","Pc","796554222028","190","1"
"20138","Pc","PM180537-150-999-M","720","1"
"21769","Pc","140418200999","690","1"
"21769","Pc","140419200999","690","1"
"21769","Pc","140423200999","690","1"
"21769","Pc","140430200999","690","1"
"21770","Box","217701","17000","1"
"21771","Pkt","36399949","170","1"
"8497","Pc","8966000017542","630","1"
"1005","Box","8964003593056","315","1"
"17071","Box","8964003593032","355","1"
"21861","Pkt","218611","290","1"
"21759","CRATE","","1300","12"
"249","JAR","8961014265569","390","1"
"15440","Pkt","8850477020535","620","1"
"15440","Pkt","8850477020511","620","1"
"21862","Pc","218621","100","1"
"6643","JAR","8961103067944","390","1"
"21863","Pc","8961103066084","50","1"
"21864","BOTTLE","817077993049","100","1"
"17956","POUCH","8964002619795","536","1"
"21865","JAR","8961014264302","2050","1"
"7765","Pc","8961014034929","30","1"
"7763","Pc","8961014034936","50","1"
"16780","Pkt","8961014034875","299","1"
"7766","Pkt","8961014034899","199","1"
"17691","Pc","8961014034196","25","1"
"20701","BOTTLE","8999999535360","890","1"
"21866","SACHET","6040562758258","15","1"
"21867","SACHET","6040562758289","15","1"
"21870","Pc","3610340674945","560","1"
"21869","Pc","3610340674938","930","1"
"21868","Pc","3610340674921","530","1"
"21244","Pc","89601983","220","1"
"8801","Pc","8961014257472","180","1"
"21871","Pc","218711","100","1"
"21871","Pc","kulfi","100","1"
"21872","Pc","218721","2920","1"
"18136","Pc","6941946154065","690","1"
"21873","Pc","4902705025219","1060","1"
"356","Pc","9556006294956","770","1"
"356","Pc","9556006294987","770","1"
"4028","Pkt","8961008237688","1480","1"
"7675","Box","8961008237725","2950","1"
"21874","Pc","6285835001413","490","1"
"21875","Pc","5904277113966","1740","1"
"21877","POUCH","8961101233549","650","1"
"21876","POUCH","8961101233556","650","1"
"21878","Pc","8980621754761","490","1"
"4648","Pc","62900516","100","1"
"623","Box","695240210519","70","1"
"309","POUCH","8964000007341","1770","1"
"1659","BOTTLE","6281006450158","510","1"
"1710","PATTA","695240210946","260","1"
"16655","CRATE","","620","12"
"9723","Pc","8901030866777","770","1"
"21879","Pc","5124565254205","50","1"
"2108","Pkt","8964003083465","2300","1"
"21880","POUCH","788821013118","1750","1"
"21881","BOTTLE","218811","750","1"
"21882","Pc","8546785436587","260","1"
"21883","SACHET","8964002856381","70","1"
"15121","BOTTLE","6003770030400","1260","1"
"14337","BOTTLE","6003770030394","1260","1"
"17468","BOTTLE","6003770030370","1260","1"
"17567","BOTTLE","6003770030387","1260","1"
"17568","BOTTLE","6003770030301","1260","1"
"20000","BOTTLE","6003770030332","1260","1"
"14335","BOTTLE","6003770030325","1260","1"
"21884","Pc","717273504967","1590","1"
"10130","Pc","7856400876423","270","1"
"9011","Box","5000219021785","8500","10"
"21882","Pc","218822","260","1"
"21885","Pc","717273502550","860","1"
"11715","POUCH","8997212800950","430","1"
"21887","POUCH","8990800025766","430","1"
"21888","POUCH","8990800024615","430","1"
"21886","POUCH","8990800004563","430","1"
"12183","Pc","7891000071786","1650","1"
"21889","Pc","8887290006217","1280","1"
"21890","Pc","8887290006088","2180","1"
"5777","Pc","80956655","280","1"
"5777","Pc","80956693","280","1"
"11091","Pc","6954842275871","160","1"
"11091","Pc","6954842275833","160","1"
"21891","Pc","5060969210587","340","1"
"13210","Pc","6975345701230","100","1"
"21892","Pc","8964000826805","650","1"
"5633","Pc","80916628","390","1"
"21895","Pc","218951","135","1"
"21896","Pc","218961","160","1"
"21897","Pc","218971","560","1"
"21898","Pc","218981","820","1"
"21899","Pc","218991","190","1"
"21900","Pc","219001","70","1"
"21901","Pc","219011","180","1"
"21902","Pc","219021","140","1"
"21903","Pc","219031","145","1"
"21904","Pc","219041","95","1"
"21905","Pc","219051","110","1"
"21906","Pc","219061","145","1"
"21907","Pc","219071","1170","1"
"21908","Pc","219081","1890","1"
"21909","Pc","219091","1690","1"
"21910","Pc","219101","1850","1"
"21911","Pc","219111","2050","1"
"21912","Pc","1531531754012","1480","1"
"7806","Pc","8961014266146","1130","1"
"10649","POUCH","8961014034905","199","1"
"21913","Pc","8964003508845","50","1"
"21914","BOTTLE","8964000103319","80","1"
"21245","Pc","89601945","250","1"
"21769","Pc","140428200999","690","1"
"21769","Pc","140424200999","690","1"
"21769","Pc","140425200999","690","1"
"21769","Pc","140421200999","690","1"
"18675","Pc","159889200999","690","1"
"18675","Pc","159851200999","690","1"
"10202","Pc","073390055257","340","1"
"19682","JAR","6988521322051","880","1"
"21915","Pc","8964003778798","1480","1"
"21916","Pc","8964003778750","1480","1"
"21917","Pc","8964003778743","1480","1"
"21918","Pc","8964003778781","1480","1"
"21919","Box","8961101787790","235","1"
"18","Pkt","8720608622931","400","1"
"21920","Pc","8964000061435","360","1"
"18635","Pkt","186352","60","1"
"10484","BOTTLE","8886950099538","395","1"
"203","Pc","8886950066622","170","1"
"21921","Pkt","8964003385385","220","1"
"21922","Pc","8961100091355","225","1"
"3445","Pc","34453","260","1"
"20576","Pc","8961014266153","1130","1"
"16927","Pc","8961014266757","940","1"
"17088","Pkt","8961014034981","150","1"
"18788","BOTTLE","8961014266092","660","1"
"21923","Pc","8964000045404","200","1"
"21924","Pc","8961102860102","200","1"
"21925","Pkt","36391431","460","1"
"3893","Pkt","8961008237640","1480","1"
"4486","Pkt","8961008237657","2950","1"
"7674","Pc","8961008237718","1480","1"
"20788","POUCH","8964000178140","100","1"
"21926","Pc","8964000068106","920","1"
"21927","Pc","858167000803","70","1"
"8236","POUCH","7622202323416","220","1"
"17969","Pc","7622201721060","220","1"
"19136","Box","6253341432045","200","1"
"21928","Box","6253341432076","250","1"
"381","Pc","8964004257063","390","1"
"11091","Pc","6972865710681","160","1"
"11091","Pc","8964003922566","160","1"
"11091","Pc","6954842275888","160","1"
"21929","Pc","8800253830490","320","1"
"21930","Pc","6297000201863","5300","1"
"676","Pc","8964000834213","440","1"
"21931","Pc","8992741907323","120","1"
"11125","Pc","4011100977952","300","1"
"11747","POUCH","6970910261195","360","1"
"10203","Pc","8992741906517","80","1"
"21932","Pc","8901030971273","620","1"
"21468","Pump","4891080620549","1580","1"
"9774","Pkt","152552155469","190","1"
"20210","Pc","077043003527","1480","1"
"18055","Pc","8850163100138","1650","1"
"21933","Pc","8964004358142","340","1"
"21934","Pc","6068357303353","440","1"
"5742","Pc","6291109270867","440","1"
"5742","Pc","6291109270904","440","1"
"16594","CRATE","","850","9"
"15552","Pc","2367342656448","230","1"
"21935","Pc","8964002345816","70","1"
"21936","Pc","8964002345809","50","1"
"21937","Pc","8964002345793","30","1"
"21938","Pc","5060593000288","415","1"
"21939","Pc","5060593000059","415","1"
"21524","Pc","3574661034805","1390","1"
"21940","JAR","8961100094004","480","1"
"1332","Pc","8961014266504","195","1"
"21290","Pc","8964003457143","370","1"
"21941","Pc","219411","895","1"
"21942","BOTTLE","655469093522","820","1"
"21943","BOTTLE","9780201379624","490","1"
"20339","CRATE","","1050","12"
"1096","Pc","8999999024772","460","1"
"1112","Pc","8999999533373","780","1"
"3545","Pc","8999999506506","1530","1"
"21944","Pc","4005808845330","910","1"
"8618","Pkt","8964004242618","970","1"
"21945","BOTTLE","792649205532","1090","1"
"12653","Pc","6290362345534","690","1"
"12653","Pc","6290362343592","690","1"
"15903","JAR","7891000914250","2640","1"
"19901","Pc","8991111101507","295","1"
"1112","Pc","8999999003043","780","1"
"1112","Pc","8999999024789","780","1"
"1112","Pc","8999999719418","780","1"
"21946","Pc","219461","1330","1"
"18346","POUCH","8961103500953","50","1"
"14434","Pc","8719281111207","1280","1"
"3060","Pc","8961014266849","530","1"
"4059","Pkt","8961008237633","740","1"
"21947","Pc","067990501429","1160","1"
"21948","Pc","067990503850","1160","1"
"11286","POUCH","8961103502971","50","1"
"21949","Pkt","8690536855100","495","1"
"21950","Box","8964000859919","115","1"
"114","Pkt","620514018744","280","1"
"427","Pkt","620514018775","280","1"
"21951","Pc","6297001034699","790","1"
"137","Pc","695240104993","100","1"
"21945","BOTTLE","792649205549","1090","1"
"21945","BOTTLE","792649205556","1090","1"
"21945","BOTTLE","792649205563","1090","1"
"21969","Pc","8901030860096","450","1"
"21970","Pc","8961103810137","230","1"
"21971","Pc","219711","220","1"
"21972","Pc","4878611125216","260","1"
"21973","Pc","4878611125209","260","1"
"21974","SACHET","219741","40","1"
"21975","Pc","5200701003316","385","1"
"21975","Pc","5200701003330","385","1"
"21976","Pkt","219761","260","1"
"21977","Pc","8964004257469","430","1"
"21995","Box","6291001001118","570","1"
"21994","Pc","6291001013111","295","1"
"21999","Pc","219991","520","1"
"22000","Pc","220001","320","1"
"22001","POUCH","8964003199722","240","1"
"22002","POUCH","8964003199715","250","1"
"22003","Box","8964000883358","490","1"
"22004","Box","8964000883365","670","1"
"17","Pkt","5063305006318","200","1"
"22005","Box","726529872460","790","1"
"22006","Box","726529872477","1180","1"
"22007","Box","726529872484","2350","1"
"22008","Box","726529872491","3530","1"
"11713","POUCH","8886950020020","305","1"
"10479","SACHET","8886950016009","50","1"
"214","POUCH","8886950019000","1035","1"
"8740","POUCH","8886950012506","50","1"
"9169","POUCH","8886950012520","195","1"
"9394","POUCH","8886950012551","770","1"
"10481","SACHET","8886950013930","10","1"
"10482","POUCH","8886950013992","225","1"
"5211","Bag","8886950016047","1135","1"
"22009","POUCH","8886950018300","445","1"
"8741","POUCH","8886950099514","200","1"
"553","BOTTLE","8886950099491","255","1"
"1117","Pc","8886950073774","240","1"
"1945","Pc","8886950073798","240","1"
"22010","POUCH","8886950037110","870","1"
"201","Pc","8886950052397","70","1"
"200","Pc","8886950052403","210","1"
"7762","Pc","8961014034943","50","1"
"1749","Box","8961103573941","235","1"
"2944","BOTTLE","8850007818038","690","1"
"21978","Pc","8964004257452","320","1"
"21244","Pc","89602027","220","1"
"21979","Pc","8961006090193","590","1"
"21980","Pc","8961100023202","170","1"
"21981","Pc","8961100023226","170","1"
"21982","Pc","8961100023189","170","1"
"21983","Pc","8961100022335","170","1"
"21984","Pc","041554264579","260","1"
"21984","Pc","041554264548","260","1"
"21984","Pc","041554586534","260","1"
"21984","Pc","041554264562","260","1"
"21984","Pc","041554586404","260","1"
"21984","Pc","041554264531","260","1"
"20850","Pc","4006000005126","760","1"
"20850","Pc","4005900983909","760","1"
"20850","Pc","4006000005270","760","1"
"20850","Pc","4006000005300","760","1"
"20850","Pc","4006000005348","760","1"
"9697","BOTTLE","4006000089935","1740","1"
"21985","Pc","8964002345724","30","1"
"21986","Pc","8964002345748","70","1"
"21987","Pc","8964002345731","50","1"
"1689","Box","8964003593414","315","1"
"21988","Pc","6518932111670","150","1"
"21989","Pc","219891","90","1"
"21990","Pkt","8690742100742","1550","1"
"21991","Pkt","8690742100940","1500","1"
"21992","Pkt","040962551738","130","1"
"21993","Pkt","040962551707","195","1"
"21408","POUCH","0073982207316","180","1"
"21997","BOTTLE","6291001013869","410","1"
"21998","BOTTLE","6291001013852","220","1"
"21996","Box","6291001001149","590","1"
"14930","PATTA","859581006853","530","1"
"22012","POUCH","8993560027230","290","1"
"14716","Pc","8901088747387","1130","1"
"8619","Pkt","8964004242625","1070","1"
"10202","Pc","073390055158","340","1"
"10202","Pc","073390055189","340","1"
"8620","Pkt","8964004242632","1170","1"
"15202","POUCH","3570016726432","290","1"
"20317","POUCH","3374014746436","580","1"
"22013","Pc","6068357302462","495","1"
"22014","Pkt","36391417","460","1"
"12","Pkt","8961103601834","200","1"
"7633","Pc","8886950072463","50","1"
"7632","Pc","8886950072494","80","1"
"199","Pc","8886950052373","300","1"
"22015","Box","7622202369254","1160","12"
"22015","Pc","7622202369261","100","1"
"15840","Box","7622202377242","1160","24"
"15840","Pc","7622202377259","50","1"
"22016","Box","7622202360664","1160","24"
"22016","Pc","7622202360671","50","1"
"22017","POUCH","220171","990","1"
"20138","Pc","6295199249574","720","1"
"9668","Pc","8001841858357","1290","1"
"9668","Pc","8001841283906","1290","1"
"9668","Pc","4084500490543","1290","1"
"21517","Pc","457601548835","10","1"
"21518","Pc","501047864858","10","1"
"21856","Pc","457601548699","10","1"
"22018","Box","8961103503084","295","1"
"1749","Box","8961003573941","235","1"
"16965","Pc","323452482317","320","1"
"21531","Box","8965310055244","490","5"
"21554","Box","8965310054926","490","10"
"21554","Box","8965310054933","490","10"
"15","Pkt","5063305006899","190","1"
"20","POUCH","5063305011039","1980","1"
"15440","Pkt","8850477018600","620","1"
"16693","Pc","6974184075083","130","1"
"3267","BOTTLE","8961014266719","240","1"
"16001","BOTTLE","8961014266740","550","1"
"22019","Pc","8961014266252","240","1"
"22020","Pc","8961014264715","480","1"
"1465","Pc","14654","1800","1"
"13210","Pc","6971034665845","100","1"
"8408","CTN","","1800","24"
"14086","Pc","8964004257162","240","1"
"615","Pc","587414745863","580","1"
"22021","POUCH","4014400910063","1090","1"
"22022","POUCH","4014400936162","1090","1"
"22023","Pc","0769503786216","50","1"
"5633","Pc","80924517","390","1"
"21855","Pc","8961104060203","640","1"
"20028","Pc","3574661087108","890","1"
"20028","Pc","3574661087290","890","1"
"22024","Pc","5060593000134","430","1"
"22025","Pc","5060593000592","720","1"
"430","Box","","4900","10"
"21073","Pc","6290361620090","850","1"
"19672","Box","726529872439","1420","1"
"20317","POUCH","3570201726438","580","1"
"9365","Pc","6446371910236","100","1"
"22026","BOTTLE","792649287019","200","1"
"22026","BOTTLE","792649287033","200","1"
"22026","BOTTLE","792649287071","200","1"
"22026","BOTTLE","792649287064","200","1"
"1045","Pc","587414745865","230","1"
"22027","Pc","220271","190","1"
"22028","Box","8964003593490","295","1"
"7673","Pc","8961008237701","740","1"
"22029","SACHET","620514020358","30","1"
"22030","Pc","6951420900026","180","1"
"22030","Pc","6951420900071","180","1"
"17272","Pc","6972919086557","130","1"
"10130","Pc","101305","270","1"
"1378","JAR","8961103601032","290","1"
"22031","Pc","220311","320","1"
"22032","Pc","220321","320","1"
"19671","Box","726529872446","2770","1"
"19670","Box","726529872453","4050","1"
"21613","Pump","8961014266702","1430","1"
"7797","BOTTLE","8961014266061","365","1"
"22033","BOTTLE","8961014267051","640","1"
"20912","Pc","0735816906108","360","1"
"22034","Pc","220341","470","1"
"22035","Pc","220351","470","1"
"22036","Pc","220361","470","1"
"22037","Pc","220371","470","1"
"22038","Pc","220381","320","1"
"22039","Pc","220391","470","1"
"22040","Pc","220401","470","1"
"10185","JAR","8935001727378","1800","50"
"10185","Pc","1018510","40","1"
"7831","POUCH","8700216686228","50","1"
"20192","CRATE","","2220","12"
"20138","Pc","300070","720","1"
"20138","Pc","pm300070","720","1"
"20138","Pc","6295199249604","720","1"
"20138","Pc","6295199249628","720","1"
"20138","Pc","PM180534-150-999-M","720","1"
"18793","POUCH","8964000241271","540","1"
"22041","Pump","8001673522396","1100","1"
"21547","Box","8961103502995","390","1"
"3545","Pc","8999999719401","1530","1"
"22042","Pc","788821022424","90","1"
"727","SACHET","8886950020044","10","1"
"216","POUCH","8886950017006","270","1"
"13457","POUCH","8886950020013","615","1"
"2435","POUCH","8886950020037","610","1"
"9393","POUCH","8886950020006","1610","1"
"22043","POUCH","8886950013923","430","1"
"1581","BOTTLE","8886950099552","280","1"
"1944","Pc","8886950073750","140","1"
"17465","Pc","8886950073811","425","1"
"198","Pc","8886950052328","380","1"
"9834","Pc","8886950052342","170","1"
"9317","Pc","8886950066653","150","1"
"2931","Pc","041840101106","520","1"
"22044","Pc","8964003813796","50","1"
"22045","JAR","8964000057995","2350","1"
"22046","Pc","8964000057346","330","1"
"22047","Pc","515000131437","80","1"
"17263","CTN","","2160","12"
"9232","Pc","8964002137220","680","1"
"22048","Pkt","8961006090131","640","1"
"670","Pkt","2358618849954","470","1"
"18423","Pc","8992741950206","160","1"
"18423","Pc","8992741950237","160","1"
"18423","Pc","8992741950244","160","1"
"18423","Pc","8992741950220","160","1"
"18423","Pc","8992741958790","160","1"
"22049","Bowl","8801073211506","590","1"
"22050","Bowl","8809418081265","520","1"
"22051","Bowl","8809418080565","520","1"
"22052","Bowl","8809418081586","520","1"
"22053","Bowl","8809418080749","520","1"
"22054","Pc","8964000770047","525","1"
"22055","Pc","8964000770054","1410","1"
"18346","POUCH","8961103502872","50","1"
"18","Pkt","5063305006325","400","1"
"23","POUCH","5063305011022","1040","1"
"22056","Pc","788364955173","20","1"
"22057","Pc","9556564098072","500","1"
"22057","Pc","9556564097785","500","1"
"22057","Pc","9556564098041","500","1"
"22058","Box","8961103503657","315","1"
"22059","Box","8961103069801","290","1"
"21534","Box","8961103069825","290","1"
"21494","Box","8961103069818","290","1"
"21084","BOTTLE","3179730010041","470","1"
"22060","POUCH","8964001644170","1100","1"
"22061","Pc","8966000036321","220","1"
"22062","Pc","8966000036307","220","1"
"22063","Pc","8966000036314","220","1"
"22064","Pkt","8964003921996","90","1"
"20138","Pc","6295199249598","720","1"
"20138","Pc","6295199249611","720","1"
"22065","Pc","5060593000561","720","1"
"22066","Pc","8961103503718","100","1"
"22066","Box","8961103503725","580","6"
"15521","Pkt","8964004242649","1270","1"
"18668","POUCH","8964000825877","280","1"
"11466","POUCH","8964000821367","370","1"
"22067","Pc","0614614357902","95","1"
"22068","Pc","0614614357285","95","1"
"22069","Pc","736211118462","15","1"
"16427","Pc","8999777888367","910","1"
"1279","POUCH","8961014265330","199","1"
"8635","Pc","8961014266139","1130","1"
"7106","Pc","8961101373955","500","1"
"9448","Pkt","8964004242595","770","1"
"22070","Pc","220701","660","1"
"17950","POUCH","8964003197353","140","1"
"902","Pkt","8964003592943","90","1"
"215","POUCH","8886950018003","520","1"
"219","POUCH","8886950014340","150","1"
"211","BOTTLE","8886950099484","165","1"
"10483","BOTTLE","8886950099583","445","1"
"1080","Pc","8886950073767","140","1"
"16034","Pc","8991111152073","350","1"
"13583","Pc","8886950076232","70","1"
"22071","SACHET","8886300007268","160","1"
"22072","Pc","8991380232162","1630","1"
"22073","Pkt","220731","100","1"
"11675","Box","7622202806117","470","24"
"11675","Pc","7622202806124","20","1"
"21622","Box","7622202377280","2300","24"
"21622","Pc","7622202377297","100","1"
"2215","Box","7622202805899","350","36"
"2215","Pc","7622202805905","10","1"
"22074","Pc","5060593000127","430","1"
"20036","Pc","8994452690525","430","1"
"20035","Pc","8994452690532","430","1"
"688","JAR","8961103601049","290","1"
"22075","Pc","8851932443234","1350","1"
"22076","Pc","8851932443210","1350","1"
"22077","Pc","8851932443227","1350","1"
"18909","Pkt","4987176226808","1530","1"
"22078","Pc","4005808196746","760","1"
"22079","Pc","4005808135059","760","1"
"22080","Pc","4005900326683","760","1"
"22081","Pc","4005900522023","760","1"
"20587","Pc","205872","390","1"
"16101","Pc","6221134013610","360","1"
"19403","Pc","7622210983381","1120","1"
"22082","Pc","8964000062975","440","1"
"22083","POUCH","8964000063712","295","1"
"20569","JAR","8964002493555","1500","100"
"1430","Pc","726529476828","350","1"
"22084","Pc","9783332142808","300","1"
"22085","Pc","6290201350019","2150","1"
"22086","Pc","6290201350071","1950","1"
"7105","Pc","8961101373931","370","1"
"8273","Box","726529872422","3440","1"
"16474","Pc","3610340672156","2900","1"
"22087","Box","8961102503191","175","1"
"22088","JAR","8961103503268","240","1"
"1047","Pkt","6932065901180","150","1"
"22089","Pc","220891","290","1"
"7050","Pc","6970570816056","620","1"
"12266","Pc","6977781740453","740","1"
"12267","Pc","6977373910233","560","1"
"12269","Pc","6977042848515","970","1"
"15426","Pc","6970586446094","790","1"
"17284","Pc","6970586446391","830","1"
"22090","Pc","220901","760","1"
"22090","Pc","6977373915832","760","1"
"22091","Pc","220911","940","1"
"22091","Pc","6977042848690","940","1"
"22092","Pc","220921","1060","1"
"22092","Pc","6977781740026","1060","1"
"22093","Pc","220931","960","1"
"22093","Pc","6980682923313","960","1"
"11091","Pc","6954842275819","160","1"
"11091","Pc","6954842275789","160","1"
"20663","Pc","8710908790027","640","1"
"20663","Pc","8718114627922","640","1"
"20664","Pc","206643","640","1"
"22109","Pc","8964004257438","385","1"
"22110","Pc","8964004257421","290","1"
"22111","Pc","788364955197","50","1"
"22111","Pc","788364955180","50","1"
"616","Pc","587414745864","390","1"
"22112","pc","221121","3900","1"
"587","JAR","8961103600677","1080","1"
"22113","Pc","8961104060586","465","1"
"22114","Pc","8961104060227","465","1"
"2214","Pump","8850007030768","1630","1"
"22116","Pkt","221161","130","1"
"22117","500g","221171","260","0.5"
"22118","TIN","","8400","1"
"668","Pkt","620514018737","145","1"
"81","Pkt","620514018768","145","1"
"22119","BOTTLE","5414145060181","1380","1"
"22119","BOTTLE","5414145062178","1380","1"
"22119","BOTTLE","5414145060518","1380","1"
"9763","Pc","4800888202147","940","1"
"9763","Pc","4800888221872","940","1"
"11848","JAR","4061445366676","3350","1"
"21377","Box","","1500","15"
"2706","Box","726529872408","1180","1"
"22120","Pc","8851123750028","640","1"
"22121","Pc","8851123740678","1120","1"
"22122","Pc","8851123705813","1120","1"
"22123","Pc","8851123703505","1120","1"
"22124","Pc","8851123740814","1120","1"
"15592","Pkt","8964003283438","580","1"
"2335","Pump","4005808232512","1820","1"
"22125","PATTA","8886467067655","720","1"
"22125","PATTA","8720181061714","720","1"
"22126","Pc","8851123703468","690","1"
"22127","Pc","8851123705776","690","1"
"3888","Pc","38882","220","1"
"8617","Pkt","8964004242601","820","1"
"22128","Pc","221281","95","1"
"213","POUCH","8886950012537","395","1"
"218","POUCH","8886950013961","50","1"
"209","Pc","8886950072432","30","1"
"7636","POUCH","8886950083261","160","1"
"13842","Pc","8886950076225","210","1"
"13843","Pc","8886950076256","125","1"
"22129","Pc","8886950051376","630","1"
"200","Pc","8886950052359","210","1"
"199","Pc","8886950052366","300","1"
"203","Pc","8886950066677","170","1"
"22132","BOTTLE","8961103500663","245","1"
"3277","Pc","8961104280168","240","1"
"2049","Pc","8961104280182","970","1"
"22030","Pc","6951420900064","180","1"
"20839","Pump","0735816944964","880","1"
"20840","Pump","0735816913854","880","1"
"22117","1kg","221172","520","1"
"22133","Pc","8964003096625","170","1"
"22134","Pc","8964003096618","260","1"
"2310","Pkt","6959023915508","250","1"
"4069","Pc","6959023905936","95","1"
"12369","Pc","6950652808216","215","1"
"10848","Pkt","6950652862218","1120","1"
"12361","Box","6976829647389","1130","1"
"20148","Pump","8961014265705","1280","1"
"242","Pump","8961014265699","1280","1"
"2929","Pc","8961014266689","510","1"
"7813","BOTTLE","8961014266696","860","1"
"244","BOTTLE","8961014265620","440","1"
"22135","Pc","8961014266481","680","1"
"22136","Pc","9647454198269","320","1"
"22137","Box","8961003512322","390","1"
"22138","Pc","8964003198084","520","1"
"22139","Pc","8961103502759","100","1"
"22139","Box","8961103502766","590","6"
"22140","ROLL","221401","120","1"
"22141","Pc","6910289451124","320","1"
"22141","Pc","221412","320","1"
"1194","Pc","8999999565084","430","1"
"12863","Box","6947370735313","580","1"
"1464","Pc","14644","1350","1"
"18052","Pc","8964004257315","320","1"
"22142","Pump","8851932355261","1640","1"
"13941","Pkt","6291109989868","1320","1"
"22143","Pc","8964000798522","120","1"
"22144","Pc","221441","600","1"
"1306","200G","13066","80","0.2"
"22145","PATTA","8886950076300","145","1"
"22146","PATTA","8886950076317","145","1"
"22147","POUCH","8886950076331","240","1"
"15440","Pkt","8850477013711","620","1"
"15440","Pkt","8850477018624","620","1"
"1474","POUCH","7622202369940","145","1"
"1096","Pc","4792081039418","460","1"
"1096","Pc","4792081039425","460","1"
"7375","Pc","4005900725394","990","1"
"7375","Pc","4005900967367","990","1"
"7375","Pc","4005808816033","990","1"
"7375","Pc","4005808837311","990","1"
"3484","Pc","6281006409620","1020","1"
"3485","Pc","6281006409644","1430","1"
"2707","Pc","6281006583825","430","1"
"22154","Pc","221541","390","1"
"188","Pc","8961104280137","240","1"
"13824","Pc","8682560993255","600","1"
"14674","Pkt","8961103601131","250","1"
"1430","Pc","726529475128","350","1"
"21","Pkt","5063305009760","1180","1"
"22155","Pc","8901207046940","670","1"
"22156","SACHET","6957944506942","120","1"
"1748","Pc","8964004257339","205","1"
"3048","Pc","8964004257230","205","1"
"1098","Pc","10989","170","1"
"22157","Pkt","620514006826","280","1"
"109","Pc","620514020778","60","1"
"22158","Pkt","788821020772","410","1"
"22159","Pkt","788821014368","510","1"
"22160","Pkt","788821017383","470","1"
"22161","Pkt","788821017376","390","1"
"22162","Pkt","788821022073","510","1"
"22163","Pc","8961014257366","245","1"
"938","BOTTLE","8961014265682","470","1"
"22164","Pc","8964004548055","550","1"
"22165","Pc","8964004548048","550","1"
"22166","Pc","8964004548062","500","1"
"22167","Pc","8964004548079","500","1"
"9202","Box","8964003593407","310","1"
"22168","Box","8964003591380","470","1"
"22169","Pc","5060453454015","380","1"
"22170","Pc","5060453458044","210","1"
"13137","Box","0769503783734","235","1"
"22171","Pc","5060453454145","410","1"
"22172","Pc","5060453454138","410","1"
"1663","Pc","4005900491879","660","1"
"8845","Pc","8908001158886","790","1"
"22173","Pkt","1358946467012","260","1"
"22174","Pkt","1358946468118","260","1"
"15319","Pc","3792978747502","340","1"
"14419","Pc","8719281112242","1280","1"
"14415","Pc","8719281112266","1280","1"
"22175","Pc","6068357302141","270","1"
"22176","Box","8964000770030","850","1"
"22177","BOTTLE","8989780214574","120","1"
"22177","BOTTLE","p6","120","1"
"14066","Pc","1112131415239","130","1"
"14066","Pc","140662","130","1"
"22178","Pc","5000386101310","2170","1"
"934","Pc","8964000835494","1120","1"
"11512","Pc","7308521672090","720","1"
"1968","Pc","8901396381501","280","1"
"1663","Pc","8904256018159","660","1"
"7822","Pc","676979100739","270","1"
"7822","Pc","676979100760","270","1"
"7822","Pc","676979204833","270","1"
"7822","Pc","676979204826","270","1"
"7822","Pc","676979102023","270","1"
"7822","Pc","676979100746","270","1"
"7822","Pc","676979100753","270","1"
"7822","Pc","676979102030","270","1"
"7822","Pc","676979100715","270","1"
"22179","POUCH","8964001276029","540","1"
"22180","POUCH","8964001276043","270","1"
"5759","JAR","8999777818579","595","1"
"851","Pkt","788821023407","135","1"
"1962","Pkt","788821023452","135","1"
"22181","pc1","3570041726438","160","1"
"22182","Pc","031477305206","350","1"
"22148","Pc","7622202360299","500","1"
"22148","Box","7622202360282","5800","12"
"2821","BOTTLE","3574669909211","620","1"
"22149","JAR","305212415049","1980","1"
"22150","Pc","8966000068438","220","1"
"22151","Pc","6009679062337","380","1"
"17","Pkt","5063305011015","200","1"
"8100","POUCH","5063305011091","840","1"
"22152","Pc","8961014266931","365","1"
"20974","Pkt","8964003283469","2280","1"
"22153","Pc","5060453458457","260","1"
"15724","Pc","157242","390","1"
"11848","JAR","4061445366690","3350","1"
"11040","Pc","40052441","320","1"
"14344","JAR","5410126476958","2180","1"
"8274","Box","726529872415","2320","1"
"4112","Pc","4005808198900","1070","1"
"2335","Pump","8999777000271","1820","1"
"2335","Pump","4005808668069","1820","1"
"996","Pkt","8964003083649","2350","1"
"22183","Pc","8901030989810","970","1"
"22184","Pc","0769503786223","50","1"
"22185","TIN","8411356775894","7340","1"
"21116","Pump","8886467020315","2470","1"
"21116","Pump","8886467020322","2470","1"
"21116","Pump","8886467020377","2470","1"
"21116","Pump","8886467020384","2470","1"
"21116","Pump","8886467020407","2470","1"
"19596","Pc","8886467039997","2920","1"
"22184","Pc","769503786223","50","1"
"22186","Pc","8964003591571","290","1"
"22187","Pc","8964003591588","290","1"
"22188","Pc","8964003590468","290","1"
"22190","Pc","8964003591519","590","1"
"22189","Pc","8964003591472","590","1"
"22191","Pc","8964003591496","590","1"
"22198","Pc","6971345068960","240","1"
"22199","Pc","6972919083105","190","1"
"7818","BOTTLE","8961014266078","660","1"
"8098","Pc","8961014266054","365","1"
"245","BOTTLE","8961014265675","470","1"
"883","BOTTLE","8961014265606","740","1"
"882","BOTTLE","8961014266986","440","1"
"16725","Pc","8961014263640","440","1"
"212","POUCH","8886950012544","565","1"
"1890","POUCH","8886950012575","395","1"
"15474","POUCH","8886950014357","225","1"
"18751","SACHET","8886950013985","99","1"
"22043","POUCH","8886950016016","430","1"
"21699","BOTTLE","8886950018331","530","1"
"9170","POUCH","8886950083254","80","1"
"1118","Pc","8886950083247","140","1"
"13841","Pc","8886950076201","75","1"
"13584","Pc","8886950076249","95","1"
"22201","Pc","8886950076294","80","1"
"22202","Pc","8886950057224","100","1"
"198","Pc","8886950052380","380","1"
"22203","Pc","222031","270","1"
"13222","POUCH","5000159376792","390","1"
"13222","POUCH","5000159376655","390","1"
"22204","Pc","8964002995387","100","1"
"3046","Pc","8964004257346","340","1"
"22205","Pc","8961008237848","450","1"
"12653","Pc","6290362343691","690","1"
"22206","Pc","8961100091218","150","1"
"18112","Pc","8961104280243","1850","1"
"3276","Pc","8961104280106","240","1"
"2050","Pc","8961104280120","960","1"
"3718","Pc","8961104280175","485","1"
"3418","Box","8961005027954","580","12"
"22207","Pc","222071","1480","1"
"22208","Pc","726529732467","425","1"
"22192","Pc","8964003590482","590","1"
"22193","Pc","8964003592448","590","1"
"22194","Pc","6297000713007","430","1"
"9698","Pkt","8886467062827","590","1"
"9698","Pkt","8886467062834","590","1"
"22195","Pc","8961102861345","840","1"
"22196","Pc","8961102861338","840","1"
"22197","Pc","8961102861529","840","1"
"13210","Pc","6916546511624","100","1"
"11091","Pc","6976577203684","160","1"
"11091","Pc","6954267162053","160","1"
"10211","Pc","6964686452635","125","1"
"11992","Pc","0792625892763","220","1"
"5174","Pc","888820200620","620","1"
"22209","Pc","6281006409545","670","1"
"11896","Pc","8412428017638","840","1"
"12653","Pc","6291106069327","690","1"
"22211","Pc","222111","1275","1"
"22212","Box","8964003820374","850","1"
"22213","Box","8961100310555","370","1"
"22214","Pc","3800020401248","490","1"
"14342","Pc","342410","390","1"
"22215","Pc","8990102000546","190","1"
"22216","Pump","8851123710619","1440","1"
"20410","Pc","42429791","1220","1"
"20410","Pc","42438663","1220","1"
"837","Pkt","788821023414","135","1"
"838","Pkt","788821023421","135","1"
"9355","Pkt","788821019813","215","1"
"22217","Pc","1020304050609","180","1"
"15252","Pc","8445290542281","490","1"
"8502","Box","8964002526260","310","1"
"22218","Box","8964003591298","304","16"
"22218","Pc","8964003591281","19","1"
"14252","Pc","8961008238173","170","1"
"14253","Pc","8961008238166","170","1"
"22219","Pc","8961008238180","170","1"
"22220","Pc","8964003591595","290","1"
"22221","POUCH","1358946339258","190","1"
"22222","JAR","8001125252529","720","1"
"10565","Pc","923387889108","290","1"
"1952","BOTTLE","745604691451","160","1"
"22223","Pc","8964002706181","195","1"
"22224","Pc","8961103503879","200","1"
"22224","Box","8961103503886","1150","6"
"22225","Pc","8961014265729","740","1"
"22226","Pc","8961014265736","440","1"
"4977","Pc","8961014268379","150","1"
"13005","Pc","8720689009676","3380","1"
"7822","Pc","676979100722","270","1"
"350","BOTTLE","8991111101330","840","1"
"9781","Pump","3574661835570","1980","1"
"21116","Pump","8886467020339","2470","1"
"12757","Pc","6295199795231","2320","1"
"12313","Pc","6290362344643","690","1"
"12313","Pc","6295199790168","690","1"
"12692","PATTA","6934567890115","100","1"
"22227","Pkt","222271","730","1"
"22228","Pkt","321325656667","730","1"
"2051","Pc","8961104280151","960","1"
"22229","Pc","8961103502629","100","1"
"22229","Box","8961103502636","580","6"
"22230","Pc","8964002664047","650","1"
"22231","Pc","8961100091379","275","1"
"22232","Pkt","8961006090148","890","1"
"20138","Pc","6295199249635","720","1"
"20138","Pc","300061","720","1"
"22233","Pc","222331","70","1"
"22234","Box","8961103503343","230","1"
"22235","JAR","222351","150","1"
"22236","JAR","222361","150","1"
"22237","JAR","222371","150","1"
"22238","JAR","222381","150","1"
"22239","JAR","222391","150","1"
"22240","JAR","222401","150","1"
"22241","JAR","222411","150","1"
"22242","JAR","222421","195","1"
"22243","JAR","222431","195","1"
"22244","JAR","222441","195","1"
"22245","JAR","222451","370","1"
"22246","JAR","222461","370","1"
"22247","JAR","222471","370","1"
"22248","JAR","222481","150","1"
"16678","BOTTLE","p1.5","80","1"
"16678","CRATE","","400","6"
"16679","BOTTLE","p500","50","1"
"16679","CRATE","","400","12"
"6662","Pc","8901248451147","880","1"
"22249","JAR","222491","90","1"
"22250","JAR","222501","100","1"
"22251","JAR","222511","100","1"
"22252","Pc","8964002664092","650","1"
"8608","Box","","5900","10"
"22253","Box","8964003018375","760","1"
"21750","Box","8964003594077","350","1"
"16034","Pc","8991111153094","350","1"
"9338","Pc","4005900934819","820","1"
"9338","Pc","4005900257055","820","1"
"18373","Pc","6291107675831","620","1"
"18373","Pc","6291107675893","620","1"
"18373","Pc","6291107675909","620","1"
"22256","Pc","735745814109","270","1"
"10202","Pc","070221013905","340","1"
"10202","Pc","070221013868","340","1"
"10057","Pc","614614357964","40","1"
"22257","Pc","4426423272637","195","1"
"4976","Pc","8961014268355","150","1"
"243","BOTTLE","8961014265583","740","1"
"7795","BOTTLE","8961014265576","440","1"
"7766","Pkt","8961014038156","199","1"
"20489","Pc","4891080614470","2900","1"
"20445","Pc","6290171075332","1380","1"
"22258","Pc","6972917082489","170","1"
"22259","Pc","5060969210952","350","1"
"22204","Box","8964002996858","2250","25"
"22260","Pc","222601","390","1"
"9392","SACHET","8886950015002","20","1"
"20149","POUCH","8886950014364","300","1"
"17266","Pc","8886950076270","115","1"
"17823","Pc","6920707500822","2340","1"
"2422","Pc","8964004446016","300","1"
"850","Pkt","788821024107","118","1"
"17155","Pc","4711146121455","570","1"
"21557","Pc","BS00004","490","1"
"21719","Pc","8720182263131","360","1"
"21719","Pc","8712561548953","360","1"
"21719","Pc","8717163607268","360","1"
"21719","Pc","8000700000005","360","1"
"4111","Pc","6972011063456","1880","1"
"22265","Box","8961104200197","190","1"
"22266","Pc","8961104200500","100","1"
"22266","Box","8961104200517","970","10"
"7822","Pc","676979100777","270","1"
"22256","Pc","735745814093","270","1"
"22256","Pc","735745814116","270","1"
"20307","Pc","300410106416","180","1"
"22267","Pc","5060969219368","195","1"
"22267","Pc","5060969219313","195","1"
"22268","Pc","4897066839493","195","1"
"22268","Pc","4897066839417","195","1"
"12169","POUCH","8853301012867","390","1"
"1961","Pkt","788821024114","175","1"
"17487","Pc","174872","190","1"
"22258","Pc","6972917082483","170","1"
"22261","Pc","03610340672187","920","1"
"22262","Pc","633152016737","125","1"
"857","POUCH","620514020785","70","1"
"22263","Pc","620514020792","145","1"
"22264","Pc","8999999609474","480","1"
"22264","Pc","8999999609467","480","1"
"9733","Pc","4711146100399","620","1"
"9733","Pc","4711146118493","620","1"
"9733","Pc","4711146222497","620","1"
"9733","Pc","4711146112491","620","1"
